Datetime,Close,High,Low,Open,Volume
2025-06-01 22:00:00+00:00,103.75390625,103.765625,103.74609375,103.7578125,0.0
2025-06-01 22:01:00+00:00,103.74609375,103.75390625,103.7421875,103.75,239.0
2025-06-01 22:02:00+00:00,103.75,103.75,103.74609375,103.75,86.0
2025-06-01 22:03:00+00:00,103.74609375,103.75,103.74609375,103.75,221.0
2025-06-01 22:05:00+00:00,103.7421875,103.74609375,103.7421875,103.74609375,107.0
2025-06-01 22:06:00+00:00,103.7421875,103.7421875,103.7421875,103.7421875,34.0
2025-06-01 22:07:00+00:00,103.73828125,103.7421875,103.73828125,103.73828125,807.0
2025-06-01 22:08:00+00:00,103.734375,103.7421875,103.734375,103.73828125,243.0
2025-06-01 22:10:00+00:00,103.734375,103.73828125,103.73046875,103.73046875,467.0
2025-06-01 22:11:00+00:00,103.734375,103.734375,103.734375,103.734375,73.0
2025-06-01 22:12:00+00:00,103.73828125,103.73828125,103.73828125,103.73828125,63.0
2025-06-01 22:13:00+00:00,103.73828125,103.73828125,103.73828125,103.73828125,241.0
2025-06-01 22:14:00+00:00,103.73828125,103.73828125,103.73828125,103.73828125,95.0
2025-06-01 22:16:00+00:00,103.73828125,103.73828125,103.73828125,103.73828125,159.0
2025-06-01 22:17:00+00:00,103.73828125,103.73828125,103.73828125,103.73828125,7.0
2025-06-01 22:19:00+00:00,103.7421875,103.7421875,103.7421875,103.7421875,80.0
2025-06-01 22:23:00+00:00,103.7421875,103.7421875,103.7421875,103.7421875,3.0
2025-06-01 22:25:00+00:00,103.7421875,103.7421875,103.7421875,103.7421875,2.0
2025-06-01 22:28:00+00:00,103.7421875,103.7421875,103.7421875,103.7421875,4.0
2025-06-01 22:29:00+00:00,103.73828125,103.73828125,103.73828125,103.73828125,187.0
2025-06-01 22:30:00+00:00,103.73828125,103.73828125,103.73828125,103.73828125,40.0
2025-06-01 22:34:00+00:00,103.73828125,103.73828125,103.73828125,103.73828125,37.0
2025-06-01 22:38:00+00:00,103.734375,103.73828125,103.734375,103.73828125,118.0
2025-06-01 22:39:00+00:00,103.73828125,103.73828125,103.73828125,103.73828125,36.0
2025-06-01 22:43:00+00:00,103.73828125,103.73828125,103.734375,103.73828125,69.0
2025-06-01 22:44:00+00:00,103.73828125,103.73828125,103.73828125,103.73828125,113.0
2025-06-01 22:45:00+00:00,103.734375,103.734375,103.734375,103.734375,57.0
2025-06-01 22:46:00+00:00,103.734375,103.734375,103.734375,103.734375,1.0
2025-06-01 22:50:00+00:00,103.73828125,103.73828125,103.73828125,103.73828125,79.0
2025-06-01 22:51:00+00:00,103.74609375,103.74609375,103.7421875,103.7421875,518.0
2025-06-01 22:57:00+00:00,103.74609375,103.74609375,103.74609375,103.74609375,186.0
2025-06-01 22:58:00+00:00,103.74609375,103.74609375,103.74609375,103.74609375,113.0
2025-06-01 23:00:00+00:00,103.74609375,103.74609375,103.74609375,103.74609375,35.0
2025-06-01 23:01:00+00:00,103.74609375,103.74609375,103.74609375,103.74609375,1.0
2025-06-01 23:02:00+00:00,103.75,103.75,103.74609375,103.74609375,281.0
2025-06-01 23:03:00+00:00,103.75,103.75,103.75,103.75,2.0
2025-06-01 23:07:00+00:00,103.75,103.75,103.75,103.75,3.0
2025-06-01 23:08:00+00:00,103.74609375,103.75,103.74609375,103.75,5.0
2025-06-01 23:09:00+00:00,103.75,103.75,103.75,103.75,92.0
2025-06-01 23:10:00+00:00,103.75,103.75,103.75,103.75,160.0
2025-06-01 23:13:00+00:00,103.74609375,103.74609375,103.74609375,103.74609375,141.0
2025-06-01 23:14:00+00:00,103.74609375,103.74609375,103.74609375,103.74609375,95.0
2025-06-01 23:15:00+00:00,103.74609375,103.74609375,103.74609375,103.74609375,41.0
2025-06-01 23:16:00+00:00,103.7421875,103.7421875,103.7421875,103.7421875,219.0
2025-06-01 23:20:00+00:00,103.7421875,103.7421875,103.7421875,103.7421875,206.0
2025-06-01 23:21:00+00:00,103.7421875,103.7421875,103.7421875,103.7421875,58.0
2025-06-01 23:30:00+00:00,103.73828125,103.73828125,103.73828125,103.73828125,80.0
2025-06-01 23:31:00+00:00,103.73828125,103.73828125,103.73828125,103.73828125,12.0
2025-06-01 23:36:00+00:00,103.73828125,103.73828125,103.73828125,103.73828125,1.0
2025-06-01 23:38:00+00:00,103.73828125,103.73828125,103.73828125,103.73828125,171.0
2025-06-01 23:39:00+00:00,103.73828125,103.73828125,103.73828125,103.73828125,59.0
2025-06-01 23:40:00+00:00,103.73828125,103.73828125,103.73828125,103.73828125,54.0
2025-06-01 23:41:00+00:00,103.734375,103.734375,103.734375,103.734375,388.0
2025-06-01 23:42:00+00:00,103.73046875,103.73046875,103.73046875,103.73046875,981.0
2025-06-01 23:43:00+00:00,103.73046875,103.73046875,103.73046875,103.73046875,1.0
2025-06-01 23:44:00+00:00,103.73046875,103.73046875,103.73046875,103.73046875,1081.0
2025-06-01 23:45:00+00:00,103.734375,103.734375,103.734375,103.734375,62.0
2025-06-01 23:48:00+00:00,103.734375,103.734375,103.734375,103.734375,80.0
2025-06-01 23:50:00+00:00,103.73046875,103.73046875,103.73046875,103.73046875,11.0
2025-06-01 23:51:00+00:00,103.73046875,103.73046875,103.73046875,103.73046875,74.0
2025-06-01 23:53:00+00:00,103.73046875,103.73046875,103.73046875,103.73046875,47.0
2025-06-01 23:56:00+00:00,103.734375,103.734375,103.734375,103.734375,319.0
2025-06-01 23:57:00+00:00,103.73046875,103.734375,103.73046875,103.734375,1490.0
2025-06-01 23:58:00+00:00,103.73046875,103.73046875,103.73046875,103.73046875,50.0
2025-06-02 00:01:00+00:00,103.734375,103.734375,103.734375,103.734375,208.0
2025-06-02 00:03:00+00:00,103.73828125,103.73828125,103.73828125,103.73828125,112.0
2025-06-02 00:04:00+00:00,103.73828125,103.73828125,103.734375,103.734375,113.0
2025-06-02 00:05:00+00:00,103.73828125,103.73828125,103.73828125,103.73828125,310.0
2025-06-02 00:07:00+00:00,103.734375,103.734375,103.734375,103.734375,23.0
2025-06-02 00:09:00+00:00,103.734375,103.734375,103.734375,103.734375,106.0
2025-06-02 00:12:00+00:00,103.73828125,103.73828125,103.73828125,103.73828125,333.0
2025-06-02 00:14:00+00:00,103.73828125,103.73828125,103.73828125,103.73828125,585.0
2025-06-02 00:15:00+00:00,103.734375,103.734375,103.734375,103.734375,146.0
2025-06-02 00:17:00+00:00,103.734375,103.734375,103.734375,103.734375,278.0
2025-06-02 00:18:00+00:00,103.73046875,103.734375,103.73046875,103.734375,32.0
2025-06-02 00:19:00+00:00,103.73046875,103.73046875,103.73046875,103.73046875,81.0
2025-06-02 00:20:00+00:00,103.734375,103.734375,103.73046875,103.73046875,187.0
2025-06-02 00:21:00+00:00,103.73046875,103.73046875,103.73046875,103.73046875,357.0
2025-06-02 00:22:00+00:00,103.73046875,103.73046875,103.73046875,103.73046875,15.0
2025-06-02 00:23:00+00:00,103.734375,103.734375,103.734375,103.734375,82.0
2025-06-02 00:27:00+00:00,103.73046875,103.73046875,103.73046875,103.73046875,125.0
2025-06-02 00:28:00+00:00,103.7265625,103.73046875,103.7265625,103.73046875,156.0
2025-06-02 00:29:00+00:00,103.7265625,103.7265625,103.7265625,103.7265625,38.0
2025-06-02 00:30:00+00:00,103.73046875,103.73046875,103.73046875,103.73046875,216.0
2025-06-02 00:32:00+00:00,103.73046875,103.73046875,103.73046875,103.73046875,150.0
2025-06-02 00:34:00+00:00,103.73046875,103.73046875,103.73046875,103.73046875,173.0
2025-06-02 00:35:00+00:00,103.73046875,103.73046875,103.73046875,103.73046875,19.0
2025-06-02 00:36:00+00:00,103.73828125,103.73828125,103.734375,103.734375,834.0
2025-06-02 00:38:00+00:00,103.73828125,103.73828125,103.73828125,103.73828125,50.0
2025-06-02 00:39:00+00:00,103.7421875,103.7421875,103.7421875,103.7421875,296.0
2025-06-02 00:40:00+00:00,103.7421875,103.7421875,103.7421875,103.7421875,508.0
2025-06-02 00:41:00+00:00,103.7421875,103.7421875,103.7421875,103.7421875,410.0
2025-06-02 00:42:00+00:00,103.73828125,103.73828125,103.73828125,103.73828125,76.0
2025-06-02 00:44:00+00:00,103.73828125,103.73828125,103.73828125,103.73828125,629.0
2025-06-02 00:45:00+00:00,103.734375,103.73828125,103.734375,103.73828125,105.0
2025-06-02 00:46:00+00:00,103.734375,103.734375,103.734375,103.734375,123.0
2025-06-02 00:47:00+00:00,103.73828125,103.73828125,103.73828125,103.73828125,179.0
2025-06-02 00:49:00+00:00,103.73828125,103.73828125,103.73828125,103.73828125,151.0
2025-06-02 00:50:00+00:00,103.73828125,103.73828125,103.73828125,103.73828125,25.0
2025-06-02 00:52:00+00:00,103.734375,103.734375,103.734375,103.734375,37.0
2025-06-02 00:53:00+00:00,103.734375,103.73828125,103.734375,103.734375,284.0
2025-06-02 00:55:00+00:00,103.73828125,103.73828125,103.73828125,103.73828125,3.0
2025-06-02 00:56:00+00:00,103.73828125,103.73828125,103.73828125,103.73828125,27.0
2025-06-02 00:57:00+00:00,103.7421875,103.7421875,103.73828125,103.73828125,111.0
2025-06-02 00:58:00+00:00,103.73828125,103.73828125,103.73828125,103.73828125,75.0
2025-06-02 00:59:00+00:00,103.734375,103.734375,103.734375,103.734375,26.0
2025-06-02 01:00:00+00:00,103.734375,103.734375,103.734375,103.734375,47.0
2025-06-02 01:01:00+00:00,103.734375,103.734375,103.734375,103.734375,152.0
2025-06-02 01:02:00+00:00,103.73046875,103.734375,103.73046875,103.734375,114.0
2025-06-02 01:03:00+00:00,103.73046875,103.73046875,103.73046875,103.73046875,120.0
2025-06-02 01:04:00+00:00,103.73046875,103.73046875,103.7265625,103.73046875,145.0
2025-06-02 01:05:00+00:00,103.73046875,103.73046875,103.73046875,103.73046875,115.0
2025-06-02 01:06:00+00:00,103.7265625,103.7265625,103.7265625,103.7265625,0.0
2025-06-02 01:10:00+00:00,103.73046875,103.73046875,103.7265625,103.73046875,20962.0
2025-06-02 01:12:00+00:00,103.73046875,103.73046875,103.73046875,103.73046875,184.0
2025-06-02 01:17:00+00:00,103.73046875,103.73046875,103.73046875,103.73046875,30.0
2025-06-02 01:18:00+00:00,103.73046875,103.73046875,103.73046875,103.73046875,142.0
2025-06-02 01:19:00+00:00,103.73046875,103.73046875,103.7265625,103.73046875,90.0
2025-06-02 01:20:00+00:00,103.73046875,103.73046875,103.73046875,103.73046875,42.0
2025-06-02 01:24:00+00:00,103.7265625,103.7265625,103.7265625,103.7265625,133.0
2025-06-02 01:25:00+00:00,103.7265625,103.73046875,103.7265625,103.73046875,193.0
2025-06-02 01:30:00+00:00,103.7265625,103.7265625,103.7265625,103.7265625,25.0
2025-06-02 01:32:00+00:00,103.7265625,103.73046875,103.7265625,103.7265625,399.0
2025-06-02 01:33:00+00:00,103.7265625,103.7265625,103.72265625,103.7265625,422.0
2025-06-02 01:36:00+00:00,103.7265625,103.7265625,103.7265625,103.7265625,130.0
2025-06-02 01:37:00+00:00,103.7265625,103.7265625,103.7265625,103.7265625,2.0
2025-06-02 01:40:00+00:00,103.7265625,103.7265625,103.7265625,103.7265625,180.0
2025-06-02 01:43:00+00:00,103.7265625,103.7265625,103.7265625,103.7265625,1349.0
2025-06-02 01:44:00+00:00,103.73046875,103.73046875,103.7265625,103.7265625,524.0
2025-06-02 01:45:00+00:00,103.7265625,103.7265625,103.7265625,103.7265625,134.0
2025-06-02 01:46:00+00:00,103.72265625,103.72265625,103.72265625,103.72265625,40.0
2025-06-02 01:47:00+00:00,103.7265625,103.7265625,103.72265625,103.72265625,447.0
2025-06-02 01:48:00+00:00,103.7265625,103.73046875,103.7265625,103.7265625,216.0
2025-06-02 01:49:00+00:00,103.7265625,103.7265625,103.7265625,103.7265625,438.0
2025-06-02 01:50:00+00:00,103.7265625,103.7265625,103.7265625,103.7265625,277.0
2025-06-02 01:52:00+00:00,103.73046875,103.73046875,103.7265625,103.7265625,569.0
2025-06-02 01:53:00+00:00,103.73046875,103.73046875,103.73046875,103.73046875,37.0
2025-06-02 01:54:00+00:00,103.73046875,103.73046875,103.73046875,103.73046875,3.0
2025-06-02 01:58:00+00:00,103.7265625,103.73046875,103.7265625,103.7265625,9.0
2025-06-02 01:59:00+00:00,103.7265625,103.7265625,103.7265625,103.7265625,161.0
2025-06-02 02:00:00+00:00,103.7265625,103.7265625,103.7265625,103.7265625,208.0
2025-06-02 02:01:00+00:00,103.73046875,103.73046875,103.73046875,103.73046875,222.0
2025-06-02 02:03:00+00:00,103.73046875,103.73046875,103.73046875,103.73046875,4.0
2025-06-02 02:05:00+00:00,103.73046875,103.73046875,103.7265625,103.7265625,62.0
2025-06-02 02:06:00+00:00,103.73046875,103.73046875,103.73046875,103.73046875,2.0
2025-06-02 02:08:00+00:00,103.73046875,103.73046875,103.7265625,103.73046875,77.0
2025-06-02 02:11:00+00:00,103.7265625,103.73046875,103.7265625,103.73046875,96.0
2025-06-02 02:13:00+00:00,103.73046875,103.73046875,103.73046875,103.73046875,169.0
2025-06-02 02:15:00+00:00,103.734375,103.734375,103.734375,103.734375,15.0
2025-06-02 02:16:00+00:00,103.734375,103.734375,103.734375,103.734375,66.0
2025-06-02 02:17:00+00:00,103.734375,103.734375,103.734375,103.734375,230.0
2025-06-02 02:18:00+00:00,103.734375,103.734375,103.734375,103.734375,272.0
2025-06-02 02:23:00+00:00,103.73046875,103.73046875,103.73046875,103.73046875,14.0
2025-06-02 02:24:00+00:00,103.73046875,103.73046875,103.73046875,103.73046875,6.0
2025-06-02 02:27:00+00:00,103.73046875,103.73046875,103.73046875,103.73046875,198.0
2025-06-02 02:28:00+00:00,103.734375,103.734375,103.73046875,103.73046875,181.0
2025-06-02 02:31:00+00:00,103.734375,103.734375,103.734375,103.734375,810.0
2025-06-02 02:32:00+00:00,103.73828125,103.73828125,103.73828125,103.73828125,555.0
2025-06-02 02:33:00+00:00,103.7421875,103.7421875,103.73828125,103.73828125,325.0
2025-06-02 02:34:00+00:00,103.7421875,103.7421875,103.7421875,103.7421875,22.0
2025-06-02 02:35:00+00:00,103.7421875,103.7421875,103.7421875,103.7421875,455.0
2025-06-02 02:36:00+00:00,103.74609375,103.74609375,103.7421875,103.7421875,378.0
2025-06-02 02:37:00+00:00,103.74609375,103.74609375,103.74609375,103.74609375,7.0
2025-06-02 02:38:00+00:00,103.74609375,103.74609375,103.74609375,103.74609375,15.0
2025-06-02 02:39:00+00:00,103.74609375,103.74609375,103.74609375,103.74609375,6.0
2025-06-02 02:41:00+00:00,103.74609375,103.74609375,103.74609375,103.74609375,103.0
2025-06-02 02:42:00+00:00,103.7421875,103.74609375,103.7421875,103.7421875,20.0
2025-06-02 02:43:00+00:00,103.74609375,103.74609375,103.7421875,103.7421875,425.0
2025-06-02 02:44:00+00:00,103.74609375,103.74609375,103.74609375,103.74609375,97.0
2025-06-02 02:45:00+00:00,103.74609375,103.74609375,103.74609375,103.74609375,31.0
2025-06-02 02:47:00+00:00,103.74609375,103.74609375,103.74609375,103.74609375,21.0
2025-06-02 02:48:00+00:00,103.74609375,103.74609375,103.74609375,103.74609375,23.0
2025-06-02 02:49:00+00:00,103.74609375,103.75,103.74609375,103.75,31.0
2025-06-02 02:50:00+00:00,103.75,103.75,103.75,103.75,411.0
2025-06-02 02:51:00+00:00,103.74609375,103.75,103.74609375,103.75,3.0
2025-06-02 02:52:00+00:00,103.75,103.75,103.75,103.75,169.0
2025-06-02 02:56:00+00:00,103.75,103.75,103.75,103.75,118.0
2025-06-02 03:06:00+00:00,103.75390625,103.75390625,103.75,103.75,38.0
2025-06-02 03:07:00+00:00,103.75390625,103.75390625,103.75390625,103.75390625,50.0
2025-06-02 03:11:00+00:00,103.75390625,103.75390625,103.75390625,103.75390625,11.0
2025-06-02 03:12:00+00:00,103.75390625,103.75390625,103.75390625,103.75390625,683.0
2025-06-02 03:13:00+00:00,103.74609375,103.75390625,103.74609375,103.75390625,1469.0
2025-06-02 03:14:00+00:00,103.74609375,103.75,103.74609375,103.75,298.0
2025-06-02 03:16:00+00:00,103.74609375,103.74609375,103.74609375,103.74609375,157.0
2025-06-02 03:17:00+00:00,103.74609375,103.74609375,103.74609375,103.74609375,91.0
2025-06-02 03:18:00+00:00,103.74609375,103.74609375,103.74609375,103.74609375,22.0
2025-06-02 03:21:00+00:00,103.74609375,103.74609375,103.74609375,103.74609375,17.0
2025-06-02 03:22:00+00:00,103.74609375,103.74609375,103.74609375,103.74609375,499.0
2025-06-02 03:23:00+00:00,103.74609375,103.74609375,103.74609375,103.74609375,47.0
2025-06-02 03:24:00+00:00,103.7421875,103.7421875,103.7421875,103.7421875,15.0
2025-06-02 03:39:00+00:00,103.75,103.75,103.75,103.75,21.0
2025-06-02 03:42:00+00:00,103.74609375,103.74609375,103.74609375,103.74609375,1142.0
2025-06-02 03:43:00+00:00,103.74609375,103.74609375,103.74609375,103.74609375,3.0
2025-06-02 03:50:00+00:00,103.7421875,103.7421875,103.7421875,103.7421875,198.0
2025-06-02 04:00:00+00:00,103.74609375,103.74609375,103.74609375,103.74609375,1247.0
2025-06-02 04:02:00+00:00,103.74609375,103.74609375,103.74609375,103.74609375,131.0
2025-06-02 04:04:00+00:00,103.75,103.75,103.75,103.75,1.0
2025-06-02 04:08:00+00:00,103.74609375,103.75,103.74609375,103.75,78.0
2025-06-02 04:12:00+00:00,103.74609375,103.74609375,103.74609375,103.74609375,318.0
2025-06-02 04:13:00+00:00,103.74609375,103.74609375,103.74609375,103.74609375,195.0
2025-06-02 04:15:00+00:00,103.7421875,103.7421875,103.7421875,103.7421875,24.0
2025-06-02 04:16:00+00:00,103.7421875,103.7421875,103.7421875,103.7421875,107.0
2025-06-02 04:19:00+00:00,103.7421875,103.7421875,103.7421875,103.7421875,11.0
2025-06-02 04:20:00+00:00,103.7421875,103.7421875,103.7421875,103.7421875,226.0
2025-06-02 04:21:00+00:00,103.7421875,103.7421875,103.7421875,103.7421875,5.0
2025-06-02 04:26:00+00:00,103.73828125,103.7421875,103.73828125,103.73828125,48.0
2025-06-02 04:27:00+00:00,103.73828125,103.7421875,103.73828125,103.73828125,73.0
2025-06-02 04:28:00+00:00,103.73828125,103.7421875,103.73828125,103.73828125,69.0
2025-06-02 04:29:00+00:00,103.7421875,103.7421875,103.73828125,103.73828125,46.0
2025-06-02 04:30:00+00:00,103.7421875,103.7421875,103.7421875,103.7421875,1.0
2025-06-02 04:31:00+00:00,103.73828125,103.73828125,103.73828125,103.73828125,41.0
2025-06-02 04:32:00+00:00,103.73828125,103.7421875,103.73828125,103.73828125,72.0
2025-06-02 04:33:00+00:00,103.7421875,103.7421875,103.73828125,103.73828125,185.0
2025-06-02 04:37:00+00:00,103.7421875,103.7421875,103.7421875,103.7421875,8.0
2025-06-02 04:38:00+00:00,103.73828125,103.7421875,103.73828125,103.7421875,10.0
2025-06-02 04:40:00+00:00,103.73828125,103.73828125,103.73828125,103.73828125,103.0
2025-06-02 04:41:00+00:00,103.73828125,103.73828125,103.73828125,103.73828125,861.0
2025-06-02 04:42:00+00:00,103.73828125,103.73828125,103.73828125,103.73828125,4.0
2025-06-02 04:46:00+00:00,103.734375,103.734375,103.734375,103.734375,35.0
2025-06-02 04:47:00+00:00,103.734375,103.73828125,103.73046875,103.73828125,908.0
2025-06-02 04:48:00+00:00,103.734375,103.734375,103.734375,103.734375,261.0
2025-06-02 04:49:00+00:00,103.734375,103.734375,103.734375,103.734375,4.0
2025-06-02 04:51:00+00:00,103.73046875,103.73046875,103.73046875,103.73046875,102.0
2025-06-02 04:52:00+00:00,103.73046875,103.73046875,103.73046875,103.73046875,245.0
2025-06-02 04:54:00+00:00,103.73046875,103.73046875,103.73046875,103.73046875,526.0
2025-06-02 05:03:00+00:00,103.7265625,103.7265625,103.7265625,103.7265625,1.0
2025-06-02 05:04:00+00:00,103.73046875,103.73046875,103.73046875,103.73046875,46.0
2025-06-02 05:06:00+00:00,103.73046875,103.73046875,103.73046875,103.73046875,132.0
2025-06-02 05:07:00+00:00,103.73046875,103.73046875,103.73046875,103.73046875,8.0
2025-06-02 05:09:00+00:00,103.73046875,103.73046875,103.73046875,103.73046875,1314.0
2025-06-02 05:10:00+00:00,103.73046875,103.73046875,103.73046875,103.73046875,199.0
2025-06-02 05:12:00+00:00,103.73046875,103.73046875,103.73046875,103.73046875,43.0
2025-06-02 05:13:00+00:00,103.73046875,103.73046875,103.73046875,103.73046875,22.0
2025-06-02 05:14:00+00:00,103.73046875,103.73046875,103.73046875,103.73046875,7.0
2025-06-02 05:21:00+00:00,103.73046875,103.73046875,103.73046875,103.73046875,515.0
2025-06-02 05:23:00+00:00,103.73046875,103.73046875,103.73046875,103.73046875,342.0
2025-06-02 05:28:00+00:00,103.73046875,103.73046875,103.73046875,103.73046875,20.0
2025-06-02 05:30:00+00:00,103.73046875,103.73046875,103.73046875,103.73046875,82.0
2025-06-02 05:33:00+00:00,103.73046875,103.73046875,103.73046875,103.73046875,528.0
2025-06-02 05:35:00+00:00,103.73046875,103.73046875,103.73046875,103.73046875,181.0
2025-06-02 05:36:00+00:00,103.73046875,103.73046875,103.73046875,103.73046875,5.0
2025-06-02 05:39:00+00:00,103.73046875,103.73046875,103.73046875,103.73046875,68.0
2025-06-02 05:41:00+00:00,103.73046875,103.73046875,103.73046875,103.73046875,78.0
2025-06-02 05:42:00+00:00,103.73046875,103.73046875,103.73046875,103.73046875,25.0
2025-06-02 05:44:00+00:00,103.7265625,103.73046875,103.7265625,103.73046875,3.0
2025-06-02 05:52:00+00:00,103.73046875,103.73046875,103.7265625,103.7265625,22.0
2025-06-02 05:55:00+00:00,103.73046875,103.73046875,103.73046875,103.73046875,26.0
2025-06-02 05:56:00+00:00,103.73046875,103.73046875,103.73046875,103.73046875,306.0
2025-06-02 05:57:00+00:00,103.73046875,103.734375,103.73046875,103.73046875,235.0
2025-06-02 05:59:00+00:00,103.7265625,103.7265625,103.7265625,103.7265625,33.0
2025-06-02 06:00:00+00:00,103.73046875,103.73046875,103.7265625,103.7265625,29.0
2025-06-02 06:01:00+00:00,103.7265625,103.7265625,103.7265625,103.7265625,9.0
2025-06-02 06:02:00+00:00,103.7265625,103.7265625,103.7265625,103.7265625,3.0
2025-06-02 06:03:00+00:00,103.73046875,103.73046875,103.7265625,103.7265625,24.0
2025-06-02 06:04:00+00:00,103.73046875,103.73046875,103.7265625,103.73046875,8.0
2025-06-02 06:05:00+00:00,103.73046875,103.73046875,103.7265625,103.7265625,30.0
2025-06-02 06:06:00+00:00,103.73046875,103.73046875,103.7265625,103.73046875,901.0
2025-06-02 06:07:00+00:00,103.7265625,103.73046875,103.7265625,103.73046875,86.0
2025-06-02 06:08:00+00:00,103.73046875,103.73046875,103.73046875,103.73046875,397.0
2025-06-02 06:10:00+00:00,103.73046875,103.73046875,103.73046875,103.73046875,207.0
2025-06-02 06:11:00+00:00,103.73046875,103.73046875,103.73046875,103.73046875,79.0
2025-06-02 06:14:00+00:00,103.73046875,103.73046875,103.73046875,103.73046875,137.0
2025-06-02 06:15:00+00:00,103.73046875,103.73046875,103.7265625,103.7265625,3.0
2025-06-02 06:17:00+00:00,103.73046875,103.73046875,103.73046875,103.73046875,412.0
2025-06-02 06:24:00+00:00,103.7265625,103.73046875,103.7265625,103.73046875,22.0
2025-06-02 06:29:00+00:00,103.7265625,103.7265625,103.7265625,103.7265625,7.0
2025-06-02 06:30:00+00:00,103.7265625,103.73046875,103.7265625,103.73046875,609.0
2025-06-02 06:31:00+00:00,103.7265625,103.7265625,103.72265625,103.7265625,784.0
2025-06-02 06:32:00+00:00,103.7265625,103.7265625,103.72265625,103.7265625,25.0
2025-06-02 06:33:00+00:00,103.72265625,103.72265625,103.72265625,103.72265625,502.0
2025-06-02 06:35:00+00:00,103.72265625,103.72265625,103.72265625,103.72265625,158.0
2025-06-02 06:36:00+00:00,103.72265625,103.72265625,103.72265625,103.72265625,130.0
2025-06-02 06:37:00+00:00,103.72265625,103.72265625,103.72265625,103.72265625,17.0
2025-06-02 06:38:00+00:00,103.72265625,103.72265625,103.72265625,103.72265625,235.0
2025-06-02 06:40:00+00:00,103.71875,103.71875,103.71875,103.71875,160.0
2025-06-02 06:41:00+00:00,103.72265625,103.72265625,103.72265625,103.72265625,23.0
2025-06-02 06:42:00+00:00,103.72265625,103.72265625,103.72265625,103.72265625,1.0
2025-06-02 06:44:00+00:00,103.71875,103.71875,103.71484375,103.71875,337.0
2025-06-02 06:46:00+00:00,103.71484375,103.71875,103.7109375,103.71875,180.0
2025-06-02 06:47:00+00:00,103.71875,103.71875,103.71484375,103.71484375,1576.0
2025-06-02 06:48:00+00:00,103.71875,103.71875,103.71875,103.71875,2.0
2025-06-02 06:49:00+00:00,103.71875,103.71875,103.71875,103.71875,1.0
2025-06-02 06:50:00+00:00,103.71484375,103.71875,103.71484375,103.71484375,788.0
2025-06-02 06:51:00+00:00,103.7109375,103.7109375,103.7109375,103.7109375,466.0
2025-06-02 06:52:00+00:00,103.71484375,103.71484375,103.7109375,103.7109375,441.0
2025-06-02 06:53:00+00:00,103.7109375,103.7109375,103.7109375,103.7109375,961.0
2025-06-02 06:54:00+00:00,103.7109375,103.7109375,103.7109375,103.7109375,13.0
2025-06-02 06:55:00+00:00,103.71484375,103.71484375,103.71484375,103.71484375,1892.0
2025-06-02 06:56:00+00:00,103.71484375,103.71484375,103.7109375,103.71484375,235.0
2025-06-02 06:57:00+00:00,103.71875,103.71875,103.71875,103.71875,65.0
2025-06-02 06:59:00+00:00,103.71484375,103.71484375,103.71484375,103.71484375,92.0
2025-06-02 07:00:00+00:00,103.71875,103.71875,103.71875,103.71875,1142.0
2025-06-02 07:01:00+00:00,103.71875,103.71875,103.71875,103.71875,251.0
2025-06-02 07:02:00+00:00,103.72265625,103.72265625,103.71875,103.71875,341.0
2025-06-02 07:03:00+00:00,103.72265625,103.72265625,103.72265625,103.72265625,14.0
2025-06-02 07:04:00+00:00,103.71875,103.72265625,103.71875,103.72265625,120.0
2025-06-02 07:05:00+00:00,103.71875,103.71875,103.71484375,103.71875,241.0
2025-06-02 07:06:00+00:00,103.71875,103.71875,103.71484375,103.71875,810.0
2025-06-02 07:07:00+00:00,103.71875,103.71875,103.71484375,103.71875,227.0
2025-06-02 07:08:00+00:00,103.71875,103.71875,103.71484375,103.71875,132.0
2025-06-02 07:09:00+00:00,103.71484375,103.71875,103.71484375,103.71875,245.0
2025-06-02 07:10:00+00:00,103.71484375,103.71484375,103.71484375,103.71484375,5.0
2025-06-02 07:11:00+00:00,103.71484375,103.71875,103.71484375,103.71875,147.0
2025-06-02 07:12:00+00:00,103.71875,103.71875,103.71484375,103.71875,494.0
2025-06-02 07:14:00+00:00,103.71875,103.71875,103.71875,103.71875,18.0
2025-06-02 07:15:00+00:00,103.71875,103.71875,103.71875,103.71875,7.0
2025-06-02 07:17:00+00:00,103.71484375,103.71484375,103.71484375,103.71484375,1884.0
2025-06-02 07:18:00+00:00,103.71484375,103.71484375,103.71484375,103.71484375,79.0
2025-06-02 07:21:00+00:00,103.71484375,103.71484375,103.71484375,103.71484375,100.0
2025-06-02 07:22:00+00:00,103.71484375,103.71484375,103.71484375,103.71484375,2.0
2025-06-02 07:23:00+00:00,103.71484375,103.71484375,103.71484375,103.71484375,306.0
2025-06-02 07:24:00+00:00,103.7109375,103.71484375,103.7109375,103.71484375,109.0
2025-06-02 07:25:00+00:00,103.71484375,103.71875,103.71484375,103.71484375,696.0
2025-06-02 07:26:00+00:00,103.71484375,103.71484375,103.71484375,103.71484375,1.0
2025-06-02 07:27:00+00:00,103.71484375,103.71484375,103.71484375,103.71484375,310.0
2025-06-02 07:28:00+00:00,103.71875,103.72265625,103.71484375,103.71484375,1626.0
2025-06-02 07:29:00+00:00,103.72265625,103.72265625,103.71875,103.71875,683.0
2025-06-02 07:30:00+00:00,103.71484375,103.71875,103.71484375,103.71875,233.0
2025-06-02 07:31:00+00:00,103.71484375,103.71484375,103.71484375,103.71484375,167.0
2025-06-02 07:32:00+00:00,103.71484375,103.71875,103.71484375,103.71875,143.0
2025-06-02 07:33:00+00:00,103.71875,103.71875,103.71484375,103.71484375,178.0
2025-06-02 07:34:00+00:00,103.71875,103.71875,103.71484375,103.71484375,21.0
2025-06-02 07:35:00+00:00,103.72265625,103.72265625,103.71875,103.71875,164.0
2025-06-02 07:36:00+00:00,103.71875,103.71875,103.71875,103.71875,365.0
2025-06-02 07:37:00+00:00,103.71875,103.71875,103.71875,103.71875,118.0
2025-06-02 07:38:00+00:00,103.71484375,103.71875,103.71484375,103.71875,491.0
2025-06-02 07:40:00+00:00,103.71875,103.71875,103.71875,103.71875,153.0
2025-06-02 07:43:00+00:00,103.72265625,103.72265625,103.72265625,103.72265625,108.0
2025-06-02 07:45:00+00:00,103.7265625,103.7265625,103.7265625,103.7265625,11.0
2025-06-02 07:46:00+00:00,103.7265625,103.7265625,103.7265625,103.7265625,1245.0
2025-06-02 07:47:00+00:00,103.7265625,103.7265625,103.7265625,103.7265625,97.0
2025-06-02 07:48:00+00:00,103.72265625,103.7265625,103.72265625,103.72265625,290.0
2025-06-02 07:49:00+00:00,103.71875,103.71875,103.71875,103.71875,381.0
2025-06-02 07:51:00+00:00,103.71875,103.71875,103.71875,103.71875,177.0
2025-06-02 07:53:00+00:00,103.71484375,103.71875,103.71484375,103.71875,16.0
2025-06-02 07:55:00+00:00,103.71484375,103.71875,103.71484375,103.71875,920.0
2025-06-02 07:56:00+00:00,103.71875,103.71875,103.71484375,103.71875,71.0
2025-06-02 07:57:00+00:00,103.71875,103.71875,103.71484375,103.71875,60.0
2025-06-02 07:59:00+00:00,103.71484375,103.71484375,103.71484375,103.71484375,380.0
2025-06-02 08:00:00+00:00,103.7109375,103.71484375,103.7109375,103.71484375,922.0
2025-06-02 08:01:00+00:00,103.70703125,103.7109375,103.70703125,103.7109375,1345.0
2025-06-02 08:02:00+00:00,103.70703125,103.70703125,103.703125,103.70703125,848.0
2025-06-02 08:03:00+00:00,103.7109375,103.7109375,103.703125,103.70703125,181.0
2025-06-02 08:04:00+00:00,103.7109375,103.7109375,103.7109375,103.7109375,17.0
2025-06-02 08:05:00+00:00,103.7109375,103.7109375,103.70703125,103.7109375,33.0
2025-06-02 08:06:00+00:00,103.71484375,103.71484375,103.7109375,103.7109375,55.0
2025-06-02 08:07:00+00:00,103.71484375,103.71484375,103.7109375,103.71484375,25.0
2025-06-02 08:08:00+00:00,103.71484375,103.71484375,103.71484375,103.71484375,402.0
2025-06-02 08:10:00+00:00,103.7109375,103.7109375,103.7109375,103.7109375,246.0
2025-06-02 08:11:00+00:00,103.7109375,103.7109375,103.7109375,103.7109375,217.0
2025-06-02 08:12:00+00:00,103.7109375,103.71484375,103.7109375,103.7109375,211.0
2025-06-02 08:13:00+00:00,103.7109375,103.7109375,103.7109375,103.7109375,204.0
2025-06-02 08:14:00+00:00,103.7109375,103.71484375,103.7109375,103.7109375,40.0
2025-06-02 08:15:00+00:00,103.7109375,103.7109375,103.7109375,103.7109375,220.0
2025-06-02 08:16:00+00:00,103.70700073242188,103.7109375,103.70700073242188,103.7109375,2.0
2025-06-02 08:17:00+00:00,103.70703125,103.7109375,103.70703125,103.70703125,4.0
2025-06-02 08:18:00+00:00,103.7109375,103.7109375,103.70703125,103.70703125,12.0
2025-06-02 08:19:00+00:00,103.7109375,103.7109375,103.7109375,103.7109375,527.0
2025-06-02 08:21:00+00:00,103.7109375,103.7109375,103.7109375,103.7109375,3.0
2025-06-02 08:23:00+00:00,103.7109375,103.7109375,103.7109375,103.7109375,160.0
2025-06-02 08:24:00+00:00,103.7109375,103.7109375,103.70703125,103.70703125,9.0
2025-06-02 08:28:00+00:00,103.70703125,103.7109375,103.70703125,103.7109375,530.0
2025-06-02 08:29:00+00:00,103.703125,103.703125,103.703125,103.703125,75.0
2025-06-02 08:30:00+00:00,103.70703125,103.70703125,103.703125,103.703125,15.0
2025-06-02 08:31:00+00:00,103.703125,103.70703125,103.703125,103.70703125,249.0
2025-06-02 08:32:00+00:00,103.70703125,103.70703125,103.70703125,103.70703125,82.0
2025-06-02 08:33:00+00:00,103.70703125,103.70703125,103.70703125,103.70703125,10.0
2025-06-02 08:34:00+00:00,103.703125,103.7109375,103.703125,103.7109375,100.0
2025-06-02 08:35:00+00:00,103.70703125,103.70703125,103.70703125,103.70703125,11.0
2025-06-02 08:36:00+00:00,103.703125,103.70703125,103.703125,103.703125,191.0
2025-06-02 08:37:00+00:00,103.69921875,103.703125,103.69921875,103.703125,538.0
2025-06-02 08:38:00+00:00,103.69921875,103.703125,103.69921875,103.703125,131.0
2025-06-02 08:39:00+00:00,103.703125,103.703125,103.69921875,103.703125,9.0
2025-06-02 08:40:00+00:00,103.703125,103.703125,103.703125,103.703125,1.0
2025-06-02 08:41:00+00:00,103.69921875,103.69921875,103.69921875,103.69921875,89.0
2025-06-02 08:42:00+00:00,103.69921875,103.703125,103.69921875,103.703125,27.0
2025-06-02 08:43:00+00:00,103.703125,103.703125,103.703125,103.703125,588.0
2025-06-02 08:44:00+00:00,103.703125,103.703125,103.69921875,103.69921875,111.0
2025-06-02 08:45:00+00:00,103.69921875,103.703125,103.6953125,103.69921875,1026.0
2025-06-02 08:46:00+00:00,103.69921875,103.69921875,103.69921875,103.69921875,428.0
2025-06-02 08:47:00+00:00,103.69921875,103.69921875,103.69921875,103.69921875,98.0
2025-06-02 08:49:00+00:00,103.69921875,103.703125,103.69921875,103.703125,51.0
2025-06-02 08:50:00+00:00,103.69921875,103.69921875,103.6953125,103.69921875,101.0
2025-06-02 08:51:00+00:00,103.69921875,103.69921875,103.69921875,103.69921875,52.0
2025-06-02 08:52:00+00:00,103.69921875,103.69921875,103.69921875,103.69921875,75.0
2025-06-02 08:53:00+00:00,103.703125,103.703125,103.69921875,103.69921875,81.0
2025-06-02 08:55:00+00:00,103.69921875,103.69921875,103.69921875,103.69921875,12.0
2025-06-02 08:57:00+00:00,103.69921875,103.703125,103.69921875,103.703125,61.0
2025-06-02 08:58:00+00:00,103.703125,103.703125,103.69921875,103.69921875,572.0
2025-06-02 08:59:00+00:00,103.703125,103.703125,103.69921875,103.69921875,22.0
2025-06-02 09:00:00+00:00,103.703125,103.70703125,103.703125,103.703125,954.0
2025-06-02 09:01:00+00:00,103.70703125,103.70703125,103.703125,103.703125,8.0
2025-06-02 09:03:00+00:00,103.703125,103.703125,103.703125,103.703125,3.0
2025-06-02 09:04:00+00:00,103.70703125,103.70703125,103.703125,103.703125,7.0
2025-06-02 09:05:00+00:00,103.70703125,103.70703125,103.70703125,103.70703125,1.0
2025-06-02 09:06:00+00:00,103.70703125,103.70703125,103.70703125,103.70703125,6.0
2025-06-02 09:07:00+00:00,103.703125,103.703125,103.69921875,103.703125,114.0
2025-06-02 09:08:00+00:00,103.703125,103.703125,103.703125,103.703125,79.0
2025-06-02 09:09:00+00:00,103.70703125,103.70703125,103.703125,103.703125,85.0
2025-06-02 09:11:00+00:00,103.70703125,103.70703125,103.703125,103.703125,146.0
2025-06-02 09:12:00+00:00,103.70703125,103.70703125,103.70703125,103.70703125,202.0
2025-06-02 09:13:00+00:00,103.7109375,103.7109375,103.7109375,103.7109375,9.0
2025-06-02 09:14:00+00:00,103.7109375,103.7109375,103.7109375,103.7109375,45.0
2025-06-02 09:15:00+00:00,103.70703125,103.70703125,103.70703125,103.70703125,105.0
2025-06-02 09:16:00+00:00,103.70703125,103.70703125,103.70703125,103.70703125,22.0
2025-06-02 09:19:00+00:00,103.7109375,103.7109375,103.7109375,103.7109375,100.0
2025-06-02 09:20:00+00:00,103.70703125,103.70703125,103.70703125,103.70703125,83.0
2025-06-02 09:21:00+00:00,103.7109375,103.7109375,103.70703125,103.70703125,54.0
2025-06-02 09:22:00+00:00,103.7109375,103.7109375,103.70703125,103.70703125,178.0
2025-06-02 09:23:00+00:00,103.7109375,103.7109375,103.7109375,103.7109375,2.0
2025-06-02 09:26:00+00:00,103.70703125,103.70703125,103.70703125,103.70703125,17.0
2025-06-02 09:27:00+00:00,103.70703125,103.7109375,103.70703125,103.70703125,58.0
2025-06-02 09:28:00+00:00,103.7109375,103.7109375,103.70703125,103.7109375,26.0
2025-06-02 09:30:00+00:00,103.7109375,103.7109375,103.70703125,103.70703125,556.0
2025-06-02 09:31:00+00:00,103.7109375,103.7109375,103.70703125,103.7109375,74.0
2025-06-02 09:32:00+00:00,103.7109375,103.7109375,103.70703125,103.70703125,5.0
2025-06-02 09:33:00+00:00,103.703125,103.70703125,103.703125,103.70703125,3340.0
2025-06-02 09:34:00+00:00,103.703125,103.703125,103.703125,103.703125,177.0
2025-06-02 09:35:00+00:00,103.703125,103.703125,103.703125,103.703125,392.0
2025-06-02 09:36:00+00:00,103.703125,103.703125,103.703125,103.703125,624.0
2025-06-02 09:37:00+00:00,103.703125,103.70703125,103.703125,103.703125,538.0
2025-06-02 09:38:00+00:00,103.703125,103.70703125,103.703125,103.703125,415.0
2025-06-02 09:39:00+00:00,103.70703125,103.70703125,103.703125,103.703125,419.0
2025-06-02 09:40:00+00:00,103.70703125,103.70703125,103.703125,103.70703125,338.0
2025-06-02 09:41:00+00:00,103.70703125,103.70703125,103.703125,103.703125,36.0
2025-06-02 09:42:00+00:00,103.703125,103.70703125,103.703125,103.70703125,18.0
2025-06-02 09:43:00+00:00,103.703125,103.703125,103.703125,103.703125,16.0
2025-06-02 09:44:00+00:00,103.703125,103.70703125,103.703125,103.703125,4.0
2025-06-02 09:45:00+00:00,103.703125,103.70703125,103.703125,103.70703125,12.0
2025-06-02 09:46:00+00:00,103.703125,103.703125,103.6953125,103.703125,2545.0
2025-06-02 09:47:00+00:00,103.69921875,103.703125,103.6953125,103.703125,467.0
2025-06-02 09:48:00+00:00,103.69921875,103.703125,103.69921875,103.69921875,954.0
2025-06-02 09:49:00+00:00,103.69921875,103.69921875,103.69921875,103.69921875,18.0
2025-06-02 09:51:00+00:00,103.69921875,103.703125,103.69921875,103.703125,67.0
2025-06-02 09:52:00+00:00,103.69921875,103.703125,103.69921875,103.69921875,42.0
2025-06-02 09:53:00+00:00,103.69921875,103.69921875,103.69921875,103.69921875,4.0
2025-06-02 09:54:00+00:00,103.703125,103.703125,103.69921875,103.69921875,28.0
2025-06-02 09:55:00+00:00,103.69921875,103.703125,103.69921875,103.703125,155.0
2025-06-02 09:56:00+00:00,103.6953125,103.6953125,103.6953125,103.6953125,9.0
2025-06-02 09:57:00+00:00,103.69921875,103.69921875,103.69921875,103.69921875,372.0
2025-06-02 09:58:00+00:00,103.69921875,103.69921875,103.69921875,103.69921875,55.0
2025-06-02 10:00:00+00:00,103.69921875,103.703125,103.69921875,103.703125,211.0
2025-06-02 10:01:00+00:00,103.69921875,103.703125,103.6953125,103.69921875,257.0
2025-06-02 10:02:00+00:00,103.69921875,103.69921875,103.69921875,103.69921875,198.0
2025-06-02 10:03:00+00:00,103.69921875,103.69921875,103.6953125,103.69921875,60.0
2025-06-02 10:04:00+00:00,103.69921875,103.69921875,103.69921875,103.69921875,24.0
2025-06-02 10:05:00+00:00,103.69921875,103.69921875,103.6953125,103.69921875,166.0
2025-06-02 10:06:00+00:00,103.6953125,103.69921875,103.6953125,103.69921875,1073.0
2025-06-02 10:07:00+00:00,103.6953125,103.6953125,103.6953125,103.6953125,244.0
2025-06-02 10:08:00+00:00,103.69140625,103.6953125,103.69140625,103.6953125,83.0
2025-06-02 10:09:00+00:00,103.6953125,103.6953125,103.6953125,103.6953125,16.0
2025-06-02 10:10:00+00:00,103.69921875,103.69921875,103.6953125,103.6953125,764.0
2025-06-02 10:11:00+00:00,103.6953125,103.69921875,103.6953125,103.69921875,368.0
2025-06-02 10:21:00+00:00,103.70703125,103.70703125,103.703125,103.70700073242188,1694.0
2025-06-02 10:22:00+00:00,103.70703125,103.70703125,103.703125,103.70703125,20.0
2025-06-02 10:23:00+00:00,103.70703125,103.70703125,103.703125,103.703125,29.0
2025-06-02 10:24:00+00:00,103.70703125,103.7109375,103.70703125,103.70703125,231.0
2025-06-02 10:25:00+00:00,103.7109375,103.7109375,103.7109375,103.7109375,8.0
2025-06-02 10:26:00+00:00,103.7109375,103.7109375,103.70703125,103.7109375,57.0
2025-06-02 10:27:00+00:00,103.7109375,103.7109375,103.7109375,103.7109375,16.0
2025-06-02 10:28:00+00:00,103.7109375,103.7109375,103.70703125,103.7109375,93.0
2025-06-02 10:29:00+00:00,103.70703125,103.7109375,103.70703125,103.7109375,357.0
2025-06-02 10:30:00+00:00,103.70703125,103.70703125,103.70703125,103.70703125,30.0
2025-06-02 10:31:00+00:00,103.7109375,103.7109375,103.7109375,103.7109375,280.0
2025-06-02 10:33:00+00:00,103.7109375,103.7109375,103.7109375,103.7109375,80.0
2025-06-02 10:34:00+00:00,103.7109375,103.7109375,103.7109375,103.7109375,174.0
2025-06-02 10:35:00+00:00,103.7109375,103.71484375,103.7109375,103.7109375,185.0
2025-06-02 10:36:00+00:00,103.7109375,103.7109375,103.7109375,103.7109375,111.0
2025-06-02 10:39:00+00:00,103.7109375,103.71484375,103.7109375,103.71484375,278.0
2025-06-02 10:40:00+00:00,103.71484375,103.71484375,103.7109375,103.7109375,149.0
2025-06-02 10:41:00+00:00,103.71484375,103.71484375,103.7109375,103.7109375,141.0
2025-06-02 10:42:00+00:00,103.71484375,103.71484375,103.71484375,103.71484375,61.0
2025-06-02 10:43:00+00:00,103.7109375,103.7109375,103.7109375,103.7109375,86.0
2025-06-02 10:44:00+00:00,103.7109375,103.7109375,103.7109375,103.7109375,133.0
2025-06-02 10:45:00+00:00,103.71484375,103.71875,103.71484375,103.71484375,323.0
2025-06-02 10:46:00+00:00,103.71875,103.71875,103.71484375,103.71484375,766.0
2025-06-02 10:47:00+00:00,103.71484375,103.71875,103.71484375,103.71875,151.0
2025-06-02 10:50:00+00:00,103.71875,103.71875,103.71875,103.71875,238.0
2025-06-02 10:51:00+00:00,103.71875,103.71875,103.71484375,103.71875,360.0
2025-06-02 10:54:00+00:00,103.72265625,103.72265625,103.71875,103.71875,206.0
2025-06-02 10:55:00+00:00,103.71875,103.71875,103.71875,103.71875,8.0
2025-06-02 10:56:00+00:00,103.71875,103.71875,103.71875,103.71875,195.0
2025-06-02 10:57:00+00:00,103.71484375,103.71875,103.71484375,103.71875,266.0
2025-06-02 10:58:00+00:00,103.7109375,103.71484375,103.7109375,103.71484375,65.0
2025-06-02 11:01:00+00:00,103.71484375,103.71875,103.7109375,103.7109375,152.0
2025-06-02 11:02:00+00:00,103.71484375,103.71484375,103.71484375,103.71484375,327.0
2025-06-02 11:03:00+00:00,103.71484375,103.71484375,103.71484375,103.71484375,457.0
2025-06-02 11:04:00+00:00,103.71484375,103.71484375,103.71484375,103.71484375,67.0
2025-06-02 11:05:00+00:00,103.71484375,103.71484375,103.7109375,103.71484375,191.0
2025-06-02 11:06:00+00:00,103.71484375,103.71484375,103.71484375,103.71484375,122.0
2025-06-02 11:07:00+00:00,103.71484375,103.71484375,103.71484375,103.71484375,13.0
2025-06-02 11:09:00+00:00,103.71875,103.72265625,103.71875,103.71875,463.0
2025-06-02 11:10:00+00:00,103.71875,103.71875,103.71484375,103.71875,402.0
2025-06-02 11:12:00+00:00,103.71484375,103.71484375,103.71484375,103.71484375,33.0
2025-06-02 11:14:00+00:00,103.71875,103.71875,103.71484375,103.71484375,67.0
2025-06-02 11:15:00+00:00,103.71875,103.71875,103.71875,103.71875,140.0
2025-06-02 11:16:00+00:00,103.71875,103.71875,103.71875,103.71875,2390.0
2025-06-02 11:18:00+00:00,103.71875,103.71875,103.71875,103.71875,135.0
2025-06-02 11:19:00+00:00,103.71484375,103.71484375,103.71484375,103.71484375,325.0
2025-06-02 11:20:00+00:00,103.71484375,103.71875,103.71484375,103.71875,34.0
2025-06-02 11:21:00+00:00,103.71484375,103.71484375,103.7109375,103.71484375,606.0
2025-06-02 11:22:00+00:00,103.71484375,103.71484375,103.71484375,103.71484375,160.0
2025-06-02 11:23:00+00:00,103.7109375,103.71484375,103.7109375,103.71484375,128.0
2025-06-02 11:25:00+00:00,103.7109375,103.71484375,103.7109375,103.71484375,468.0
2025-06-02 11:26:00+00:00,103.71484375,103.71484375,103.71484375,103.71484375,344.0
2025-06-02 11:27:00+00:00,103.71484375,103.71484375,103.71484375,103.71484375,3.0
2025-06-02 11:28:00+00:00,103.71484375,103.71484375,103.7109375,103.7109375,28.0
2025-06-02 11:29:00+00:00,103.71484375,103.71484375,103.71484375,103.71484375,263.0
2025-06-02 11:30:00+00:00,103.7109375,103.71484375,103.7109375,103.7109375,83.0
2025-06-02 11:31:00+00:00,103.70703125,103.7109375,103.70703125,103.7109375,378.0
2025-06-02 11:32:00+00:00,103.70703125,103.7109375,103.70703125,103.70703125,408.0
2025-06-02 11:33:00+00:00,103.70703125,103.7109375,103.70703125,103.7109375,320.0
2025-06-02 11:34:00+00:00,103.7109375,103.7109375,103.70703125,103.70703125,63.0
2025-06-02 11:35:00+00:00,103.7109375,103.7109375,103.7109375,103.7109375,319.0
2025-06-02 11:37:00+00:00,103.71875,103.71875,103.7109375,103.7109375,373.0
2025-06-02 11:38:00+00:00,103.71484375,103.71875,103.71484375,103.71875,27.0
2025-06-02 11:39:00+00:00,103.71484375,103.71484375,103.7109375,103.71484375,367.0
2025-06-02 11:40:00+00:00,103.7109375,103.71484375,103.7109375,103.71484375,42.0
2025-06-02 11:41:00+00:00,103.71484375,103.71484375,103.71484375,103.71484375,162.0
2025-06-02 11:42:00+00:00,103.71484375,103.71484375,103.71484375,103.71484375,169.0
2025-06-02 11:43:00+00:00,103.71875,103.71875,103.71484375,103.71484375,298.0
2025-06-02 11:45:00+00:00,103.71484375,103.71484375,103.71484375,103.71484375,39.0
2025-06-02 11:46:00+00:00,103.71484375,103.71875,103.71484375,103.71484375,126.0
2025-06-02 11:48:00+00:00,103.71484375,103.71875,103.71484375,103.71875,96.0
2025-06-02 11:51:00+00:00,103.71875,103.72265625,103.71875,103.71875,3882.0
2025-06-02 11:52:00+00:00,103.71484375,103.71875,103.71484375,103.71875,2504.0
2025-06-02 11:53:00+00:00,103.71875,103.71875,103.71484375,103.71484375,230.0
2025-06-02 11:54:00+00:00,103.71875,103.71875,103.71875,103.71875,698.0
2025-06-02 11:55:00+00:00,103.71875,103.71875,103.71875,103.71875,234.0
2025-06-02 11:56:00+00:00,103.71484375,103.71875,103.71484375,103.71875,333.0
2025-06-02 11:57:00+00:00,103.71875,103.71875,103.71484375,103.71484375,226.0
2025-06-02 11:58:00+00:00,103.71484375,103.71875,103.71484375,103.71875,33.0
2025-06-02 11:59:00+00:00,103.71875,103.71875,103.71484375,103.71875,31.0
2025-06-02 12:00:00+00:00,103.71484375,103.71875,103.71484375,103.71875,969.0
2025-06-02 12:01:00+00:00,103.7109375,103.71484375,103.7109375,103.7109375,879.0
2025-06-02 12:02:00+00:00,103.71484375,103.71484375,103.71484375,103.71484375,4.0
2025-06-02 12:03:00+00:00,103.71484375,103.71484375,103.71484375,103.71484375,9.0
2025-06-02 12:04:00+00:00,103.71484375,103.71484375,103.7109375,103.71484375,1142.0
2025-06-02 12:05:00+00:00,103.71484375,103.71484375,103.7109375,103.71484375,376.0
2025-06-02 12:06:00+00:00,103.7109375,103.7109375,103.7109375,103.7109375,505.0
2025-06-02 12:07:00+00:00,103.70703125,103.7109375,103.70703125,103.7109375,522.0
2025-06-02 12:08:00+00:00,103.7109375,103.7109375,103.7109375,103.7109375,161.0
2025-06-02 12:09:00+00:00,103.7109375,103.7109375,103.7109375,103.7109375,461.0
2025-06-02 12:10:00+00:00,103.70703125,103.7109375,103.70703125,103.7109375,23.0
2025-06-02 12:11:00+00:00,103.70703125,103.7109375,103.70703125,103.7109375,1249.0
2025-06-02 12:12:00+00:00,103.70703125,103.7109375,103.70703125,103.70703125,1026.0
2025-06-02 12:13:00+00:00,103.70703125,103.7109375,103.70703125,103.7109375,588.0
2025-06-02 12:14:00+00:00,103.70703125,103.70703125,103.70703125,103.70703125,970.0
2025-06-02 12:15:00+00:00,103.7109375,103.7109375,103.703125,103.70703125,2363.0
2025-06-02 12:16:00+00:00,103.70703125,103.7109375,103.70703125,103.7109375,390.0
2025-06-02 12:17:00+00:00,103.70703125,103.70703125,103.70703125,103.70703125,656.0
2025-06-02 12:18:00+00:00,103.7109375,103.7109375,103.70703125,103.70703125,1178.0
2025-06-02 12:19:00+00:00,103.7109375,103.7109375,103.70703125,103.70703125,1027.0
2025-06-02 12:20:00+00:00,103.70703125,103.7109375,103.70703125,103.70703125,862.0
2025-06-02 12:21:00+00:00,103.7109375,103.7109375,103.70703125,103.70703125,107.0
2025-06-02 12:22:00+00:00,103.70703125,103.7109375,103.703125,103.70703125,717.0
2025-06-02 12:23:00+00:00,103.70703125,103.7109375,103.703125,103.703125,1924.0
2025-06-02 12:24:00+00:00,103.69921875,103.7109375,103.69921875,103.70703125,1061.0
2025-06-02 12:25:00+00:00,103.703125,103.703125,103.6953125,103.69921875,334.0
2025-06-02 12:26:00+00:00,103.69921875,103.703125,103.69921875,103.69921875,500.0
2025-06-02 12:27:00+00:00,103.69921875,103.70703125,103.69921875,103.703125,2585.0
2025-06-02 12:28:00+00:00,103.69921875,103.69921875,103.69921875,103.69921875,65.0
2025-06-02 12:29:00+00:00,103.6953125,103.69921875,103.6953125,103.69921875,179.0
2025-06-02 12:30:00+00:00,103.69921875,103.69921875,103.6953125,103.6953125,1469.0
2025-06-02 12:31:00+00:00,103.703125,103.703125,103.6953125,103.6953125,830.0
2025-06-02 12:32:00+00:00,103.69921875,103.703125,103.69921875,103.703125,1231.0
2025-06-02 12:33:00+00:00,103.69921875,103.69921875,103.6953125,103.69921875,219.0
2025-06-02 12:34:00+00:00,103.703125,103.703125,103.6953125,103.6953125,1053.0
2025-06-02 12:35:00+00:00,103.69921875,103.703125,103.69921875,103.703125,620.0
2025-06-02 12:36:00+00:00,103.703125,103.703125,103.69921875,103.69921875,943.0
2025-06-02 12:38:00+00:00,103.703125,103.703125,103.703125,103.703125,273.0
2025-06-02 12:39:00+00:00,103.703125,103.70703125,103.703125,103.703125,406.0
2025-06-02 12:40:00+00:00,103.70703125,103.70703125,103.70703125,103.70703125,3.0
2025-06-02 12:41:00+00:00,103.703125,103.70703125,103.703125,103.703125,373.0
2025-06-02 12:42:00+00:00,103.70703125,103.70703125,103.703125,103.70703125,85.0
2025-06-02 12:43:00+00:00,103.703125,103.70703125,103.703125,103.70703125,14.0
2025-06-02 12:44:00+00:00,103.703125,103.70703125,103.703125,103.703125,154.0
2025-06-02 12:45:00+00:00,103.703125,103.70703125,103.703125,103.703125,1197.0
2025-06-02 12:46:00+00:00,103.703125,103.70703125,103.703125,103.70703125,17.0
2025-06-02 12:47:00+00:00,103.69921875,103.703125,103.69921875,103.703125,1266.0
2025-06-02 12:49:00+00:00,103.69921875,103.703125,103.69921875,103.703125,12.0
2025-06-02 12:50:00+00:00,103.703125,103.70703125,103.69921875,103.69921875,4024.0
2025-06-02 12:51:00+00:00,103.70703125,103.70703125,103.703125,103.703125,2741.0
2025-06-02 12:52:00+00:00,103.703125,103.70703125,103.703125,103.70703125,539.0
2025-06-02 12:53:00+00:00,103.703125,103.703125,103.703125,103.703125,32.0
2025-06-02 12:54:00+00:00,103.69140625,103.703125,103.69140625,103.703125,1122.0
2025-06-02 12:55:00+00:00,103.69140625,103.6953125,103.69140625,103.69140625,22.0
2025-06-02 12:56:00+00:00,103.69140625,103.6953125,103.69140625,103.69140625,100.0
2025-06-02 12:57:00+00:00,103.69140625,103.6953125,103.6875,103.69140625,742.0
2025-06-02 12:58:00+00:00,103.69140625,103.69140625,103.69140625,103.69140625,504.0
2025-06-02 12:59:00+00:00,103.69140625,103.69140625,103.69140625,103.69140625,793.0
2025-06-02 13:00:00+00:00,103.69921875,103.69921875,103.69140625,103.6953125,599.0
2025-06-02 13:01:00+00:00,103.69921875,103.69921875,103.69921875,103.69921875,71.0
2025-06-02 13:02:00+00:00,103.6953125,103.69921875,103.6953125,103.69921875,96.0
2025-06-02 13:03:00+00:00,103.69140625,103.69921875,103.69140625,103.69921875,756.0
2025-06-02 13:04:00+00:00,103.6953125,103.6953125,103.6953125,103.6953125,869.0
2025-06-02 13:05:00+00:00,103.69921875,103.69921875,103.69921875,103.69921875,20.0
2025-06-02 13:06:00+00:00,103.69921875,103.69921875,103.6953125,103.6953125,34.0
2025-06-02 13:07:00+00:00,103.6953125,103.69921875,103.6953125,103.69921875,38.0
2025-06-02 13:08:00+00:00,103.69921875,103.69921875,103.6953125,103.69921875,16.0
2025-06-02 13:09:00+00:00,103.6953125,103.69921875,103.6953125,103.69921875,523.0
2025-06-02 13:10:00+00:00,103.69140625,103.6953125,103.69140625,103.6953125,309.0
2025-06-02 13:11:00+00:00,103.6953125,103.6953125,103.69140625,103.69140625,61.0
2025-06-02 13:12:00+00:00,103.69140625,103.6953125,103.69140625,103.69140625,98.0
2025-06-02 13:13:00+00:00,103.6953125,103.6953125,103.69140625,103.69140625,764.0
2025-06-02 13:14:00+00:00,103.69921875,103.69921875,103.6953125,103.6953125,396.0
2025-06-02 13:15:00+00:00,103.6953125,103.69921875,103.6953125,103.69921875,1315.0
2025-06-02 13:16:00+00:00,103.6953125,103.6953125,103.6953125,103.6953125,60.0
2025-06-02 13:17:00+00:00,103.6953125,103.69921875,103.6953125,103.6953125,8.0
2025-06-02 13:18:00+00:00,103.6953125,103.69921875,103.6953125,103.69921875,1035.0
2025-06-02 13:19:00+00:00,103.6953125,103.69921875,103.69140625,103.6953125,1532.0
2025-06-02 13:20:00+00:00,103.69921875,103.69921875,103.69140625,103.69140625,1518.0
2025-06-02 13:21:00+00:00,103.6953125,103.6953125,103.69140625,103.6953125,244.0
2025-06-02 13:22:00+00:00,103.6953125,103.6953125,103.69140625,103.6953125,97.0
2025-06-02 13:23:00+00:00,103.69140625,103.6953125,103.69140625,103.69140625,1225.0
2025-06-02 13:24:00+00:00,103.6953125,103.6953125,103.69140625,103.69140625,234.0
2025-06-02 13:25:00+00:00,103.6953125,103.6953125,103.6953125,103.6953125,1630.0
2025-06-02 13:26:00+00:00,103.69140625,103.6953125,103.69140625,103.6953125,155.0
2025-06-02 13:27:00+00:00,103.6953125,103.6953125,103.6953125,103.6953125,294.0
2025-06-02 13:28:00+00:00,103.703125,103.703125,103.6953125,103.6953125,2024.0
2025-06-02 13:29:00+00:00,103.703125,103.703125,103.69921875,103.703125,113.0
2025-06-02 13:30:00+00:00,103.703125,103.70703125,103.69921875,103.703125,1550.0
2025-06-02 13:31:00+00:00,103.70703125,103.70703125,103.703125,103.703125,1232.0
2025-06-02 13:32:00+00:00,103.70703125,103.7109375,103.70703125,103.7109375,544.0
2025-06-02 13:33:00+00:00,103.69921875,103.703125,103.69921875,103.703125,2994.0
2025-06-02 13:34:00+00:00,103.69921875,103.69921875,103.69921875,103.69921875,630.0
2025-06-02 13:35:00+00:00,103.69140625,103.69921875,103.69140625,103.69921875,1601.0
2025-06-02 13:36:00+00:00,103.69140625,103.6953125,103.69140625,103.6953125,1407.0
2025-06-02 13:38:00+00:00,103.6953125,103.6953125,103.6953125,103.6953125,722.0
2025-06-02 13:39:00+00:00,103.68359375,103.6953125,103.68359375,103.6953125,2232.0
2025-06-02 13:40:00+00:00,103.6875,103.6875,103.68359375,103.6875,2067.0
2025-06-02 13:41:00+00:00,103.6875,103.6875,103.68359375,103.6875,3444.0
2025-06-02 13:42:00+00:00,103.68359375,103.6875,103.68359375,103.6875,87.0
2025-06-02 13:43:00+00:00,103.68359375,103.6875,103.68359375,103.6875,1368.0
2025-06-02 13:44:00+00:00,103.6875,103.6875,103.6796875,103.68359375,999.0
2025-06-02 13:45:00+00:00,103.68359375,103.6875,103.68359375,103.68359375,2451.0
2025-06-02 13:46:00+00:00,103.68359375,103.6875,103.68359375,103.68359375,506.0
2025-06-02 13:47:00+00:00,103.6875,103.6875,103.6796875,103.68359375,366.0
2025-06-02 13:48:00+00:00,103.6875,103.6875,103.6875,103.6875,127.0
2025-06-02 13:49:00+00:00,103.68359375,103.6875,103.6796875,103.6875,2173.0
2025-06-02 13:50:00+00:00,103.6875,103.6875,103.6875,103.6875,311.0
2025-06-02 13:51:00+00:00,103.6875,103.6875,103.68359375,103.68359375,14.0
2025-06-02 13:52:00+00:00,103.6875,103.69140625,103.6875,103.6875,687.0
2025-06-02 13:53:00+00:00,103.69140625,103.69140625,103.6875,103.69140625,608.0
2025-06-02 13:54:00+00:00,103.6953125,103.6953125,103.6875,103.69140625,1586.0
2025-06-02 13:55:00+00:00,103.6875,103.6953125,103.6875,103.69140625,2234.0
2025-06-02 13:56:00+00:00,103.6875,103.6875,103.6875,103.6875,382.0
2025-06-02 13:57:00+00:00,103.6875,103.6875,103.68359375,103.6875,526.0
2025-06-02 13:58:00+00:00,103.68359375,103.6875,103.68359375,103.68359375,1252.0
2025-06-02 13:59:00+00:00,103.68359375,103.6875,103.68359375,103.68359375,528.0
2025-06-02 14:00:00+00:00,103.71875,103.7265625,103.6875,103.6875,17097.0
2025-06-02 14:01:00+00:00,103.71484375,103.71875,103.70703125,103.71484375,5494.0
2025-06-02 14:02:00+00:00,103.71875,103.71875,103.7109375,103.71875,934.0
2025-06-02 14:03:00+00:00,103.71875,103.72265625,103.71484375,103.71875,1250.0
2025-06-02 14:04:00+00:00,103.71875,103.72265625,103.7109375,103.71875,6009.0
2025-06-02 14:05:00+00:00,103.71484375,103.72265625,103.71484375,103.72265625,3112.0
2025-06-02 14:06:00+00:00,103.70703125,103.71484375,103.70703125,103.71484375,959.0
2025-06-02 14:07:00+00:00,103.70703125,103.70703125,103.69921875,103.703125,605.0
2025-06-02 14:08:00+00:00,103.703125,103.70703125,103.703125,103.703125,825.0
2025-06-02 14:09:00+00:00,103.70703125,103.70703125,103.70703125,103.70703125,298.0
2025-06-02 14:10:00+00:00,103.70703125,103.70703125,103.69921875,103.70703125,216.0
2025-06-02 14:11:00+00:00,103.71484375,103.71875,103.70703125,103.70703125,1592.0
2025-06-02 14:12:00+00:00,103.7109375,103.71484375,103.7109375,103.71484375,1976.0
2025-06-02 14:13:00+00:00,103.7109375,103.71484375,103.7109375,103.7109375,959.0
2025-06-02 14:14:00+00:00,103.7109375,103.71484375,103.7109375,103.71484375,951.0
2025-06-02 14:15:00+00:00,103.7109375,103.71484375,103.7109375,103.7109375,282.0
2025-06-02 14:16:00+00:00,103.70703125,103.71484375,103.70703125,103.71484375,1656.0
2025-06-02 14:17:00+00:00,103.7109375,103.7109375,103.70703125,103.70703125,433.0
2025-06-02 14:18:00+00:00,103.70703125,103.7109375,103.70703125,103.7109375,133.0
2025-06-02 14:19:00+00:00,103.7109375,103.71484375,103.70703125,103.70703125,757.0
2025-06-02 14:20:00+00:00,103.71875,103.72265625,103.71484375,103.71484375,1001.0
2025-06-02 14:21:00+00:00,103.71875,103.71875,103.71875,103.71875,319.0
2025-06-02 14:22:00+00:00,103.72265625,103.72265625,103.71875,103.72265625,196.0
2025-06-02 14:23:00+00:00,103.71875,103.72265625,103.71484375,103.71875,1721.0
2025-06-02 14:24:00+00:00,103.72265625,103.72265625,103.72265625,103.72265625,570.0
2025-06-02 14:25:00+00:00,103.73046875,103.73046875,103.72265625,103.72265625,947.0
2025-06-02 14:26:00+00:00,103.73046875,103.734375,103.73046875,103.73046875,1520.0
2025-06-02 14:27:00+00:00,103.734375,103.734375,103.73046875,103.73046875,645.0
2025-06-02 14:28:00+00:00,103.734375,103.734375,103.73046875,103.73046875,21.0
2025-06-02 14:29:00+00:00,103.73046875,103.734375,103.7265625,103.734375,788.0
2025-06-02 14:30:00+00:00,103.734375,103.734375,103.73046875,103.734375,26.0
2025-06-02 14:31:00+00:00,103.734375,103.734375,103.73046875,103.73046875,1723.0
2025-06-02 14:32:00+00:00,103.73046875,103.734375,103.73046875,103.734375,797.0
2025-06-02 14:33:00+00:00,103.7265625,103.73046875,103.7265625,103.73046875,2152.0
2025-06-02 14:34:00+00:00,103.72265625,103.7265625,103.72265625,103.7265625,1471.0
2025-06-02 14:35:00+00:00,103.72265625,103.7265625,103.71875,103.72265625,1494.0
2025-06-02 14:36:00+00:00,103.7265625,103.7265625,103.72265625,103.7265625,1710.0
2025-06-02 14:37:00+00:00,103.72265625,103.7265625,103.72265625,103.7265625,809.0
2025-06-02 14:38:00+00:00,103.7265625,103.7265625,103.7265625,103.7265625,402.0
2025-06-02 14:39:00+00:00,103.7265625,103.73046875,103.7265625,103.73046875,160.0
2025-06-02 14:40:00+00:00,103.7265625,103.73046875,103.72265625,103.7265625,1302.0
2025-06-02 14:41:00+00:00,103.7265625,103.7265625,103.7265625,103.7265625,203.0
2025-06-02 14:42:00+00:00,103.7265625,103.73046875,103.7265625,103.73046875,11.0
2025-06-02 14:43:00+00:00,103.73046875,103.73046875,103.7265625,103.7265625,303.0
2025-06-02 14:44:00+00:00,103.734375,103.734375,103.73046875,103.73046875,543.0
2025-06-02 14:45:00+00:00,103.7265625,103.734375,103.7265625,103.73046875,606.0
2025-06-02 14:46:00+00:00,103.7265625,103.73046875,103.72265625,103.7265625,1903.0
2025-06-02 14:47:00+00:00,103.7265625,103.7265625,103.7265625,103.7265625,205.0
2025-06-02 14:48:00+00:00,103.7265625,103.7265625,103.72265625,103.72265625,372.0
2025-06-02 14:49:00+00:00,103.72265625,103.7265625,103.72265625,103.7265625,13.0
2025-06-02 14:50:00+00:00,103.71875,103.72265625,103.71875,103.72265625,426.0
2025-06-02 14:51:00+00:00,103.71875,103.71875,103.71875,103.71875,397.0
2025-06-02 14:52:00+00:00,103.72265625,103.72265625,103.71875,103.72265625,520.0
2025-06-02 14:53:00+00:00,103.7265625,103.7265625,103.7265625,103.7265625,722.0
2025-06-02 14:54:00+00:00,103.7265625,103.73046875,103.7265625,103.73046875,199.0
2025-06-02 14:55:00+00:00,103.7265625,103.7265625,103.7265625,103.7265625,735.0
2025-06-02 14:56:00+00:00,103.72265625,103.7265625,103.71875,103.7265625,737.0
2025-06-02 14:57:00+00:00,103.72265625,103.72265625,103.72265625,103.72265625,272.0
2025-06-02 14:59:00+00:00,103.72265625,103.72265625,103.72265625,103.72265625,394.0
2025-06-02 15:00:00+00:00,103.7109375,103.72265625,103.7109375,103.72265625,947.0
2025-06-02 15:01:00+00:00,103.71875,103.71875,103.7109375,103.7109375,885.0
2025-06-02 15:02:00+00:00,103.71484375,103.72265625,103.71484375,103.71875,2528.0
2025-06-02 15:03:00+00:00,103.72265625,103.72265625,103.71484375,103.71484375,4001.0
2025-06-02 15:04:00+00:00,103.71875,103.71875,103.71484375,103.71875,816.0
2025-06-02 15:05:00+00:00,103.7109375,103.71875,103.7109375,103.71484375,408.0
2025-06-02 15:06:00+00:00,103.71484375,103.71484375,103.7109375,103.7109375,303.0
2025-06-02 15:07:00+00:00,103.71484375,103.71484375,103.7109375,103.7109375,455.0
2025-06-02 15:08:00+00:00,103.71484375,103.71875,103.71484375,103.71875,8.0
2025-06-02 15:09:00+00:00,103.71875,103.71875,103.71484375,103.71484375,3.0
2025-06-02 15:10:00+00:00,103.71484375,103.71875,103.71484375,103.71484375,444.0
2025-06-02 15:11:00+00:00,103.71484375,103.71484375,103.7109375,103.7109375,296.0
2025-06-02 15:12:00+00:00,103.7109375,103.71484375,103.7109375,103.71484375,111.0
2025-06-02 15:13:00+00:00,103.7109375,103.71484375,103.7109375,103.71484375,279.0
2025-06-02 15:14:00+00:00,103.7109375,103.7109375,103.7109375,103.7109375,376.0
2025-06-02 15:15:00+00:00,103.70703125,103.71484375,103.70703125,103.71484375,50.0
2025-06-02 15:16:00+00:00,103.70703125,103.7109375,103.70703125,103.70703125,14.0
2025-06-02 15:17:00+00:00,103.7109375,103.7109375,103.70703125,103.70703125,151.0
2025-06-02 15:18:00+00:00,103.70703125,103.70703125,103.70703125,103.70703125,1271.0
2025-06-02 15:19:00+00:00,103.7109375,103.7109375,103.70703125,103.70703125,28.0
2025-06-02 15:20:00+00:00,103.70703125,103.7109375,103.70703125,103.7109375,1058.0
2025-06-02 15:21:00+00:00,103.7109375,103.7109375,103.70703125,103.70703125,355.0
2025-06-02 15:22:00+00:00,103.7109375,103.7109375,103.70703125,103.7109375,3060.0
2025-06-02 15:23:00+00:00,103.70703125,103.7109375,103.70703125,103.7109375,141.0
2025-06-02 15:24:00+00:00,103.70703125,103.7109375,103.70703125,103.7109375,1508.0
2025-06-02 15:25:00+00:00,103.703125,103.70703125,103.703125,103.703125,507.0
2025-06-02 15:26:00+00:00,103.69921875,103.703125,103.69921875,103.703125,62.0
2025-06-02 15:27:00+00:00,103.69921875,103.703125,103.69921875,103.703125,586.0
2025-06-02 15:28:00+00:00,103.6953125,103.69921875,103.69140625,103.69921875,6719.0
2025-06-02 15:29:00+00:00,103.6953125,103.6953125,103.69140625,103.6953125,476.0
2025-06-02 15:30:00+00:00,103.6953125,103.6953125,103.69140625,103.69140625,42.0
2025-06-02 15:31:00+00:00,103.69140625,103.69140625,103.6875,103.69140625,1476.0
2025-06-02 15:32:00+00:00,103.6875,103.69140625,103.6875,103.69140625,1312.0
2025-06-02 15:33:00+00:00,103.68359375,103.69140625,103.68359375,103.6875,1901.0
2025-06-02 15:34:00+00:00,103.68359375,103.6875,103.68359375,103.68359375,2256.0
2025-06-02 15:35:00+00:00,103.68359375,103.6875,103.68359375,103.68359375,970.0
2025-06-02 15:36:00+00:00,103.6796875,103.68359375,103.6796875,103.6796875,128.0
2025-06-02 15:37:00+00:00,103.68359375,103.68359375,103.6796875,103.6796875,628.0
2025-06-02 15:38:00+00:00,103.6875,103.6875,103.68359375,103.68359375,1164.0
2025-06-02 15:39:00+00:00,103.6875,103.69140625,103.68359375,103.6875,679.0
2025-06-02 15:40:00+00:00,103.6875,103.6875,103.6875,103.6875,1.0
2025-06-02 15:41:00+00:00,103.6796875,103.68359375,103.6796875,103.68359375,458.0
2025-06-02 15:42:00+00:00,103.68359375,103.6875,103.68359375,103.68359375,592.0
2025-06-02 15:43:00+00:00,103.6875,103.6875,103.68359375,103.6875,615.0
2025-06-02 15:44:00+00:00,103.68359375,103.6875,103.68359375,103.6875,118.0
2025-06-02 15:45:00+00:00,103.68359375,103.68359375,103.68359375,103.68359375,1611.0
2025-06-02 15:46:00+00:00,103.6875,103.6875,103.68359375,103.6875,183.0
2025-06-02 15:47:00+00:00,103.69140625,103.69140625,103.6875,103.6875,1292.0
2025-06-02 15:48:00+00:00,103.6875,103.69140625,103.6875,103.69140625,1394.0
2025-06-02 15:49:00+00:00,103.68359375,103.6875,103.68359375,103.6875,256.0
2025-06-02 15:50:00+00:00,103.68359375,103.68359375,103.68359375,103.68359375,240.0
2025-06-02 15:51:00+00:00,103.68359375,103.68359375,103.68359375,103.68359375,646.0
2025-06-02 15:52:00+00:00,103.68359375,103.68359375,103.68359375,103.68359375,332.0
2025-06-02 15:53:00+00:00,103.6875,103.6875,103.68359375,103.68359375,177.0
2025-06-02 15:54:00+00:00,103.68359375,103.68359375,103.68359375,103.68359375,313.0
2025-06-02 15:55:00+00:00,103.68359375,103.6875,103.6796875,103.68359375,71.0
2025-06-02 15:56:00+00:00,103.68359375,103.68359375,103.68359375,103.68359375,423.0
2025-06-02 15:57:00+00:00,103.6875,103.6875,103.68359375,103.68359375,53.0
2025-06-02 15:58:00+00:00,103.6875,103.6875,103.6875,103.6875,387.0
2025-06-02 15:59:00+00:00,103.69140625,103.69140625,103.6875,103.6875,85.0
2025-06-02 16:00:00+00:00,103.6875,103.69140625,103.6875,103.69140625,509.0
2025-06-02 16:01:00+00:00,103.6875,103.6875,103.6875,103.6875,734.0
2025-06-02 16:02:00+00:00,103.6875,103.6875,103.68359375,103.68359375,349.0
2025-06-02 16:03:00+00:00,103.6875,103.69140625,103.6875,103.69140625,1124.0
2025-06-02 16:04:00+00:00,103.69140625,103.69140625,103.6875,103.6875,196.0
2025-06-02 16:05:00+00:00,103.69140625,103.69140625,103.69140625,103.69140625,397.0
2025-06-02 16:06:00+00:00,103.69140625,103.69140625,103.69140625,103.69140625,271.0
2025-06-02 16:07:00+00:00,103.6875,103.69140625,103.6875,103.69140625,26.0
2025-06-02 16:08:00+00:00,103.6875,103.69140625,103.6875,103.69140625,239.0
2025-06-02 16:09:00+00:00,103.6875,103.69140625,103.68359375,103.69140625,1269.0
2025-06-02 16:10:00+00:00,103.6875,103.6875,103.68359375,103.6875,121.0
2025-06-02 16:11:00+00:00,103.68359375,103.6875,103.68359375,103.6875,401.0
2025-06-02 16:12:00+00:00,103.6875,103.6875,103.68359375,103.6875,194.0
2025-06-02 16:13:00+00:00,103.6875,103.6875,103.6875,103.6875,14.0
2025-06-02 16:14:00+00:00,103.6875,103.6875,103.6875,103.6875,221.0
2025-06-02 16:15:00+00:00,103.6875,103.6875,103.6875,103.6875,316.0
2025-06-02 16:16:00+00:00,103.6875,103.6875,103.6875,103.6875,108.0
2025-06-02 16:17:00+00:00,103.69140625,103.69140625,103.6875,103.6875,24.0
2025-06-02 16:18:00+00:00,103.69140625,103.69140625,103.69140625,103.69140625,2.0
2025-06-02 16:19:00+00:00,103.6875,103.69140625,103.6875,103.69140625,266.0
2025-06-02 16:20:00+00:00,103.6875,103.6875,103.6875,103.6875,258.0
2025-06-02 16:23:00+00:00,103.68359375,103.68359375,103.68359375,103.68359375,1023.0
2025-06-02 16:24:00+00:00,103.6875,103.6875,103.68359375,103.6875,5.0
2025-06-02 16:25:00+00:00,103.6875,103.6875,103.68359375,103.68359375,17.0
2025-06-02 16:26:00+00:00,103.6875,103.6875,103.6875,103.6875,34.0
2025-06-02 16:27:00+00:00,103.6875,103.6875,103.6875,103.6875,2.0
2025-06-02 16:28:00+00:00,103.6875,103.6875,103.68359375,103.68359375,18.0
2025-06-02 16:31:00+00:00,103.6875,103.6875,103.68359375,103.68359375,102.0
2025-06-02 16:32:00+00:00,103.6875,103.6875,103.68359375,103.6875,4.0
2025-06-02 16:33:00+00:00,103.6875,103.6875,103.6875,103.6875,8.0
2025-06-02 16:34:00+00:00,103.6875,103.6875,103.68359375,103.68359375,54.0
2025-06-02 16:35:00+00:00,103.6796875,103.6875,103.6796875,103.6875,3107.0
2025-06-02 16:36:00+00:00,103.6796875,103.68359375,103.6796875,103.6796875,235.0
2025-06-02 16:37:00+00:00,103.67578125,103.6796875,103.67578125,103.6796875,3428.0
2025-06-02 16:38:00+00:00,103.671875,103.67578125,103.671875,103.67578125,3482.0
2025-06-02 16:39:00+00:00,103.671875,103.671875,103.66796875,103.671875,1061.0
2025-06-02 16:41:00+00:00,103.6640625,103.66796875,103.6640625,103.66796875,932.0
2025-06-02 16:42:00+00:00,103.66796875,103.66796875,103.6640625,103.6640625,836.0
2025-06-02 16:43:00+00:00,103.66796875,103.66796875,103.66796875,103.66796875,652.0
2025-06-02 16:44:00+00:00,103.66796875,103.66796875,103.66796875,103.66796875,170.0
2025-06-02 16:45:00+00:00,103.671875,103.671875,103.671875,103.671875,314.0
2025-06-02 16:46:00+00:00,103.66796875,103.671875,103.66796875,103.671875,5.0
2025-06-02 16:47:00+00:00,103.67578125,103.67578125,103.671875,103.671875,246.0
2025-06-02 16:48:00+00:00,103.671875,103.671875,103.671875,103.671875,309.0
2025-06-02 16:49:00+00:00,103.66796875,103.671875,103.66796875,103.66796875,114.0
2025-06-02 16:50:00+00:00,103.6640625,103.6640625,103.6640625,103.6640625,1.0
2025-06-02 16:51:00+00:00,103.6640625,103.66796875,103.6640625,103.66796875,786.0
2025-06-02 16:52:00+00:00,103.66796875,103.66796875,103.6640625,103.6640625,26.0
2025-06-02 16:53:00+00:00,103.6640625,103.6640625,103.6640625,103.6640625,14.0
2025-06-02 16:54:00+00:00,103.66015625,103.66796875,103.66015625,103.66796875,1239.0
2025-06-02 16:55:00+00:00,103.66015625,103.6640625,103.66015625,103.6640625,14.0
2025-06-02 16:56:00+00:00,103.66015625,103.6640625,103.66015625,103.6640625,17.0
2025-06-02 16:57:00+00:00,103.6640625,103.6640625,103.66015625,103.66015625,7.0
2025-06-02 16:58:00+00:00,103.66015625,103.66015625,103.66015625,103.66015625,10.0
2025-06-02 16:59:00+00:00,103.6640625,103.6640625,103.66015625,103.66015625,397.0
2025-06-02 17:00:00+00:00,103.6640625,103.6640625,103.66015625,103.6640625,1128.0
2025-06-02 17:01:00+00:00,103.6640625,103.6640625,103.6640625,103.6640625,293.0
2025-06-02 17:02:00+00:00,103.6640625,103.66796875,103.6640625,103.6640625,422.0
2025-06-02 17:03:00+00:00,103.66015625,103.66015625,103.66015625,103.66015625,275.0
2025-06-02 17:04:00+00:00,103.66015625,103.66015625,103.66015625,103.66015625,1081.0
2025-06-02 17:05:00+00:00,103.66015625,103.6640625,103.66015625,103.6640625,9.0
2025-06-02 17:06:00+00:00,103.66015625,103.6640625,103.66015625,103.66015625,15.0
2025-06-02 17:07:00+00:00,103.66015625,103.6640625,103.66015625,103.66015625,29.0
2025-06-02 17:08:00+00:00,103.66015625,103.6640625,103.66015625,103.66015625,28.0
2025-06-02 17:09:00+00:00,103.66015625,103.6640625,103.66015625,103.66015625,33.0
2025-06-02 17:10:00+00:00,103.66015625,103.6640625,103.66015625,103.66015625,13.0
2025-06-02 17:11:00+00:00,103.6640625,103.6640625,103.66015625,103.66015625,136.0
2025-06-02 17:12:00+00:00,103.6640625,103.6640625,103.66015625,103.6640625,164.0
2025-06-02 17:13:00+00:00,103.66015625,103.66015625,103.66015625,103.66015625,338.0
2025-06-02 17:14:00+00:00,103.66015625,103.66015625,103.66015625,103.66015625,1.0
2025-06-02 17:15:00+00:00,103.6640625,103.6640625,103.66015625,103.66015625,11.0
2025-06-02 17:16:00+00:00,103.66015625,103.6640625,103.66015625,103.66015625,544.0
2025-06-02 17:17:00+00:00,103.66015625,103.66015625,103.66015625,103.66015625,341.0
2025-06-02 17:18:00+00:00,103.66015625,103.66015625,103.65625,103.66015625,221.0
2025-06-02 17:19:00+00:00,103.66015625,103.6640625,103.66015625,103.6640625,19.0
2025-06-02 17:20:00+00:00,103.66015625,103.6640625,103.66015625,103.6640625,11.0
2025-06-02 17:21:00+00:00,103.66015625,103.66015625,103.65625,103.66015625,225.0
2025-06-02 17:22:00+00:00,103.6640625,103.6640625,103.66015625,103.66015625,6.0
2025-06-02 17:23:00+00:00,103.66015625,103.6640625,103.66015625,103.6640625,40.0
2025-06-02 17:24:00+00:00,103.6640625,103.6640625,103.6640625,103.6640625,3.0
2025-06-02 17:25:00+00:00,103.66015625,103.66015625,103.66015625,103.66015625,287.0
2025-06-02 17:26:00+00:00,103.65625,103.66015625,103.65625,103.66015625,52.0
2025-06-02 17:27:00+00:00,103.65625,103.65625,103.65625,103.65625,449.0
2025-06-02 17:28:00+00:00,103.65625,103.65625,103.65234375,103.65234375,56.0
2025-06-02 17:29:00+00:00,103.65234375,103.65625,103.65234375,103.65625,39.0
2025-06-02 17:30:00+00:00,103.65625,103.65625,103.65625,103.65625,657.0
2025-06-02 17:31:00+00:00,103.66015625,103.66015625,103.65234375,103.65234375,2901.0
2025-06-02 17:32:00+00:00,103.6640625,103.6640625,103.66015625,103.6640625,25.0
2025-06-02 17:33:00+00:00,103.66015625,103.66015625,103.66015625,103.66015625,8.0
2025-06-02 17:35:00+00:00,103.65625,103.6640625,103.65625,103.66015625,412.0
2025-06-02 17:36:00+00:00,103.65234375,103.65625,103.65234375,103.65625,1963.0
2025-06-02 17:37:00+00:00,103.65625,103.65625,103.65625,103.65625,333.0
2025-06-02 17:38:00+00:00,103.65625,103.66015625,103.65625,103.65625,36.0
2025-06-02 17:39:00+00:00,103.65625,103.66015625,103.65625,103.65625,19.0
2025-06-02 17:40:00+00:00,103.65625,103.66015625,103.65625,103.65625,16.0
2025-06-02 17:41:00+00:00,103.66015625,103.66015625,103.65625,103.65625,597.0
2025-06-02 17:42:00+00:00,103.65625,103.65625,103.65625,103.65625,3.0
2025-06-02 17:43:00+00:00,103.65625,103.65625,103.65625,103.65625,4017.0
2025-06-02 17:44:00+00:00,103.65625,103.66015625,103.65625,103.65625,2344.0
2025-06-02 17:45:00+00:00,103.65625,103.65625,103.65625,103.65625,205.0
2025-06-02 17:46:00+00:00,103.65625,103.66015625,103.65625,103.65625,49.0
2025-06-02 17:47:00+00:00,103.65625,103.65625,103.65625,103.65625,12.0
2025-06-02 17:48:00+00:00,103.65625,103.66015625,103.65625,103.66015625,10.0
2025-06-02 17:49:00+00:00,103.65625,103.65625,103.65625,103.65625,363.0
2025-06-02 17:50:00+00:00,103.65625,103.66015625,103.65625,103.66015625,31.0
2025-06-02 17:51:00+00:00,103.65625,103.65625,103.65234375,103.65625,326.0
2025-06-02 17:52:00+00:00,103.65234375,103.65625,103.65234375,103.65625,34.0
2025-06-02 17:53:00+00:00,103.65625,103.65625,103.65234375,103.65625,650.0
2025-06-02 17:54:00+00:00,103.65625,103.65625,103.65625,103.65625,46.0
2025-06-02 17:55:00+00:00,103.6484375,103.65625,103.6484375,103.65625,158.0
2025-06-02 17:56:00+00:00,103.65234375,103.65625,103.65234375,103.65234375,1059.0
2025-06-02 17:57:00+00:00,103.65234375,103.65234375,103.65234375,103.65234375,36.0
2025-06-02 17:58:00+00:00,103.65234375,103.65234375,103.65234375,103.65234375,836.0
2025-06-02 17:59:00+00:00,103.65234375,103.65234375,103.65234375,103.65234375,21.0
2025-06-02 18:00:00+00:00,103.65234375,103.65625,103.65234375,103.65234375,276.0
2025-06-02 18:01:00+00:00,103.65234375,103.65234375,103.6484375,103.65234375,264.0
2025-06-02 18:02:00+00:00,103.65234375,103.65234375,103.6484375,103.65234375,1520.0
2025-06-02 18:03:00+00:00,103.65234375,103.65234375,103.65234375,103.65234375,29.0
2025-06-02 18:04:00+00:00,103.65234375,103.65234375,103.6484375,103.65234375,1651.0
2025-06-02 18:06:00+00:00,103.6484375,103.65234375,103.6484375,103.6484375,143.0
2025-06-02 18:07:00+00:00,103.65234375,103.65234375,103.6484375,103.6484375,371.0
2025-06-02 18:08:00+00:00,103.65234375,103.65234375,103.65234375,103.65234375,608.0
2025-06-02 18:09:00+00:00,103.65625,103.65625,103.65234375,103.65234375,319.0
2025-06-02 18:10:00+00:00,103.65234375,103.65625,103.65234375,103.65625,1055.0
2025-06-02 18:12:00+00:00,103.65625,103.66015625,103.65625,103.65625,182.0
2025-06-02 18:13:00+00:00,103.66015625,103.66015625,103.66015625,103.66015625,33.0
2025-06-02 18:14:00+00:00,103.65625,103.65625,103.65625,103.65625,292.0
2025-06-02 18:15:00+00:00,103.65234375,103.65625,103.65234375,103.65625,285.0
2025-06-02 18:16:00+00:00,103.65625,103.65625,103.65625,103.65625,301.0
2025-06-02 18:17:00+00:00,103.65625,103.65625,103.65625,103.65625,26.0
2025-06-02 18:18:00+00:00,103.65234375,103.65234375,103.65234375,103.65234375,665.0
2025-06-02 18:19:00+00:00,103.65234375,103.65234375,103.65234375,103.65234375,142.0
2025-06-02 18:20:00+00:00,103.65625,103.65625,103.65234375,103.65625,207.0
2025-06-02 18:21:00+00:00,103.65625,103.65625,103.65234375,103.65625,174.0
2025-06-02 18:22:00+00:00,103.65234375,103.65625,103.65234375,103.65625,131.0
2025-06-02 18:23:00+00:00,103.65625,103.65625,103.65234375,103.65234375,512.0
2025-06-02 18:24:00+00:00,103.65625,103.65625,103.65625,103.65625,267.0
2025-06-02 18:25:00+00:00,103.65234375,103.65234375,103.65234375,103.65234375,52.0
2025-06-02 18:26:00+00:00,103.65234375,103.65625,103.6484375,103.65625,743.0
2025-06-02 18:27:00+00:00,103.65234375,103.65234375,103.65234375,103.65234375,365.0
2025-06-02 18:28:00+00:00,103.65234375,103.65234375,103.65234375,103.65234375,436.0
2025-06-02 18:29:00+00:00,103.65234375,103.65234375,103.65234375,103.65234375,159.0
2025-06-02 18:30:00+00:00,103.65234375,103.65234375,103.6484375,103.6484375,328.0
2025-06-02 18:31:00+00:00,103.6484375,103.65234375,103.6484375,103.65234375,359.0
2025-06-02 18:32:00+00:00,103.6484375,103.65234375,103.6484375,103.6484375,32.0
2025-06-02 18:33:00+00:00,103.65234375,103.65234375,103.6484375,103.6484375,7.0
2025-06-02 18:34:00+00:00,103.6484375,103.6484375,103.6484375,103.6484375,1.0
2025-06-02 18:35:00+00:00,103.64453125,103.65234375,103.64453125,103.65234375,382.0
2025-06-02 18:36:00+00:00,103.6484375,103.6484375,103.64453125,103.6484375,247.0
2025-06-02 18:37:00+00:00,103.64453125,103.6484375,103.64453125,103.6484375,135.0
2025-06-02 18:38:00+00:00,103.6484375,103.6484375,103.64453125,103.64453125,785.0
2025-06-02 18:39:00+00:00,103.6484375,103.6484375,103.6484375,103.6484375,36.0
2025-06-02 18:40:00+00:00,103.65234375,103.65234375,103.65234375,103.65234375,523.0
2025-06-02 18:41:00+00:00,103.65625,103.65625,103.65234375,103.65234375,709.0
2025-06-02 18:42:00+00:00,103.65625,103.65625,103.65625,103.65625,864.0
2025-06-02 18:43:00+00:00,103.65625,103.66015625,103.65625,103.65625,42.0
2025-06-02 18:44:00+00:00,103.65234375,103.66015625,103.65234375,103.66015625,377.0
2025-06-02 18:45:00+00:00,103.66015625,103.66015625,103.65234375,103.65234375,635.0
2025-06-02 18:46:00+00:00,103.6640625,103.6640625,103.65625,103.65625,1479.0
2025-06-02 18:47:00+00:00,103.6640625,103.6640625,103.66015625,103.6640625,1236.0
2025-06-02 18:48:00+00:00,103.65625,103.6640625,103.65625,103.6640625,289.0
2025-06-02 18:49:00+00:00,103.66015625,103.66015625,103.65625,103.66015625,414.0
2025-06-02 18:50:00+00:00,103.65625,103.6640625,103.65625,103.6640625,307.0
2025-06-02 18:51:00+00:00,103.65625,103.65625,103.65234375,103.65625,554.0
2025-06-02 18:52:00+00:00,103.65625,103.65625,103.65234375,103.65234375,792.0
2025-06-02 18:53:00+00:00,103.65625,103.66015625,103.65625,103.65625,341.0
2025-06-02 18:54:00+00:00,103.65625,103.66015625,103.65625,103.65625,189.0
2025-06-02 18:55:00+00:00,103.65625,103.65625,103.65625,103.65625,2050.0
2025-06-02 18:56:00+00:00,103.65234375,103.65625,103.65234375,103.65234375,363.0
2025-06-02 18:57:00+00:00,103.65234375,103.65625,103.65234375,103.65234375,433.0
2025-06-02 18:58:00+00:00,103.6484375,103.65234375,103.6484375,103.65234375,2479.0
2025-06-02 18:59:00+00:00,103.65234375,103.65625,103.6484375,103.6484375,11405.0
2025-06-02 19:00:00+00:00,103.65625,103.66015625,103.6484375,103.65234375,827.0
2025-06-02 19:01:00+00:00,103.65625,103.6640625,103.65625,103.66015625,968.0
2025-06-02 19:02:00+00:00,103.65625,103.66015625,103.65625,103.66015625,416.0
2025-06-02 19:03:00+00:00,103.65625,103.65625,103.65234375,103.65625,138.0
2025-06-02 19:04:00+00:00,103.65625,103.65625,103.65625,103.65625,188.0
2025-06-02 19:05:00+00:00,103.65625,103.66015625,103.65625,103.65625,1451.0
2025-06-02 19:06:00+00:00,103.65625,103.65625,103.65234375,103.65625,437.0
2025-06-02 19:07:00+00:00,103.65625,103.65625,103.65625,103.65625,448.0
2025-06-02 19:08:00+00:00,103.66015625,103.66015625,103.66015625,103.66015625,99.0
2025-06-02 19:09:00+00:00,103.66015625,103.66015625,103.65625,103.65625,7.0
2025-06-02 19:10:00+00:00,103.65625,103.66015625,103.65625,103.66015625,198.0
2025-06-02 19:11:00+00:00,103.65625,103.65625,103.65625,103.65625,304.0
2025-06-02 19:12:00+00:00,103.65625,103.65625,103.65234375,103.65625,481.0
2025-06-02 19:13:00+00:00,103.65625,103.65625,103.65625,103.65625,47.0
2025-06-02 19:14:00+00:00,103.65625,103.66015625,103.65625,103.66015625,105.0
2025-06-02 19:15:00+00:00,103.65625,103.65625,103.65625,103.65625,464.0
2025-06-02 19:16:00+00:00,103.65625,103.65625,103.65234375,103.65234375,382.0
2025-06-02 19:17:00+00:00,103.65234375,103.65234375,103.65234375,103.65234375,105.0
2025-06-02 19:18:00+00:00,103.65234375,103.65625,103.65234375,103.65234375,157.0
2025-06-02 19:19:00+00:00,103.65625,103.65625,103.65234375,103.65234375,527.0
2025-06-02 19:20:00+00:00,103.65625,103.65625,103.65234375,103.65234375,1041.0
2025-06-02 19:21:00+00:00,103.65625,103.65625,103.65625,103.65625,467.0
2025-06-02 19:22:00+00:00,103.65625,103.66015625,103.65625,103.66015625,333.0
2025-06-02 19:23:00+00:00,103.65234375,103.65625,103.65234375,103.65625,33.0
2025-06-02 19:24:00+00:00,103.65234375,103.65625,103.65234375,103.65234375,81.0
2025-06-02 19:25:00+00:00,103.65625,103.65625,103.65625,103.65625,2.0
2025-06-02 19:26:00+00:00,103.65625,103.65625,103.65625,103.65625,151.0
2025-06-02 19:27:00+00:00,103.65625,103.66015625,103.65625,103.65625,1375.0
2025-06-02 19:28:00+00:00,103.65625,103.65625,103.65625,103.65625,227.0
2025-06-02 19:29:00+00:00,103.65625,103.65625,103.65625,103.65625,613.0
2025-06-02 19:30:00+00:00,103.65625,103.65625,103.65234375,103.65625,504.0
2025-06-02 19:31:00+00:00,103.65625,103.65625,103.65625,103.65625,33.0
2025-06-02 19:32:00+00:00,103.65234375,103.65234375,103.65234375,103.65234375,1244.0
2025-06-02 19:33:00+00:00,103.65625,103.65625,103.65625,103.65625,2005.0
2025-06-02 19:34:00+00:00,103.65625,103.65625,103.65234375,103.65625,141.0
2025-06-02 19:35:00+00:00,103.65234375,103.65234375,103.65234375,103.65234375,1265.0
2025-06-02 19:36:00+00:00,103.65625,103.65625,103.65625,103.65625,51.0
2025-06-02 19:37:00+00:00,103.65625,103.65625,103.65234375,103.65625,665.0
2025-06-02 19:38:00+00:00,103.65234375,103.65625,103.65234375,103.65625,243.0
2025-06-02 19:39:00+00:00,103.65234375,103.65625,103.65234375,103.65234375,168.0
2025-06-02 19:40:00+00:00,103.65234375,103.65625,103.65234375,103.65234375,46.0
2025-06-02 19:41:00+00:00,103.65234375,103.65625,103.65234375,103.65234375,1039.0
2025-06-02 19:42:00+00:00,103.65625,103.65625,103.65234375,103.65234375,80.0
2025-06-02 19:43:00+00:00,103.65625,103.65625,103.65234375,103.65234375,1204.0
2025-06-02 19:44:00+00:00,103.65625,103.65625,103.65234375,103.65234375,1118.0
2025-06-02 19:45:00+00:00,103.65234375,103.65625,103.65234375,103.65234375,38.0
2025-06-02 19:46:00+00:00,103.66015625,103.66015625,103.65234375,103.65234375,616.0
2025-06-02 19:47:00+00:00,103.66015625,103.6640625,103.65625,103.65625,1119.0
2025-06-02 19:48:00+00:00,103.66015625,103.6640625,103.66015625,103.66015625,217.0
2025-06-02 19:49:00+00:00,103.6640625,103.6640625,103.66015625,103.66015625,1937.0
2025-06-02 19:50:00+00:00,103.66015625,103.6640625,103.65625,103.66015625,1842.0
2025-06-02 19:51:00+00:00,103.66015625,103.66015625,103.65625,103.66015625,375.0
2025-06-02 19:52:00+00:00,103.66015625,103.6640625,103.66015625,103.66015625,27.0
2025-06-02 19:53:00+00:00,103.6640625,103.6640625,103.66015625,103.66015625,75.0
2025-06-02 19:54:00+00:00,103.6640625,103.6640625,103.66015625,103.66015625,38.0
2025-06-02 19:55:00+00:00,103.66015625,103.6640625,103.66015625,103.66015625,37.0
2025-06-02 19:56:00+00:00,103.6640625,103.6640625,103.66015625,103.66015625,2029.0
2025-06-02 19:57:00+00:00,103.66015625,103.6640625,103.66015625,103.66015625,145.0
2025-06-02 19:58:00+00:00,103.6640625,103.66796875,103.66015625,103.66015625,795.0
2025-06-02 19:59:00+00:00,103.6640625,103.66796875,103.66015625,103.66796875,4870.0
2025-06-02 20:00:00+00:00,103.66796875,103.671875,103.66015625,103.66015625,3642.0
2025-06-02 20:01:00+00:00,103.66796875,103.66796875,103.6640625,103.66796875,1043.0
2025-06-02 20:02:00+00:00,103.66796875,103.671875,103.6640625,103.66796875,451.0
2025-06-02 20:03:00+00:00,103.671875,103.671875,103.66796875,103.671875,160.0
2025-06-02 20:04:00+00:00,103.66796875,103.66796875,103.66015625,103.66796875,4181.0
2025-06-02 20:05:00+00:00,103.6640625,103.66796875,103.6640625,103.66796875,360.0
2025-06-02 20:06:00+00:00,103.66015625,103.66796875,103.66015625,103.6640625,1808.0
2025-06-02 20:07:00+00:00,103.66796875,103.66796875,103.66015625,103.66015625,634.0
2025-06-02 20:08:00+00:00,103.6640625,103.66796875,103.6640625,103.66796875,4092.0
2025-06-02 20:09:00+00:00,103.66796875,103.66796875,103.6640625,103.6640625,460.0
2025-06-02 20:10:00+00:00,103.6640625,103.66796875,103.6640625,103.66796875,221.0
2025-06-02 20:11:00+00:00,103.6640625,103.66796875,103.6640625,103.6640625,360.0
2025-06-02 20:12:00+00:00,103.6640625,103.66796875,103.6640625,103.66796875,160.0
2025-06-02 20:13:00+00:00,103.6640625,103.66796875,103.6640625,103.66796875,82.0
2025-06-02 20:14:00+00:00,103.66796875,103.66796875,103.6640625,103.66796875,21.0
2025-06-02 20:15:00+00:00,103.6640625,103.66796875,103.6640625,103.66796875,47.0
2025-06-02 20:16:00+00:00,103.6640625,103.66796875,103.6640625,103.6640625,3231.0
2025-06-02 20:18:00+00:00,103.66796875,103.66796875,103.6640625,103.6640625,289.0
2025-06-02 20:19:00+00:00,103.6640625,103.6640625,103.6640625,103.6640625,1518.0
2025-06-02 20:20:00+00:00,103.66015625,103.6640625,103.66015625,103.6640625,2662.0
2025-06-02 20:21:00+00:00,103.6640625,103.6640625,103.66015625,103.66015625,945.0
2025-06-02 20:22:00+00:00,103.6640625,103.6640625,103.6640625,103.6640625,16.0
2025-06-02 20:23:00+00:00,103.6640625,103.6640625,103.6640625,103.6640625,61.0
2025-06-02 20:24:00+00:00,103.6640625,103.6640625,103.6640625,103.6640625,32.0
2025-06-02 20:25:00+00:00,103.6640625,103.66796875,103.6640625,103.6640625,1140.0
2025-06-02 20:26:00+00:00,103.6640625,103.6640625,103.6640625,103.6640625,8.0
2025-06-02 20:27:00+00:00,103.6640625,103.6640625,103.6640625,103.6640625,6.0
2025-06-02 20:29:00+00:00,103.6640625,103.6640625,103.6640625,103.6640625,9.0
2025-06-02 20:31:00+00:00,103.6640625,103.6640625,103.6640625,103.6640625,401.0
2025-06-02 20:32:00+00:00,103.66796875,103.66796875,103.6640625,103.6640625,64.0
2025-06-02 20:34:00+00:00,103.66796875,103.66796875,103.6640625,103.6640625,186.0
2025-06-02 20:36:00+00:00,103.6640625,103.66796875,103.66015625,103.66796875,988.0
2025-06-02 20:38:00+00:00,103.6640625,103.6640625,103.66015625,103.6640625,770.0
2025-06-02 20:39:00+00:00,103.6640625,103.6640625,103.6640625,103.6640625,20.0
2025-06-02 20:40:00+00:00,103.66796875,103.66796875,103.6640625,103.6640625,1807.0
2025-06-02 20:41:00+00:00,103.6640625,103.66796875,103.6640625,103.66796875,103.0
2025-06-02 20:46:00+00:00,103.6640625,103.6640625,103.6640625,103.6640625,29.0
2025-06-02 20:47:00+00:00,103.6640625,103.6640625,103.6640625,103.6640625,1291.0
2025-06-02 20:48:00+00:00,103.6640625,103.6640625,103.6640625,103.6640625,511.0
2025-06-02 20:49:00+00:00,103.6640625,103.6640625,103.6640625,103.6640625,13.0
2025-06-02 20:50:00+00:00,103.66015625,103.6640625,103.66015625,103.66015625,35.0
2025-06-02 20:51:00+00:00,103.66015625,103.6640625,103.66015625,103.6640625,1465.0
2025-06-02 20:52:00+00:00,103.6640625,103.6640625,103.6640625,103.6640625,7.0
2025-06-02 20:53:00+00:00,103.6640625,103.6640625,103.66015625,103.66015625,92.0
2025-06-02 20:54:00+00:00,103.66015625,103.6640625,103.66015625,103.6640625,509.0
2025-06-02 20:55:00+00:00,103.6640625,103.6640625,103.66015625,103.6640625,175.0
2025-06-02 20:56:00+00:00,103.6640625,103.6640625,103.6640625,103.6640625,15.0
2025-06-02 20:57:00+00:00,103.6640625,103.6640625,103.6640625,103.6640625,259.0
2025-06-02 20:58:00+00:00,103.6640625,103.6640625,103.6640625,103.6640625,921.0
2025-06-02 20:59:00+00:00,103.66015625,103.6640625,103.66015625,103.6640625,566.0
2025-06-02 22:00:00+00:00,103.65625,103.6640625,103.65625,103.6640625,0.0
2025-06-02 22:01:00+00:00,103.65625,103.66015625,103.65234375,103.66015625,254.0
2025-06-02 22:02:00+00:00,103.65625,103.65625,103.65625,103.65625,6.0
2025-06-02 22:04:00+00:00,103.66015625,103.66015625,103.66015625,103.66015625,146.0
2025-06-02 22:05:00+00:00,103.65625,103.65625,103.65625,103.65625,87.0
2025-06-02 22:07:00+00:00,103.65625,103.65625,103.65625,103.65625,1.0
2025-06-02 22:13:00+00:00,103.65625,103.65625,103.65625,103.65625,266.0
2025-06-02 22:16:00+00:00,103.65625,103.65625,103.65234375,103.65234375,2.0
2025-06-02 22:20:00+00:00,103.65625,103.65625,103.65625,103.65625,42.0
2025-06-02 22:21:00+00:00,103.65625,103.65625,103.65625,103.65625,5.0
2025-06-02 22:23:00+00:00,103.65625,103.65625,103.65625,103.65625,4.0
2025-06-02 22:26:00+00:00,103.65625,103.65625,103.65625,103.65625,11.0
2025-06-02 22:29:00+00:00,103.65234375,103.65234375,103.6484375,103.65234375,1828.0
2025-06-02 22:30:00+00:00,103.65234375,103.65234375,103.65234375,103.65234375,37.0
2025-06-02 22:31:00+00:00,103.65234375,103.65234375,103.65234375,103.65234375,6.0
2025-06-02 22:32:00+00:00,103.65234375,103.65234375,103.65234375,103.65234375,2.0
2025-06-02 22:33:00+00:00,103.65234375,103.65234375,103.65234375,103.65234375,213.0
2025-06-02 22:34:00+00:00,103.65625,103.65625,103.65234375,103.65234375,403.0
2025-06-02 22:38:00+00:00,103.65625,103.65625,103.65625,103.65625,18.0
2025-06-02 22:39:00+00:00,103.65625,103.65625,103.65625,103.65625,15.0
2025-06-02 22:40:00+00:00,103.65625,103.65625,103.65625,103.65625,80.0
2025-06-02 22:41:00+00:00,103.65625,103.65625,103.65625,103.65625,28.0
2025-06-02 22:43:00+00:00,103.66015625,103.66015625,103.66015625,103.66015625,7.0
2025-06-02 22:51:00+00:00,103.65625,103.65625,103.65625,103.65625,60.0
2025-06-02 22:52:00+00:00,103.65625,103.65625,103.65625,103.65625,8.0
2025-06-02 22:59:00+00:00,103.65625,103.65625,103.65625,103.65625,65.0
2025-06-02 23:00:00+00:00,103.65625,103.65625,103.65625,103.65625,75.0
2025-06-02 23:02:00+00:00,103.65625,103.65625,103.65625,103.65625,82.0
2025-06-02 23:03:00+00:00,103.65625,103.65625,103.65625,103.65625,150.0
2025-06-02 23:04:00+00:00,103.65625,103.65625,103.65234375,103.65625,38.0
2025-06-02 23:25:00+00:00,103.66015625,103.66015625,103.65625,103.65625,475.0
2025-06-02 23:26:00+00:00,103.66015625,103.66015625,103.66015625,103.66015625,93.0
2025-06-02 23:28:00+00:00,103.65625,103.65625,103.65625,103.65625,887.0
2025-06-02 23:29:00+00:00,103.65625,103.65625,103.65625,103.65625,106.0
2025-06-02 23:34:00+00:00,103.65625,103.65625,103.65625,103.65625,48.0
2025-06-02 23:38:00+00:00,103.66015625,103.66015625,103.66015625,103.66015625,441.0
2025-06-02 23:39:00+00:00,103.66015625,103.66015625,103.66015625,103.66015625,4.0
2025-06-02 23:40:00+00:00,103.66015625,103.66015625,103.66015625,103.66015625,39.0
2025-06-02 23:42:00+00:00,103.66015625,103.66015625,103.66015625,103.66015625,6.0
2025-06-02 23:44:00+00:00,103.66015625,103.66015625,103.66015625,103.66015625,24.0
2025-06-02 23:45:00+00:00,103.66015625,103.66015625,103.66015625,103.66015625,110.0
2025-06-02 23:47:00+00:00,103.66015625,103.66015625,103.66015625,103.66015625,2.0
2025-06-02 23:52:00+00:00,103.66015625,103.66015625,103.66015625,103.66015625,77.0
2025-06-03 00:00:00+00:00,103.66015625,103.6640625,103.66015625,103.6640625,102.0
2025-06-03 00:04:00+00:00,103.6640625,103.6640625,103.6640625,103.6640625,70.0
2025-06-03 00:05:00+00:00,103.66015625,103.66015625,103.66015625,103.66015625,145.0
2025-06-03 00:06:00+00:00,103.66015625,103.66015625,103.66015625,103.66015625,15.0
2025-06-03 00:11:00+00:00,103.66796875,103.66796875,103.66796875,103.66796875,0.0
2025-06-03 00:12:00+00:00,103.6640625,103.6640625,103.6640625,103.6640625,7021.0
2025-06-03 00:13:00+00:00,103.6640625,103.6640625,103.6640625,103.6640625,37.0
2025-06-03 00:14:00+00:00,103.6640625,103.6640625,103.6640625,103.6640625,141.0
2025-06-03 00:15:00+00:00,103.66015625,103.66796875,103.66015625,103.6640625,265.0
2025-06-03 00:17:00+00:00,103.6640625,103.6640625,103.6640625,103.6640625,100.0
2025-06-03 00:19:00+00:00,103.66796875,103.66796875,103.66796875,103.66796875,2.0
2025-06-03 00:20:00+00:00,103.66796875,103.66796875,103.66796875,103.66796875,132.0
2025-06-03 00:23:00+00:00,103.66796875,103.66796875,103.66796875,103.66796875,452.0
2025-06-03 00:24:00+00:00,103.6640625,103.6640625,103.6640625,103.6640625,30.0
2025-06-03 00:25:00+00:00,103.6640625,103.6640625,103.6640625,103.6640625,49.0
2025-06-03 00:26:00+00:00,103.6640625,103.6640625,103.6640625,103.6640625,53.0
2025-06-03 00:28:00+00:00,103.66796875,103.66796875,103.66796875,103.66796875,84.0
2025-06-03 00:31:00+00:00,103.671875,103.671875,103.671875,103.671875,4.0
2025-06-03 00:32:00+00:00,103.671875,103.671875,103.671875,103.671875,120.0
2025-06-03 00:35:00+00:00,103.671875,103.671875,103.671875,103.671875,273.0
2025-06-03 00:38:00+00:00,103.671875,103.671875,103.671875,103.671875,194.0
2025-06-03 00:39:00+00:00,103.671875,103.671875,103.671875,103.671875,40.0
2025-06-03 00:44:00+00:00,103.671875,103.671875,103.671875,103.671875,10.0
2025-06-03 00:45:00+00:00,103.66796875,103.66796875,103.66796875,103.66796875,41.0
2025-06-03 00:46:00+00:00,103.66796875,103.66796875,103.66796875,103.66796875,22.0
2025-06-03 00:48:00+00:00,103.66796875,103.66796875,103.66796875,103.66796875,19.0
2025-06-03 00:55:00+00:00,103.66796875,103.66796875,103.66796875,103.66796875,101.0
2025-06-03 00:59:00+00:00,103.66796875,103.66796875,103.66796875,103.66796875,1.0
2025-06-03 01:00:00+00:00,103.6640625,103.6640625,103.6640625,103.6640625,202.0
2025-06-03 01:01:00+00:00,103.66015625,103.66015625,103.66015625,103.66015625,102.0
2025-06-03 01:02:00+00:00,103.6640625,103.6640625,103.6640625,103.6640625,110.0
2025-06-03 01:03:00+00:00,103.6640625,103.6640625,103.6640625,103.6640625,139.0
2025-06-03 01:10:00+00:00,103.66796875,103.66796875,103.66796875,103.66796875,100.0
2025-06-03 01:15:00+00:00,103.6640625,103.66796875,103.6640625,103.6640625,108.0
2025-06-03 01:18:00+00:00,103.66796875,103.671875,103.66796875,103.66796875,66.0
2025-06-03 01:19:00+00:00,103.6640625,103.66796875,103.6640625,103.66796875,15.0
2025-06-03 01:22:00+00:00,103.6640625,103.6640625,103.6640625,103.6640625,42.0
2025-06-03 01:23:00+00:00,103.6640625,103.66796875,103.6640625,103.6640625,204.0
2025-06-03 01:26:00+00:00,103.6640625,103.6640625,103.6640625,103.6640625,71.0
2025-06-03 01:27:00+00:00,103.6640625,103.6640625,103.6640625,103.6640625,50.0
2025-06-03 01:30:00+00:00,103.66015625,103.66015625,103.66015625,103.66015625,3.0
2025-06-03 01:32:00+00:00,103.66015625,103.66015625,103.66015625,103.66015625,278.0
2025-06-03 01:33:00+00:00,103.66015625,103.66015625,103.66015625,103.66015625,129.0
2025-06-03 01:35:00+00:00,103.6640625,103.6640625,103.66015625,103.66015625,4.0
2025-06-03 01:40:00+00:00,103.66015625,103.66015625,103.66015625,103.66015625,186.0
2025-06-03 01:42:00+00:00,103.6640625,103.6640625,103.6640625,103.6640625,101.0
2025-06-03 01:44:00+00:00,103.66015625,103.66015625,103.65625,103.66015625,236.0
2025-06-03 01:48:00+00:00,103.66015625,103.66015625,103.66015625,103.66015625,273.0
2025-06-03 01:50:00+00:00,103.66015625,103.66015625,103.66015625,103.66015625,274.0
2025-06-03 01:52:00+00:00,103.66015625,103.66015625,103.66015625,103.66015625,257.0
2025-06-03 01:53:00+00:00,103.66015625,103.66015625,103.66015625,103.66015625,100.0
2025-06-03 01:55:00+00:00,103.65625,103.65625,103.65625,103.65625,527.0
2025-06-03 01:58:00+00:00,103.65625,103.65625,103.65625,103.65625,41.0
2025-06-03 01:59:00+00:00,103.65625,103.65625,103.65625,103.65625,175.0
2025-06-03 02:00:00+00:00,103.65625,103.65625,103.65625,103.65625,29.0
2025-06-03 02:01:00+00:00,103.65625,103.65625,103.65625,103.65625,52.0
2025-06-03 02:04:00+00:00,103.65625,103.65625,103.65625,103.65625,156.0
2025-06-03 02:05:00+00:00,103.65625,103.65625,103.65625,103.65625,25.0
2025-06-03 02:06:00+00:00,103.65625,103.65625,103.65625,103.65625,35.0
2025-06-03 02:09:00+00:00,103.65625,103.65625,103.65625,103.65625,53.0
2025-06-03 02:10:00+00:00,103.65625,103.65625,103.65625,103.65625,32.0
2025-06-03 02:18:00+00:00,103.66015625,103.66015625,103.66015625,103.66015625,26.0
2025-06-03 02:21:00+00:00,103.66015625,103.66015625,103.66015625,103.66015625,42.0
2025-06-03 02:24:00+00:00,103.65625,103.6640625,103.65625,103.6640625,10.0
2025-06-03 02:26:00+00:00,103.66015625,103.66015625,103.65625,103.66015625,57.0
2025-06-03 02:28:00+00:00,103.66015625,103.66015625,103.66015625,103.66015625,35.0
2025-06-03 02:30:00+00:00,103.66015625,103.66015625,103.66015625,103.66015625,122.0
2025-06-03 02:35:00+00:00,103.66015625,103.66015625,103.66015625,103.66015625,49.0
2025-06-03 02:37:00+00:00,103.65625,103.65625,103.65625,103.65625,68.0
2025-06-03 02:38:00+00:00,103.65625,103.65625,103.65234375,103.65625,24.0
2025-06-03 02:49:00+00:00,103.65625,103.65625,103.65234375,103.65625,36.0
2025-06-03 03:01:00+00:00,103.65625,103.65625,103.65625,103.65625,57.0
2025-06-03 03:05:00+00:00,103.65625,103.65625,103.65625,103.65625,27.0
2025-06-03 03:06:00+00:00,103.65234375,103.65625,103.65234375,103.65625,30.0
2025-06-03 03:08:00+00:00,103.65625,103.65625,103.65234375,103.65625,70.0
2025-06-03 03:09:00+00:00,103.65625,103.65625,103.65234375,103.65625,9.0
2025-06-03 03:12:00+00:00,103.65625,103.65625,103.65625,103.65625,49.0
2025-06-03 03:16:00+00:00,103.65234375,103.65625,103.65234375,103.65625,340.0
2025-06-03 03:17:00+00:00,103.65625,103.65625,103.65234375,103.65234375,124.0
2025-06-03 03:18:00+00:00,103.65625,103.65625,103.65625,103.65625,45.0
2025-06-03 03:21:00+00:00,103.66015625,103.66015625,103.66015625,103.66015625,791.0
2025-06-03 03:22:00+00:00,103.65625,103.65625,103.65625,103.65625,40.0
2025-06-03 03:25:00+00:00,103.65625,103.65625,103.65625,103.65625,43.0
2025-06-03 03:26:00+00:00,103.66015625,103.66015625,103.66015625,103.66015625,124.0
2025-06-03 03:29:00+00:00,103.66015625,103.66015625,103.66015625,103.66015625,5.0
2025-06-03 03:30:00+00:00,103.65625,103.65625,103.65625,103.65625,329.0
2025-06-03 03:35:00+00:00,103.6640625,103.6640625,103.66015625,103.66015625,77.0
2025-06-03 03:36:00+00:00,103.6640625,103.6640625,103.6640625,103.6640625,315.0
2025-06-03 03:38:00+00:00,103.6640625,103.6640625,103.6640625,103.6640625,314.0
2025-06-03 03:39:00+00:00,103.6640625,103.6640625,103.6640625,103.6640625,19.0
2025-06-03 03:41:00+00:00,103.66796875,103.66796875,103.66796875,103.66796875,388.0
2025-06-03 03:43:00+00:00,103.6640625,103.66796875,103.6640625,103.66796875,91.0
2025-06-03 03:44:00+00:00,103.6640625,103.6640625,103.6640625,103.6640625,137.0
2025-06-03 03:47:00+00:00,103.6640625,103.6640625,103.6640625,103.6640625,405.0
2025-06-03 03:49:00+00:00,103.66796875,103.66796875,103.6640625,103.6640625,7.0
2025-06-03 03:52:00+00:00,103.66796875,103.66796875,103.66796875,103.66796875,30.0
2025-06-03 03:56:00+00:00,103.6640625,103.6640625,103.6640625,103.6640625,373.0
2025-06-03 04:00:00+00:00,103.6640625,103.6640625,103.6640625,103.6640625,165.0
2025-06-03 04:01:00+00:00,103.6640625,103.6640625,103.6640625,103.6640625,98.0
2025-06-03 04:05:00+00:00,103.66796875,103.66796875,103.66796875,103.66796875,295.0
2025-06-03 04:07:00+00:00,103.66796875,103.66796875,103.66796875,103.66796875,320.0
2025-06-03 04:11:00+00:00,103.66796875,103.66796875,103.66796875,103.66796875,85.0
2025-06-03 04:12:00+00:00,103.66796875,103.66796875,103.66796875,103.66796875,3.0
2025-06-03 04:14:00+00:00,103.671875,103.671875,103.671875,103.671875,5.0
2025-06-03 04:15:00+00:00,103.66796875,103.671875,103.66796875,103.671875,130.0
2025-06-03 04:17:00+00:00,103.66796875,103.66796875,103.66796875,103.66796875,21.0
2025-06-03 04:24:00+00:00,103.66796875,103.66796875,103.66796875,103.66796875,115.0
2025-06-03 04:26:00+00:00,103.66796875,103.66796875,103.66796875,103.66796875,48.0
2025-06-03 04:37:00+00:00,103.66796875,103.671875,103.66796875,103.671875,4.0
2025-06-03 04:38:00+00:00,103.671875,103.671875,103.671875,103.671875,2.0
2025-06-03 04:39:00+00:00,103.671875,103.671875,103.671875,103.671875,271.0
2025-06-03 04:42:00+00:00,103.671875,103.671875,103.671875,103.671875,80.0
2025-06-03 04:43:00+00:00,103.671875,103.671875,103.671875,103.671875,224.0
2025-06-03 04:47:00+00:00,103.66796875,103.671875,103.66796875,103.671875,60.0
2025-06-03 04:48:00+00:00,103.671875,103.671875,103.671875,103.671875,29.0
2025-06-03 04:50:00+00:00,103.67578125,103.67578125,103.671875,103.671875,182.0
2025-06-03 04:53:00+00:00,103.671875,103.671875,103.671875,103.671875,132.0
2025-06-03 04:54:00+00:00,103.671875,103.671875,103.671875,103.671875,62.0
2025-06-03 04:56:00+00:00,103.671875,103.671875,103.671875,103.671875,1.0
2025-06-03 05:01:00+00:00,103.671875,103.671875,103.671875,103.671875,13.0
2025-06-03 05:04:00+00:00,103.671875,103.671875,103.671875,103.671875,19.0
2025-06-03 05:05:00+00:00,103.671875,103.671875,103.671875,103.671875,42.0
2025-06-03 05:09:00+00:00,103.671875,103.671875,103.671875,103.671875,44.0
2025-06-03 05:19:00+00:00,103.67578125,103.67578125,103.67578125,103.67578125,154.0
2025-06-03 05:21:00+00:00,103.67578125,103.67578125,103.67578125,103.67578125,12.0
2025-06-03 05:25:00+00:00,103.67578125,103.67578125,103.67578125,103.67578125,5.0
2025-06-03 05:26:00+00:00,103.671875,103.67578125,103.671875,103.67578125,10.0
2025-06-03 05:28:00+00:00,103.671875,103.671875,103.671875,103.671875,43.0
2025-06-03 05:29:00+00:00,103.671875,103.67578125,103.671875,103.67578125,19.0
2025-06-03 05:30:00+00:00,103.671875,103.671875,103.671875,103.671875,330.0
2025-06-03 05:31:00+00:00,103.671875,103.671875,103.671875,103.671875,180.0
2025-06-03 05:32:00+00:00,103.671875,103.671875,103.671875,103.671875,34.0
2025-06-03 05:36:00+00:00,103.66796875,103.66796875,103.66796875,103.66796875,6.0
2025-06-03 05:37:00+00:00,103.6640625,103.66796875,103.6640625,103.66796875,242.0
2025-06-03 05:41:00+00:00,103.6640625,103.6640625,103.6640625,103.6640625,11.0
2025-06-03 05:42:00+00:00,103.6640625,103.6640625,103.6640625,103.6640625,2.0
2025-06-03 05:44:00+00:00,103.6640625,103.6640625,103.6640625,103.6640625,204.0
2025-06-03 05:48:00+00:00,103.6640625,103.6640625,103.6640625,103.6640625,39.0
2025-06-03 05:49:00+00:00,103.6640625,103.66796875,103.6640625,103.66796875,289.0
2025-06-03 05:50:00+00:00,103.6640625,103.6640625,103.6640625,103.6640625,192.0
2025-06-03 05:53:00+00:00,103.6640625,103.6640625,103.6640625,103.6640625,5.0
2025-06-03 05:54:00+00:00,103.6640625,103.6640625,103.6640625,103.6640625,64.0
2025-06-03 05:56:00+00:00,103.6640625,103.6640625,103.6640625,103.6640625,4.0
2025-06-03 05:59:00+00:00,103.6640625,103.6640625,103.6640625,103.6640625,213.0
2025-06-03 06:00:00+00:00,103.6640625,103.66796875,103.6640625,103.66796875,44.0
2025-06-03 06:02:00+00:00,103.66796875,103.66796875,103.66796875,103.66796875,161.0
2025-06-03 06:03:00+00:00,103.671875,103.671875,103.66796875,103.66796875,572.0
2025-06-03 06:04:00+00:00,103.671875,103.67578125,103.671875,103.671875,22.0
2025-06-03 06:05:00+00:00,103.671875,103.671875,103.66796875,103.671875,112.0
2025-06-03 06:08:00+00:00,103.66796875,103.66796875,103.66796875,103.66796875,4.0
2025-06-03 06:09:00+00:00,103.66796875,103.66796875,103.66796875,103.66796875,65.0
2025-06-03 06:12:00+00:00,103.671875,103.671875,103.671875,103.671875,122.0
2025-06-03 06:16:00+00:00,103.671875,103.671875,103.671875,103.671875,3.0
2025-06-03 06:17:00+00:00,103.671875,103.671875,103.671875,103.671875,166.0
2025-06-03 06:21:00+00:00,103.671875,103.671875,103.671875,103.671875,94.0
2025-06-03 06:23:00+00:00,103.67578125,103.67578125,103.67578125,103.67578125,10.0
2025-06-03 06:24:00+00:00,103.671875,103.671875,103.671875,103.671875,6.0
2025-06-03 06:25:00+00:00,103.671875,103.671875,103.671875,103.671875,125.0
2025-06-03 06:27:00+00:00,103.671875,103.671875,103.671875,103.671875,75.0
2025-06-03 06:29:00+00:00,103.67578125,103.67578125,103.67578125,103.67578125,2.0
2025-06-03 06:30:00+00:00,103.67578125,103.67578125,103.67578125,103.67578125,305.0
2025-06-03 06:31:00+00:00,103.67578125,103.67578125,103.67578125,103.67578125,226.0
2025-06-03 06:32:00+00:00,103.67578125,103.67578125,103.67578125,103.67578125,9.0
2025-06-03 06:34:00+00:00,103.671875,103.67578125,103.671875,103.67578125,59.0
2025-06-03 06:35:00+00:00,103.67578125,103.67578125,103.67578125,103.67578125,72.0
2025-06-03 06:37:00+00:00,103.671875,103.671875,103.671875,103.671875,14.0
2025-06-03 06:38:00+00:00,103.671875,103.671875,103.671875,103.671875,535.0
2025-06-03 06:40:00+00:00,103.66796875,103.66796875,103.66796875,103.66796875,11.0
2025-06-03 06:46:00+00:00,103.66796875,103.671875,103.66796875,103.671875,32.0
2025-06-03 06:47:00+00:00,103.66796875,103.66796875,103.66796875,103.66796875,248.0
2025-06-03 06:51:00+00:00,103.66796875,103.66796875,103.66796875,103.66796875,76.0
2025-06-03 06:52:00+00:00,103.671875,103.671875,103.66796875,103.671875,135.0
2025-06-03 06:57:00+00:00,103.671875,103.671875,103.671875,103.671875,27.0
2025-06-03 06:58:00+00:00,103.671875,103.671875,103.671875,103.671875,17.0
2025-06-03 06:59:00+00:00,103.671875,103.671875,103.671875,103.671875,154.0
2025-06-03 07:01:00+00:00,103.671875,103.671875,103.66796875,103.671875,553.0
2025-06-03 07:02:00+00:00,103.66796875,103.67578125,103.66796875,103.671875,262.0
2025-06-03 07:03:00+00:00,103.671875,103.67578125,103.66796875,103.671875,60.0
2025-06-03 07:04:00+00:00,103.66796875,103.66796875,103.66796875,103.66796875,1543.0
2025-06-03 07:05:00+00:00,103.671875,103.671875,103.671875,103.671875,416.0
2025-06-03 07:06:00+00:00,103.671875,103.671875,103.671875,103.671875,56.0
2025-06-03 07:08:00+00:00,103.671875,103.671875,103.66796875,103.671875,162.0
2025-06-03 07:09:00+00:00,103.67578125,103.67578125,103.671875,103.671875,572.0
2025-06-03 07:10:00+00:00,103.6796875,103.6796875,103.6796875,103.6796875,207.0
2025-06-03 07:11:00+00:00,103.6796875,103.68359375,103.6796875,103.68359375,115.0
2025-06-03 07:12:00+00:00,103.68359375,103.6875,103.68359375,103.68359375,252.0
2025-06-03 07:13:00+00:00,103.68359375,103.6875,103.68359375,103.68359375,10.0
2025-06-03 07:14:00+00:00,103.6875,103.6875,103.68359375,103.6875,160.0
2025-06-03 07:15:00+00:00,103.6875,103.6875,103.68359375,103.6875,458.0
2025-06-03 07:16:00+00:00,103.68359375,103.68359375,103.68359375,103.68359375,166.0
2025-06-03 07:18:00+00:00,103.68359375,103.68359375,103.68359375,103.68359375,359.0
2025-06-03 07:19:00+00:00,103.6875,103.6875,103.68359375,103.6875,309.0
2025-06-03 07:20:00+00:00,103.6875,103.6875,103.6875,103.6875,522.0
2025-06-03 07:22:00+00:00,103.6875,103.6875,103.6875,103.6875,880.0
2025-06-03 07:24:00+00:00,103.69140625,103.69140625,103.69140625,103.69140625,893.0
2025-06-03 07:25:00+00:00,103.69921875,103.69921875,103.6953125,103.6953125,334.0
2025-06-03 07:26:00+00:00,103.703125,103.703125,103.69921875,103.69921875,750.0
2025-06-03 07:27:00+00:00,103.703125,103.703125,103.703125,103.703125,204.0
2025-06-03 07:28:00+00:00,103.70703125,103.70703125,103.703125,103.703125,437.0
2025-06-03 07:29:00+00:00,103.703125,103.70703125,103.703125,103.70703125,372.0
2025-06-03 07:30:00+00:00,103.69921875,103.703125,103.6953125,103.703125,334.0
2025-06-03 07:31:00+00:00,103.6953125,103.6953125,103.6953125,103.6953125,129.0
2025-06-03 07:32:00+00:00,103.6953125,103.6953125,103.6953125,103.6953125,93.0
2025-06-03 07:33:00+00:00,103.6953125,103.6953125,103.69140625,103.69140625,35.0
2025-06-03 07:34:00+00:00,103.6953125,103.6953125,103.6953125,103.6953125,204.0
2025-06-03 07:35:00+00:00,103.6953125,103.6953125,103.6953125,103.6953125,113.0
2025-06-03 07:36:00+00:00,103.6953125,103.69921875,103.6953125,103.6953125,682.0
2025-06-03 07:37:00+00:00,103.6953125,103.69921875,103.6953125,103.69921875,3.0
2025-06-03 07:38:00+00:00,103.6953125,103.6953125,103.6953125,103.6953125,79.0
2025-06-03 07:39:00+00:00,103.6953125,103.6953125,103.6953125,103.6953125,39.0
2025-06-03 07:40:00+00:00,103.6953125,103.6953125,103.6953125,103.6953125,55.0
2025-06-03 07:41:00+00:00,103.6953125,103.6953125,103.6953125,103.6953125,5.0
2025-06-03 07:42:00+00:00,103.6953125,103.6953125,103.6953125,103.6953125,429.0
2025-06-03 07:43:00+00:00,103.6953125,103.6953125,103.6953125,103.6953125,236.0
2025-06-03 07:45:00+00:00,103.6953125,103.6953125,103.69140625,103.6953125,279.0
2025-06-03 07:46:00+00:00,103.6953125,103.6953125,103.6953125,103.6953125,134.0
2025-06-03 07:47:00+00:00,103.6953125,103.6953125,103.6953125,103.6953125,2.0
2025-06-03 07:48:00+00:00,103.6953125,103.6953125,103.6953125,103.6953125,1.0
2025-06-03 07:50:00+00:00,103.6953125,103.6953125,103.6953125,103.6953125,291.0
2025-06-03 07:51:00+00:00,103.6953125,103.6953125,103.6953125,103.6953125,376.0
2025-06-03 07:52:00+00:00,103.6953125,103.6953125,103.6953125,103.6953125,54.0
2025-06-03 07:53:00+00:00,103.6953125,103.6953125,103.6953125,103.6953125,7.0
2025-06-03 07:54:00+00:00,103.69140625,103.69140625,103.69140625,103.69140625,198.0
2025-06-03 07:55:00+00:00,103.69140625,103.69140625,103.69140625,103.69140625,23.0
2025-06-03 07:56:00+00:00,103.69140625,103.69140625,103.69140625,103.69140625,49.0
2025-06-03 07:57:00+00:00,103.6875,103.6875,103.6875,103.6875,38.0
2025-06-03 07:58:00+00:00,103.69140625,103.69140625,103.69140625,103.69140625,140.0
2025-06-03 07:59:00+00:00,103.6875,103.6875,103.6875,103.6875,43.0
2025-06-03 08:00:00+00:00,103.6875,103.69140625,103.6875,103.69140625,225.0
2025-06-03 08:01:00+00:00,103.69140625,103.69140625,103.6875,103.6875,8.0
2025-06-03 08:02:00+00:00,103.6875,103.6875,103.68359375,103.6875,565.0
2025-06-03 08:03:00+00:00,103.6875,103.6875,103.6875,103.6875,350.0
2025-06-03 08:04:00+00:00,103.69140625,103.69140625,103.6875,103.6875,23.0
2025-06-03 08:05:00+00:00,103.6953125,103.6953125,103.69140625,103.69140625,89.0
2025-06-03 08:06:00+00:00,103.6953125,103.6953125,103.69140625,103.69140625,613.0
2025-06-03 08:07:00+00:00,103.6953125,103.6953125,103.6953125,103.6953125,353.0
2025-06-03 08:08:00+00:00,103.6953125,103.6953125,103.6953125,103.6953125,42.0
2025-06-03 08:10:00+00:00,103.6953125,103.6953125,103.6953125,103.6953125,394.0
2025-06-03 08:11:00+00:00,103.6953125,103.6953125,103.6953125,103.6953125,100.0
2025-06-03 08:12:00+00:00,103.69921875,103.69921875,103.69921875,103.69921875,256.0
2025-06-03 08:13:00+00:00,103.69921875,103.69921875,103.69921875,103.69921875,131.0
2025-06-03 08:14:00+00:00,103.69921875,103.69921875,103.69921875,103.69921875,227.0
2025-06-03 08:24:00+00:00,103.70703125,103.7109375,103.70700073242188,103.70700073242188,2305.0
2025-06-03 08:25:00+00:00,103.70703125,103.70703125,103.70703125,103.70703125,29.0
2025-06-03 08:26:00+00:00,103.7109375,103.7109375,103.7109375,103.7109375,1.0
2025-06-03 08:27:00+00:00,103.70703125,103.7109375,103.70703125,103.70703125,1153.0
2025-06-03 08:28:00+00:00,103.70703125,103.7109375,103.70703125,103.70703125,1471.0
2025-06-03 08:29:00+00:00,103.703125,103.70703125,103.703125,103.703125,137.0
2025-06-03 08:30:00+00:00,103.703125,103.703125,103.703125,103.703125,224.0
2025-06-03 08:31:00+00:00,103.69921875,103.703125,103.69921875,103.703125,89.0
2025-06-03 08:32:00+00:00,103.69921875,103.69921875,103.69921875,103.69921875,3.0
2025-06-03 08:33:00+00:00,103.703125,103.703125,103.703125,103.703125,163.0
2025-06-03 08:34:00+00:00,103.703125,103.703125,103.703125,103.703125,53.0
2025-06-03 08:35:00+00:00,103.703125,103.703125,103.703125,103.703125,12.0
2025-06-03 08:36:00+00:00,103.703125,103.703125,103.69921875,103.69921875,448.0
2025-06-03 08:37:00+00:00,103.703125,103.703125,103.703125,103.703125,260.0
2025-06-03 08:38:00+00:00,103.703125,103.70703125,103.703125,103.703125,311.0
2025-06-03 08:39:00+00:00,103.6953125,103.703125,103.6953125,103.703125,177.0
2025-06-03 08:40:00+00:00,103.6953125,103.69921875,103.69140625,103.69921875,267.0
2025-06-03 08:42:00+00:00,103.6953125,103.6953125,103.6953125,103.6953125,486.0
2025-06-03 08:45:00+00:00,103.69921875,103.69921875,103.6953125,103.69921875,871.0
2025-06-03 08:46:00+00:00,103.703125,103.703125,103.69921875,103.69921875,231.0
2025-06-03 08:49:00+00:00,103.69921875,103.703125,103.69921875,103.703125,710.0
2025-06-03 08:50:00+00:00,103.69921875,103.69921875,103.69921875,103.69921875,333.0
2025-06-03 08:51:00+00:00,103.69921875,103.69921875,103.69921875,103.69921875,2.0
2025-06-03 08:54:00+00:00,103.69921875,103.69921875,103.6953125,103.6953125,345.0
2025-06-03 08:55:00+00:00,103.69921875,103.703125,103.69921875,103.69921875,114.0
2025-06-03 08:56:00+00:00,103.6953125,103.69921875,103.6953125,103.69921875,10.0
2025-06-03 08:59:00+00:00,103.6953125,103.69921875,103.6953125,103.6953125,505.0
2025-06-03 09:00:00+00:00,103.69921875,103.703125,103.6953125,103.6953125,416.0
2025-06-03 09:01:00+00:00,103.703125,103.703125,103.69921875,103.703125,14.0
2025-06-03 09:02:00+00:00,103.703125,103.703125,103.69921875,103.703125,157.0
2025-06-03 09:04:00+00:00,103.703125,103.703125,103.703125,103.703125,343.0
2025-06-03 09:05:00+00:00,103.703125,103.703125,103.703125,103.703125,85.0
2025-06-03 09:06:00+00:00,103.703125,103.703125,103.703125,103.703125,9.0
2025-06-03 09:07:00+00:00,103.703125,103.703125,103.703125,103.703125,50.0
2025-06-03 09:08:00+00:00,103.69921875,103.703125,103.69921875,103.703125,178.0
2025-06-03 09:09:00+00:00,103.69921875,103.69921875,103.69921875,103.69921875,395.0
2025-06-03 09:10:00+00:00,103.69921875,103.69921875,103.69921875,103.69921875,9.0
2025-06-03 09:12:00+00:00,103.69921875,103.69921875,103.69921875,103.69921875,8.0
2025-06-03 09:13:00+00:00,103.69921875,103.69921875,103.69921875,103.69921875,1.0
2025-06-03 09:14:00+00:00,103.69921875,103.69921875,103.69921875,103.69921875,1022.0
2025-06-03 09:20:00+00:00,103.6953125,103.6953125,103.6953125,103.6953125,545.0
2025-06-03 09:21:00+00:00,103.69140625,103.6953125,103.69140625,103.6953125,105.0
2025-06-03 09:22:00+00:00,103.6953125,103.6953125,103.6953125,103.6953125,295.0
2025-06-03 09:23:00+00:00,103.6953125,103.6953125,103.6953125,103.6953125,49.0
2025-06-03 09:24:00+00:00,103.6953125,103.6953125,103.6953125,103.6953125,24.0
2025-06-03 09:26:00+00:00,103.6953125,103.6953125,103.6953125,103.6953125,71.0
2025-06-03 09:28:00+00:00,103.6953125,103.6953125,103.69140625,103.69140625,79.0
2025-06-03 09:29:00+00:00,103.69140625,103.6953125,103.69140625,103.69140625,35.0
2025-06-03 09:30:00+00:00,103.6953125,103.6953125,103.6953125,103.6953125,227.0
2025-06-03 09:31:00+00:00,103.69921875,103.69921875,103.69921875,103.69921875,137.0
2025-06-03 09:32:00+00:00,103.69921875,103.69921875,103.69921875,103.69921875,100.0
2025-06-03 09:34:00+00:00,103.69921875,103.69921875,103.6953125,103.69921875,93.0
2025-06-03 09:35:00+00:00,103.69921875,103.69921875,103.69921875,103.69921875,32.0
2025-06-03 09:36:00+00:00,103.69921875,103.703125,103.69921875,103.69921875,901.0
2025-06-03 09:37:00+00:00,103.69921875,103.703125,103.69921875,103.703125,85.0
2025-06-03 09:38:00+00:00,103.69921875,103.703125,103.69921875,103.703125,44.0
2025-06-03 09:39:00+00:00,103.69921875,103.703125,103.69921875,103.69921875,318.0
2025-06-03 09:40:00+00:00,103.70703125,103.70703125,103.69921875,103.703125,717.0
2025-06-03 09:41:00+00:00,103.703125,103.70703125,103.703125,103.70703125,308.0
2025-06-03 09:42:00+00:00,103.703125,103.70703125,103.703125,103.70703125,122.0
2025-06-03 09:44:00+00:00,103.6953125,103.69921875,103.6953125,103.69921875,19.0
2025-06-03 09:45:00+00:00,103.69921875,103.69921875,103.69921875,103.69921875,70.0
2025-06-03 09:47:00+00:00,103.69921875,103.69921875,103.69921875,103.69921875,416.0
2025-06-03 09:49:00+00:00,103.69921875,103.69921875,103.69921875,103.69921875,292.0
2025-06-03 09:50:00+00:00,103.69921875,103.69921875,103.69921875,103.69921875,87.0
2025-06-03 09:51:00+00:00,103.69921875,103.69921875,103.69921875,103.69921875,121.0
2025-06-03 09:52:00+00:00,103.6953125,103.69921875,103.6953125,103.6953125,254.0
2025-06-03 09:53:00+00:00,103.69921875,103.69921875,103.6953125,103.6953125,139.0
2025-06-03 09:58:00+00:00,103.69921875,103.69921875,103.69921875,103.69921875,6.0
2025-06-03 10:01:00+00:00,103.69921875,103.69921875,103.6953125,103.69921875,99.0
2025-06-03 10:03:00+00:00,103.703125,103.703125,103.69921875,103.69921875,607.0
2025-06-03 10:04:00+00:00,103.69921875,103.69921875,103.69921875,103.69921875,150.0
2025-06-03 10:05:00+00:00,103.69921875,103.69921875,103.69921875,103.69921875,23.0
2025-06-03 10:07:00+00:00,103.6953125,103.69921875,103.6953125,103.69921875,6.0
2025-06-03 10:09:00+00:00,103.69921875,103.69921875,103.69921875,103.69921875,60.0
2025-06-03 10:10:00+00:00,103.703125,103.703125,103.69921875,103.69921875,4.0
2025-06-03 10:20:00+00:00,103.703125,103.703125,103.7030029296875,103.7030029296875,750.0
2025-06-03 10:22:00+00:00,103.70703125,103.70703125,103.703125,103.703125,605.0
2025-06-03 10:23:00+00:00,103.703125,103.703125,103.703125,103.703125,145.0
2025-06-03 10:25:00+00:00,103.69921875,103.69921875,103.69921875,103.69921875,72.0
2025-06-03 10:27:00+00:00,103.703125,103.703125,103.703125,103.703125,165.0
2025-06-03 10:30:00+00:00,103.703125,103.703125,103.69921875,103.69921875,21.0
2025-06-03 10:31:00+00:00,103.69921875,103.69921875,103.69921875,103.69921875,335.0
2025-06-03 10:32:00+00:00,103.69921875,103.69921875,103.69921875,103.69921875,266.0
2025-06-03 10:36:00+00:00,103.6953125,103.6953125,103.6953125,103.6953125,25.0
2025-06-03 10:39:00+00:00,103.6953125,103.6953125,103.6953125,103.6953125,29.0
2025-06-03 10:41:00+00:00,103.6953125,103.6953125,103.6953125,103.6953125,32.0
2025-06-03 10:42:00+00:00,103.6953125,103.6953125,103.69140625,103.6953125,1224.0
2025-06-03 10:43:00+00:00,103.69921875,103.69921875,103.6953125,103.6953125,431.0
2025-06-03 10:44:00+00:00,103.69921875,103.69921875,103.69921875,103.69921875,86.0
2025-06-03 10:47:00+00:00,103.69921875,103.69921875,103.6953125,103.69921875,74.0
2025-06-03 10:48:00+00:00,103.6953125,103.69921875,103.6953125,103.69921875,65.0
2025-06-03 10:49:00+00:00,103.69921875,103.69921875,103.69921875,103.69921875,57.0
2025-06-03 10:50:00+00:00,103.69921875,103.69921875,103.6953125,103.69921875,113.0
2025-06-03 10:51:00+00:00,103.6953125,103.69921875,103.6953125,103.69921875,750.0
2025-06-03 10:54:00+00:00,103.69140625,103.6953125,103.69140625,103.6953125,302.0
2025-06-03 10:55:00+00:00,103.69140625,103.69140625,103.69140625,103.69140625,238.0
2025-06-03 10:56:00+00:00,103.69140625,103.69140625,103.69140625,103.69140625,362.0
2025-06-03 10:58:00+00:00,103.6953125,103.6953125,103.6953125,103.6953125,14.0
2025-06-03 10:59:00+00:00,103.6953125,103.6953125,103.6953125,103.6953125,33.0
2025-06-03 11:00:00+00:00,103.6953125,103.6953125,103.6953125,103.6953125,26.0
2025-06-03 11:01:00+00:00,103.6953125,103.6953125,103.69140625,103.6953125,89.0
2025-06-03 11:02:00+00:00,103.6953125,103.6953125,103.6953125,103.6953125,77.0
2025-06-03 11:03:00+00:00,103.6953125,103.6953125,103.6953125,103.6953125,63.0
2025-06-03 11:06:00+00:00,103.6953125,103.6953125,103.6953125,103.6953125,47.0
2025-06-03 11:07:00+00:00,103.6953125,103.6953125,103.6953125,103.6953125,23.0
2025-06-03 11:09:00+00:00,103.69921875,103.69921875,103.69921875,103.69921875,27.0
2025-06-03 11:10:00+00:00,103.6953125,103.69921875,103.6953125,103.69921875,300.0
2025-06-03 11:11:00+00:00,103.6953125,103.69921875,103.6953125,103.69921875,26.0
2025-06-03 11:12:00+00:00,103.6953125,103.6953125,103.6953125,103.6953125,684.0
2025-06-03 11:15:00+00:00,103.69140625,103.69140625,103.69140625,103.69140625,1.0
2025-06-03 11:16:00+00:00,103.69140625,103.6953125,103.69140625,103.6953125,31.0
2025-06-03 11:17:00+00:00,103.6953125,103.6953125,103.69140625,103.69140625,11.0
2025-06-03 11:18:00+00:00,103.69140625,103.69140625,103.69140625,103.69140625,5.0
2025-06-03 11:19:00+00:00,103.69140625,103.69140625,103.69140625,103.69140625,55.0
2025-06-03 11:20:00+00:00,103.69140625,103.69140625,103.69140625,103.69140625,48.0
2025-06-03 11:21:00+00:00,103.69140625,103.69140625,103.69140625,103.69140625,107.0
2025-06-03 11:23:00+00:00,103.69140625,103.69140625,103.69140625,103.69140625,68.0
2025-06-03 11:24:00+00:00,103.6953125,103.6953125,103.6953125,103.6953125,13.0
2025-06-03 11:25:00+00:00,103.69140625,103.6953125,103.69140625,103.6953125,32.0
2025-06-03 11:26:00+00:00,103.69140625,103.69140625,103.69140625,103.69140625,94.0
2025-06-03 11:27:00+00:00,103.69140625,103.6953125,103.69140625,103.6953125,398.0
2025-06-03 11:28:00+00:00,103.6953125,103.6953125,103.6953125,103.6953125,4203.0
2025-06-03 11:29:00+00:00,103.6953125,103.6953125,103.6953125,103.6953125,279.0
2025-06-03 11:31:00+00:00,103.6953125,103.6953125,103.6953125,103.6953125,22.0
2025-06-03 11:32:00+00:00,103.6953125,103.6953125,103.69140625,103.69140625,56.0
2025-06-03 11:33:00+00:00,103.69921875,103.69921875,103.69921875,103.69921875,290.0
2025-06-03 11:34:00+00:00,103.703125,103.703125,103.703125,103.703125,5.0
2025-06-03 11:35:00+00:00,103.703125,103.703125,103.703125,103.703125,851.0
2025-06-03 11:36:00+00:00,103.70703125,103.70703125,103.70703125,103.70703125,186.0
2025-06-03 11:38:00+00:00,103.70703125,103.70703125,103.70703125,103.70703125,15.0
2025-06-03 11:39:00+00:00,103.703125,103.70703125,103.69921875,103.703125,1726.0
2025-06-03 11:40:00+00:00,103.70703125,103.70703125,103.703125,103.703125,89.0
2025-06-03 11:41:00+00:00,103.70703125,103.70703125,103.703125,103.70703125,31.0
2025-06-03 11:42:00+00:00,103.70703125,103.70703125,103.70703125,103.70703125,98.0
2025-06-03 11:43:00+00:00,103.70703125,103.70703125,103.70703125,103.70703125,13.0
2025-06-03 11:44:00+00:00,103.70703125,103.70703125,103.703125,103.70703125,104.0
2025-06-03 11:46:00+00:00,103.70703125,103.70703125,103.703125,103.703125,281.0
2025-06-03 11:47:00+00:00,103.703125,103.703125,103.703125,103.703125,2.0
2025-06-03 11:48:00+00:00,103.70703125,103.70703125,103.703125,103.703125,6.0
2025-06-03 11:49:00+00:00,103.69921875,103.703125,103.69921875,103.703125,1184.0
2025-06-03 11:50:00+00:00,103.69921875,103.703125,103.69921875,103.69921875,115.0
2025-06-03 11:52:00+00:00,103.69921875,103.703125,103.69921875,103.69921875,30.0
2025-06-03 11:53:00+00:00,103.69921875,103.69921875,103.69921875,103.69921875,28.0
2025-06-03 11:54:00+00:00,103.69921875,103.703125,103.69921875,103.69921875,8.0
2025-06-03 11:56:00+00:00,103.703125,103.703125,103.69921875,103.703125,866.0
2025-06-03 11:57:00+00:00,103.703125,103.703125,103.703125,103.703125,929.0
2025-06-03 11:58:00+00:00,103.703125,103.703125,103.703125,103.703125,1374.0
2025-06-03 11:59:00+00:00,103.70703125,103.70703125,103.69921875,103.69921875,1592.0
2025-06-03 12:00:00+00:00,103.703125,103.703125,103.703125,103.703125,0.0
2025-06-03 12:01:00+00:00,103.69921875,103.703125,103.69921875,103.703125,89899.0
2025-06-03 12:02:00+00:00,103.69921875,103.703125,103.69921875,103.703125,7.0
2025-06-03 12:03:00+00:00,103.703125,103.703125,103.69921875,103.69921875,514.0
2025-06-03 12:04:00+00:00,103.69921875,103.703125,103.69921875,103.703125,349.0
2025-06-03 12:05:00+00:00,103.703125,103.703125,103.69921875,103.703125,1184.0
2025-06-03 12:06:00+00:00,103.703125,103.703125,103.703125,103.703125,169.0
2025-06-03 12:07:00+00:00,103.703125,103.703125,103.69921875,103.69921875,594.0
2025-06-03 12:08:00+00:00,103.703125,103.703125,103.69921875,103.69921875,525.0
2025-06-03 12:09:00+00:00,103.703125,103.70703125,103.703125,103.70703125,135.0
2025-06-03 12:10:00+00:00,103.69921875,103.70703125,103.69921875,103.70703125,549.0
2025-06-03 12:11:00+00:00,103.703125,103.703125,103.69921875,103.69921875,107.0
2025-06-03 12:12:00+00:00,103.703125,103.703125,103.703125,103.703125,26.0
2025-06-03 12:13:00+00:00,103.703125,103.703125,103.703125,103.703125,259.0
2025-06-03 12:14:00+00:00,103.70703125,103.70703125,103.703125,103.703125,2039.0
2025-06-03 12:15:00+00:00,103.70703125,103.70703125,103.703125,103.703125,349.0
2025-06-03 12:17:00+00:00,103.703125,103.703125,103.703125,103.703125,1418.0
2025-06-03 12:18:00+00:00,103.703125,103.703125,103.703125,103.703125,92.0
2025-06-03 12:19:00+00:00,103.70703125,103.70703125,103.703125,103.703125,1572.0
2025-06-03 12:20:00+00:00,103.69921875,103.70703125,103.69921875,103.70703125,600.0
2025-06-03 12:21:00+00:00,103.703125,103.703125,103.69921875,103.703125,1366.0
2025-06-03 12:22:00+00:00,103.69921875,103.703125,103.69921875,103.703125,1409.0
2025-06-03 12:23:00+00:00,103.69921875,103.703125,103.69921875,103.703125,241.0
2025-06-03 12:24:00+00:00,103.69921875,103.703125,103.69921875,103.69921875,26.0
2025-06-03 12:25:00+00:00,103.703125,103.703125,103.69921875,103.69921875,44.0
2025-06-03 12:26:00+00:00,103.69140625,103.69921875,103.69140625,103.69921875,1768.0
2025-06-03 12:27:00+00:00,103.69140625,103.6953125,103.69140625,103.6953125,2229.0
2025-06-03 12:28:00+00:00,103.6953125,103.69921875,103.69140625,103.6953125,942.0
2025-06-03 12:29:00+00:00,103.69921875,103.69921875,103.6953125,103.6953125,480.0
2025-06-03 12:30:00+00:00,103.69921875,103.703125,103.6953125,103.69921875,1185.0
2025-06-03 12:31:00+00:00,103.69921875,103.69921875,103.6953125,103.69921875,3121.0
2025-06-03 12:32:00+00:00,103.6953125,103.69921875,103.69140625,103.69921875,803.0
2025-06-03 12:33:00+00:00,103.69140625,103.6953125,103.6875,103.69140625,2052.0
2025-06-03 12:34:00+00:00,103.6875,103.6953125,103.6875,103.69140625,1464.0
2025-06-03 12:35:00+00:00,103.69140625,103.69140625,103.6875,103.6875,769.0
2025-06-03 12:36:00+00:00,103.6875,103.69140625,103.6875,103.69140625,973.0
2025-06-03 12:37:00+00:00,103.68359375,103.6875,103.68359375,103.6875,129.0
2025-06-03 12:38:00+00:00,103.68359375,103.6875,103.68359375,103.6875,2056.0
2025-06-03 12:39:00+00:00,103.68359375,103.6875,103.68359375,103.68359375,1254.0
2025-06-03 12:40:00+00:00,103.68359375,103.6875,103.68359375,103.6875,698.0
2025-06-03 12:41:00+00:00,103.6796875,103.6796875,103.6796875,103.6796875,282.0
2025-06-03 12:42:00+00:00,103.6796875,103.68359375,103.6796875,103.6796875,248.0
2025-06-03 12:43:00+00:00,103.68359375,103.68359375,103.68359375,103.68359375,2026.0
2025-06-03 12:44:00+00:00,103.6796875,103.6796875,103.6796875,103.6796875,122.0
2025-06-03 12:45:00+00:00,103.6796875,103.6796875,103.6796875,103.6796875,26.0
2025-06-03 12:46:00+00:00,103.68359375,103.68359375,103.6796875,103.6796875,287.0
2025-06-03 12:47:00+00:00,103.6796875,103.6796875,103.67578125,103.6796875,1717.0
2025-06-03 12:48:00+00:00,103.6796875,103.6796875,103.6796875,103.6796875,74.0
2025-06-03 12:49:00+00:00,103.67578125,103.67578125,103.67578125,103.67578125,643.0
2025-06-03 12:50:00+00:00,103.67578125,103.67578125,103.67578125,103.67578125,19.0
2025-06-03 12:51:00+00:00,103.67578125,103.6796875,103.671875,103.67578125,2526.0
2025-06-03 12:52:00+00:00,103.671875,103.67578125,103.671875,103.67578125,579.0
2025-06-03 12:53:00+00:00,103.671875,103.67578125,103.671875,103.67578125,114.0
2025-06-03 12:54:00+00:00,103.671875,103.671875,103.671875,103.671875,446.0
2025-06-03 12:57:00+00:00,103.67578125,103.67578125,103.67578125,103.67578125,3059.0
2025-06-03 12:58:00+00:00,103.671875,103.671875,103.671875,103.671875,250.0
2025-06-03 12:59:00+00:00,103.66796875,103.66796875,103.66796875,103.66796875,1701.0
2025-06-03 13:00:00+00:00,103.66015625,103.66796875,103.66015625,103.66796875,2410.0
2025-06-03 13:01:00+00:00,103.6640625,103.6640625,103.66015625,103.66015625,145.0
2025-06-03 13:02:00+00:00,103.66015625,103.6640625,103.66015625,103.66015625,639.0
2025-06-03 13:03:00+00:00,103.6640625,103.6640625,103.66015625,103.66015625,603.0
2025-06-03 13:04:00+00:00,103.6640625,103.6640625,103.6640625,103.6640625,771.0
2025-06-03 13:05:00+00:00,103.6640625,103.66796875,103.6640625,103.6640625,760.0
2025-06-03 13:06:00+00:00,103.6640625,103.6640625,103.6640625,103.6640625,605.0
2025-06-03 13:07:00+00:00,103.6640625,103.66796875,103.6640625,103.6640625,187.0
2025-06-03 13:08:00+00:00,103.6640625,103.6640625,103.6640625,103.6640625,333.0
2025-06-03 13:09:00+00:00,103.66796875,103.66796875,103.6640625,103.6640625,18.0
2025-06-03 13:10:00+00:00,103.6640625,103.66796875,103.6640625,103.66796875,422.0
2025-06-03 13:11:00+00:00,103.66796875,103.66796875,103.6640625,103.6640625,39.0
2025-06-03 13:12:00+00:00,103.671875,103.671875,103.6640625,103.6640625,1374.0
2025-06-03 13:13:00+00:00,103.671875,103.671875,103.66796875,103.671875,1156.0
2025-06-03 13:14:00+00:00,103.671875,103.671875,103.671875,103.671875,538.0
2025-06-03 13:15:00+00:00,103.671875,103.671875,103.66796875,103.66796875,46.0
2025-06-03 13:16:00+00:00,103.671875,103.671875,103.66796875,103.66796875,97.0
2025-06-03 13:17:00+00:00,103.671875,103.671875,103.66796875,103.66796875,1560.0
2025-06-03 13:18:00+00:00,103.67578125,103.67578125,103.67578125,103.67578125,177.0
2025-06-03 13:19:00+00:00,103.67578125,103.67578125,103.671875,103.671875,317.0
2025-06-03 13:20:00+00:00,103.67578125,103.6796875,103.671875,103.671875,2249.0
2025-06-03 13:21:00+00:00,103.67578125,103.67578125,103.671875,103.67578125,855.0
2025-06-03 13:22:00+00:00,103.67578125,103.6796875,103.67578125,103.6796875,216.0
2025-06-03 13:23:00+00:00,103.671875,103.6796875,103.671875,103.6796875,1476.0
2025-06-03 13:24:00+00:00,103.67578125,103.6796875,103.671875,103.671875,1141.0
2025-06-03 13:25:00+00:00,103.6796875,103.6796875,103.67578125,103.67578125,616.0
2025-06-03 13:26:00+00:00,103.67578125,103.68359375,103.67578125,103.68359375,916.0
2025-06-03 13:27:00+00:00,103.67578125,103.6796875,103.67578125,103.6796875,1574.0
2025-06-03 13:28:00+00:00,103.67578125,103.67578125,103.671875,103.67578125,3770.0
2025-06-03 13:29:00+00:00,103.67578125,103.6796875,103.671875,103.671875,647.0
2025-06-03 13:30:00+00:00,103.67578125,103.67578125,103.671875,103.67578125,2537.0
2025-06-03 13:31:00+00:00,103.6796875,103.6796875,103.67578125,103.67578125,927.0
2025-06-03 13:32:00+00:00,103.6796875,103.68359375,103.6796875,103.6796875,355.0
2025-06-03 13:36:00+00:00,103.68359375,103.68359375,103.68359375,103.68359375,1755.0
2025-06-03 13:37:00+00:00,103.6875,103.6875,103.68359375,103.68359375,862.0
2025-06-03 13:38:00+00:00,103.6953125,103.6953125,103.69140625,103.69140625,1607.0
2025-06-03 13:39:00+00:00,103.69140625,103.6953125,103.69140625,103.6953125,121.0
2025-06-03 13:40:00+00:00,103.6953125,103.6953125,103.69140625,103.69140625,676.0
2025-06-03 13:42:00+00:00,103.6875,103.6875,103.68359375,103.6875,1651.0
2025-06-03 13:43:00+00:00,103.6875,103.69140625,103.6875,103.6875,864.0
2025-06-03 13:44:00+00:00,103.69140625,103.69140625,103.6875,103.69140625,680.0
2025-06-03 13:45:00+00:00,103.69140625,103.69140625,103.69140625,103.69140625,50.0
2025-06-03 13:46:00+00:00,103.6875,103.69140625,103.68359375,103.69140625,2227.0
2025-06-03 13:47:00+00:00,103.68359375,103.6875,103.68359375,103.6875,310.0
2025-06-03 13:48:00+00:00,103.6875,103.6875,103.68359375,103.68359375,248.0
2025-06-03 13:49:00+00:00,103.6875,103.69140625,103.68359375,103.6875,1125.0
2025-06-03 13:50:00+00:00,103.6875,103.69140625,103.6875,103.6875,1244.0
2025-06-03 13:51:00+00:00,103.6875,103.69140625,103.6875,103.6875,1008.0
2025-06-03 13:52:00+00:00,103.6875,103.6875,103.68359375,103.6875,1726.0
2025-06-03 13:53:00+00:00,103.69140625,103.69140625,103.6875,103.69140625,1596.0
2025-06-03 13:54:00+00:00,103.6875,103.69140625,103.6875,103.69140625,497.0
2025-06-03 13:55:00+00:00,103.69140625,103.69140625,103.6875,103.6875,446.0
2025-06-03 13:56:00+00:00,103.69140625,103.6953125,103.6875,103.6875,33.0
2025-06-03 13:57:00+00:00,103.69140625,103.6953125,103.6875,103.69140625,1261.0
2025-06-03 13:58:00+00:00,103.69140625,103.69140625,103.6875,103.69140625,1399.0
2025-06-03 13:59:00+00:00,103.69140625,103.6953125,103.6875,103.69140625,1948.0
2025-06-03 14:00:00+00:00,103.671875,103.69140625,103.6484375,103.69140625,9277.0
2025-06-03 14:01:00+00:00,103.66796875,103.67578125,103.66796875,103.671875,4054.0
2025-06-03 14:02:00+00:00,103.66015625,103.66796875,103.66015625,103.66796875,819.0
2025-06-03 14:03:00+00:00,103.66796875,103.66796875,103.65625,103.66015625,2497.0
2025-06-03 14:04:00+00:00,103.6640625,103.66796875,103.66015625,103.66796875,2586.0
2025-06-03 14:05:00+00:00,103.66015625,103.6640625,103.66015625,103.6640625,1713.0
2025-06-03 14:06:00+00:00,103.6328125,103.65625,103.6328125,103.65625,3875.0
2025-06-03 14:07:00+00:00,103.6328125,103.63671875,103.625,103.6328125,4990.0
2025-06-03 14:08:00+00:00,103.6328125,103.6328125,103.62890625,103.62890625,2516.0
2025-06-03 14:09:00+00:00,103.625,103.6328125,103.625,103.6328125,1941.0
2025-06-03 14:10:00+00:00,103.62890625,103.62890625,103.625,103.62890625,1866.0
2025-06-03 14:11:00+00:00,103.625,103.625,103.62109375,103.625,2127.0
2025-06-03 14:12:00+00:00,103.62890625,103.62890625,103.625,103.625,1893.0
2025-06-03 14:13:00+00:00,103.62890625,103.62890625,103.62890625,103.62890625,1264.0
2025-06-03 14:14:00+00:00,103.62890625,103.6328125,103.62890625,103.62890625,330.0
2025-06-03 14:15:00+00:00,103.62890625,103.6328125,103.62890625,103.62890625,2103.0
2025-06-03 14:16:00+00:00,103.63671875,103.640625,103.6328125,103.6328125,1907.0
2025-06-03 14:17:00+00:00,103.64453125,103.64453125,103.63671875,103.63671875,3102.0
2025-06-03 14:18:00+00:00,103.64453125,103.64453125,103.640625,103.640625,1726.0
2025-06-03 14:19:00+00:00,103.6484375,103.6484375,103.64453125,103.64453125,1276.0
2025-06-03 14:20:00+00:00,103.6484375,103.65234375,103.64453125,103.64453125,1057.0
2025-06-03 14:21:00+00:00,103.6484375,103.65234375,103.6484375,103.6484375,343.0
2025-06-03 14:22:00+00:00,103.6484375,103.6484375,103.6484375,103.6484375,755.0
2025-06-03 14:23:00+00:00,103.640625,103.64453125,103.63671875,103.64453125,1415.0
2025-06-03 14:24:00+00:00,103.63671875,103.640625,103.6328125,103.640625,1164.0
2025-06-03 14:25:00+00:00,103.63671875,103.63671875,103.63671875,103.63671875,1478.0
2025-06-03 14:26:00+00:00,103.6328125,103.63671875,103.6328125,103.63671875,2244.0
2025-06-03 14:29:00+00:00,103.625,103.62890625,103.625,103.62890625,4052.0
2025-06-03 14:30:00+00:00,103.6328125,103.6328125,103.625,103.625,1406.0
2025-06-03 14:31:00+00:00,103.62890625,103.62890625,103.62890625,103.62890625,237.0
2025-06-03 14:32:00+00:00,103.62890625,103.6328125,103.625,103.6328125,2432.0
2025-06-03 14:33:00+00:00,103.6328125,103.6328125,103.62890625,103.62890625,627.0
2025-06-03 14:34:00+00:00,103.6328125,103.6328125,103.62890625,103.62890625,276.0
2025-06-03 14:35:00+00:00,103.63671875,103.63671875,103.62890625,103.62890625,2944.0
2025-06-03 14:36:00+00:00,103.640625,103.640625,103.63671875,103.63671875,689.0
2025-06-03 14:37:00+00:00,103.640625,103.64453125,103.640625,103.640625,809.0
2025-06-03 14:38:00+00:00,103.63671875,103.640625,103.63671875,103.640625,774.0
2025-06-03 14:39:00+00:00,103.6328125,103.63671875,103.6328125,103.63671875,575.0
2025-06-03 14:40:00+00:00,103.6328125,103.6328125,103.6328125,103.6328125,384.0
2025-06-03 14:41:00+00:00,103.6328125,103.6328125,103.62890625,103.6328125,2063.0
2025-06-03 14:42:00+00:00,103.6328125,103.6328125,103.62890625,103.6328125,371.0
2025-06-03 14:43:00+00:00,103.63671875,103.63671875,103.62890625,103.6328125,1668.0
2025-06-03 14:44:00+00:00,103.6328125,103.6328125,103.6328125,103.6328125,273.0
2025-06-03 14:45:00+00:00,103.6328125,103.6328125,103.6328125,103.6328125,1.0
2025-06-03 14:46:00+00:00,103.62890625,103.6328125,103.62890625,103.6328125,1286.0
2025-06-03 14:47:00+00:00,103.62890625,103.62890625,103.625,103.62890625,937.0
2025-06-03 14:48:00+00:00,103.62109375,103.625,103.62109375,103.625,713.0
2025-06-03 14:53:00+00:00,103.62890625,103.62890625,103.625,103.62890625,3477.0
2025-06-03 14:54:00+00:00,103.6328125,103.6328125,103.62890625,103.62890625,1245.0
2025-06-03 14:55:00+00:00,103.6328125,103.6328125,103.6328125,103.6328125,1963.0
2025-06-03 14:56:00+00:00,103.6328125,103.6328125,103.6328125,103.6328125,235.0
2025-06-03 14:57:00+00:00,103.6328125,103.6328125,103.62890625,103.6328125,1603.0
2025-06-03 14:58:00+00:00,103.6328125,103.6328125,103.6328125,103.6328125,43.0
2025-06-03 14:59:00+00:00,103.625,103.6328125,103.625,103.6328125,2017.0
2025-06-03 15:00:00+00:00,103.625,103.62890625,103.625,103.62890625,1065.0
2025-06-03 15:01:00+00:00,103.62890625,103.62890625,103.625,103.625,1948.0
2025-06-03 15:02:00+00:00,103.6328125,103.6328125,103.62890625,103.62890625,74.0
2025-06-03 15:03:00+00:00,103.62890625,103.6328125,103.62890625,103.62890625,33.0
2025-06-03 15:04:00+00:00,103.62890625,103.62890625,103.625,103.62890625,353.0
2025-06-03 15:05:00+00:00,103.62890625,103.62890625,103.625,103.625,261.0
2025-06-03 15:07:00+00:00,103.62890625,103.62890625,103.62890625,103.62890625,171.0
2025-06-03 15:08:00+00:00,103.625,103.62890625,103.625,103.62890625,238.0
2025-06-03 15:09:00+00:00,103.62890625,103.6328125,103.625,103.62890625,649.0
2025-06-03 15:10:00+00:00,103.6328125,103.63671875,103.62890625,103.62890625,2662.0
2025-06-03 15:11:00+00:00,103.6328125,103.63671875,103.6328125,103.63671875,374.0
2025-06-03 15:12:00+00:00,103.625,103.62890625,103.625,103.62890625,1315.0
2025-06-03 15:13:00+00:00,103.62109375,103.625,103.62109375,103.625,147.0
2025-06-03 15:14:00+00:00,103.625,103.625,103.62109375,103.62109375,1575.0
2025-06-03 15:15:00+00:00,103.6171875,103.62109375,103.6171875,103.62109375,1405.0
2025-06-03 15:16:00+00:00,103.625,103.625,103.62109375,103.62109375,3210.0
2025-06-03 15:17:00+00:00,103.62109375,103.625,103.6171875,103.625,2687.0
2025-06-03 15:18:00+00:00,103.6171875,103.62109375,103.6171875,103.62109375,212.0
2025-06-03 15:19:00+00:00,103.62109375,103.62109375,103.6171875,103.62109375,107.0
2025-06-03 15:20:00+00:00,103.6171875,103.62109375,103.6171875,103.62109375,598.0
2025-06-03 15:21:00+00:00,103.62109375,103.62109375,103.6171875,103.62109375,113.0
2025-06-03 15:22:00+00:00,103.6171875,103.62109375,103.6171875,103.6171875,632.0
2025-06-03 15:23:00+00:00,103.6171875,103.62109375,103.6171875,103.6171875,1083.0
2025-06-03 15:24:00+00:00,103.62109375,103.62109375,103.62109375,103.62109375,120.0
2025-06-03 15:25:00+00:00,103.62109375,103.625,103.62109375,103.62109375,599.0
2025-06-03 15:26:00+00:00,103.625,103.625,103.62109375,103.62109375,645.0
2025-06-03 15:27:00+00:00,103.62109375,103.625,103.62109375,103.62109375,1440.0
2025-06-03 15:28:00+00:00,103.625,103.625,103.62109375,103.62109375,282.0
2025-06-03 15:29:00+00:00,103.625,103.625,103.62109375,103.62109375,1476.0
2025-06-03 15:30:00+00:00,103.625,103.625,103.62109375,103.625,81.0
2025-06-03 15:31:00+00:00,103.62109375,103.625,103.62109375,103.625,257.0
2025-06-03 15:32:00+00:00,103.6171875,103.625,103.6171875,103.625,880.0
2025-06-03 15:33:00+00:00,103.6171875,103.62109375,103.6171875,103.6171875,256.0
2025-06-03 15:34:00+00:00,103.6171875,103.62109375,103.6171875,103.6171875,464.0
2025-06-03 15:35:00+00:00,103.61328125,103.6171875,103.61328125,103.6171875,2108.0
2025-06-03 15:36:00+00:00,103.6171875,103.6171875,103.61328125,103.61328125,335.0
2025-06-03 15:37:00+00:00,103.6171875,103.6171875,103.6171875,103.6171875,595.0
2025-06-03 15:38:00+00:00,103.6171875,103.6171875,103.6171875,103.6171875,304.0
2025-06-03 15:39:00+00:00,103.6171875,103.6171875,103.61328125,103.6171875,425.0
2025-06-03 15:40:00+00:00,103.6171875,103.6171875,103.6171875,103.6171875,449.0
2025-06-03 15:41:00+00:00,103.609375,103.6171875,103.609375,103.6171875,2283.0
2025-06-03 15:42:00+00:00,103.61328125,103.61328125,103.609375,103.609375,572.0
2025-06-03 15:43:00+00:00,103.609375,103.61328125,103.609375,103.61328125,124.0
2025-06-03 15:44:00+00:00,103.60546875,103.61328125,103.60546875,103.609375,1353.0
2025-06-03 15:45:00+00:00,103.6015625,103.609375,103.6015625,103.60546875,2166.0
2025-06-03 15:46:00+00:00,103.6015625,103.60546875,103.59765625,103.60546875,3521.0
2025-06-03 15:47:00+00:00,103.6015625,103.6015625,103.59765625,103.6015625,37.0
2025-06-03 15:48:00+00:00,103.59765625,103.6015625,103.59765625,103.6015625,370.0
2025-06-03 15:51:00+00:00,103.59375,103.59765625,103.59375,103.59765625,2518.0
2025-06-03 15:52:00+00:00,103.59765625,103.59765625,103.59765625,103.59765625,134.0
2025-06-03 15:53:00+00:00,103.59765625,103.59765625,103.59375,103.59375,1884.0
2025-06-03 15:54:00+00:00,103.59375,103.59765625,103.58984375,103.59375,3438.0
2025-06-03 15:55:00+00:00,103.58984375,103.58984375,103.58984375,103.58984375,15.0
2025-06-03 15:56:00+00:00,103.59375,103.59375,103.58984375,103.58984375,2135.0
2025-06-03 15:57:00+00:00,103.59375,103.59375,103.58984375,103.58984375,1061.0
2025-06-03 15:58:00+00:00,103.59765625,103.59765625,103.59375,103.59765625,229.0
2025-06-03 15:59:00+00:00,103.59765625,103.6015625,103.59375,103.59765625,803.0
2025-06-03 16:00:00+00:00,103.6015625,103.60546875,103.59765625,103.59765625,5198.0
2025-06-03 16:01:00+00:00,103.60546875,103.60546875,103.6015625,103.60546875,862.0
2025-06-03 16:02:00+00:00,103.60546875,103.60546875,103.6015625,103.6015625,359.0
2025-06-03 16:03:00+00:00,103.6015625,103.60546875,103.6015625,103.6015625,98.0
2025-06-03 16:04:00+00:00,103.6015625,103.60546875,103.6015625,103.60546875,521.0
2025-06-03 16:05:00+00:00,103.60546875,103.60546875,103.6015625,103.6015625,193.0
2025-06-03 16:06:00+00:00,103.60546875,103.609375,103.6015625,103.6015625,2373.0
2025-06-03 16:07:00+00:00,103.60546875,103.609375,103.6015625,103.60546875,2434.0
2025-06-03 16:08:00+00:00,103.60546875,103.609375,103.60546875,103.60546875,141.0
2025-06-03 16:09:00+00:00,103.609375,103.609375,103.60546875,103.609375,2107.0
2025-06-03 16:10:00+00:00,103.609375,103.609375,103.60546875,103.60546875,777.0
2025-06-03 16:11:00+00:00,103.609375,103.609375,103.60546875,103.60546875,531.0
2025-06-03 16:12:00+00:00,103.61328125,103.61328125,103.60546875,103.609375,3324.0
2025-06-03 16:13:00+00:00,103.609375,103.61328125,103.609375,103.61328125,108.0
2025-06-03 16:17:00+00:00,103.6171875,103.6171875,103.61328125,103.61328125,7181.0
2025-06-03 16:18:00+00:00,103.6171875,103.6171875,103.61328125,103.61328125,111.0
2025-06-03 16:19:00+00:00,103.6171875,103.6171875,103.61328125,103.6171875,153.0
2025-06-03 16:20:00+00:00,103.6171875,103.6171875,103.61328125,103.6171875,1879.0
2025-06-03 16:21:00+00:00,103.6171875,103.6171875,103.6171875,103.6171875,70.0
2025-06-03 16:22:00+00:00,103.6171875,103.62109375,103.6171875,103.6171875,1974.0
2025-06-03 16:23:00+00:00,103.62109375,103.62109375,103.6171875,103.6171875,743.0
2025-06-03 16:24:00+00:00,103.62109375,103.62109375,103.62109375,103.62109375,100.0
2025-06-03 16:25:00+00:00,103.6171875,103.62109375,103.61328125,103.62109375,3233.0
2025-06-03 16:26:00+00:00,103.61328125,103.6171875,103.61328125,103.6171875,4.0
2025-06-03 16:27:00+00:00,103.6171875,103.6171875,103.61328125,103.6171875,2066.0
2025-06-03 16:28:00+00:00,103.6171875,103.62109375,103.6171875,103.6171875,927.0
2025-06-03 16:29:00+00:00,103.6171875,103.6171875,103.6171875,103.6171875,127.0
2025-06-03 16:30:00+00:00,103.609375,103.6171875,103.609375,103.6171875,2573.0
2025-06-03 16:31:00+00:00,103.609375,103.609375,103.609375,103.609375,923.0
2025-06-03 16:32:00+00:00,103.61328125,103.61328125,103.60546875,103.60546875,869.0
2025-06-03 16:33:00+00:00,103.61328125,103.61328125,103.61328125,103.61328125,182.0
2025-06-03 16:34:00+00:00,103.61328125,103.61328125,103.609375,103.609375,423.0
2025-06-03 16:35:00+00:00,103.609375,103.61328125,103.609375,103.61328125,141.0
2025-06-03 16:36:00+00:00,103.61328125,103.61328125,103.609375,103.61328125,141.0
2025-06-03 16:37:00+00:00,103.609375,103.61328125,103.609375,103.61328125,245.0
2025-06-03 16:38:00+00:00,103.61328125,103.61328125,103.61328125,103.61328125,126.0
2025-06-03 16:39:00+00:00,103.61328125,103.6171875,103.609375,103.609375,664.0
2025-06-03 16:40:00+00:00,103.61328125,103.61328125,103.61328125,103.61328125,152.0
2025-06-03 16:41:00+00:00,103.61328125,103.61328125,103.609375,103.609375,105.0
2025-06-03 16:42:00+00:00,103.61328125,103.61328125,103.609375,103.61328125,143.0
2025-06-03 16:43:00+00:00,103.61328125,103.61328125,103.609375,103.609375,482.0
2025-06-03 16:44:00+00:00,103.609375,103.61328125,103.609375,103.61328125,86.0
2025-06-03 16:45:00+00:00,103.61328125,103.61328125,103.609375,103.609375,335.0
2025-06-03 16:46:00+00:00,103.609375,103.61328125,103.609375,103.609375,20.0
2025-06-03 16:47:00+00:00,103.609375,103.609375,103.609375,103.609375,815.0
2025-06-03 16:48:00+00:00,103.609375,103.609375,103.609375,103.609375,3158.0
2025-06-03 16:49:00+00:00,103.609375,103.609375,103.609375,103.609375,1.0
2025-06-03 16:50:00+00:00,103.609375,103.61328125,103.609375,103.609375,453.0
2025-06-03 16:51:00+00:00,103.61328125,103.61328125,103.61328125,103.61328125,1.0
2025-06-03 16:52:00+00:00,103.609375,103.609375,103.609375,103.609375,15.0
2025-06-03 16:53:00+00:00,103.609375,103.61328125,103.609375,103.609375,71.0
2025-06-03 16:54:00+00:00,103.609375,103.609375,103.609375,103.609375,105.0
2025-06-03 16:55:00+00:00,103.60546875,103.609375,103.60546875,103.609375,463.0
2025-06-03 16:56:00+00:00,103.60546875,103.60546875,103.60546875,103.60546875,2.0
2025-06-03 16:57:00+00:00,103.60546875,103.609375,103.60546875,103.60546875,473.0
2025-06-03 16:58:00+00:00,103.609375,103.609375,103.609375,103.609375,48.0
2025-06-03 16:59:00+00:00,103.60546875,103.60546875,103.60546875,103.60546875,15.0
2025-06-03 17:00:00+00:00,103.609375,103.609375,103.609375,103.609375,22.0
2025-06-03 17:01:00+00:00,103.609375,103.609375,103.609375,103.609375,1267.0
2025-06-03 17:02:00+00:00,103.61328125,103.61328125,103.609375,103.609375,115.0
2025-06-03 17:03:00+00:00,103.61328125,103.61328125,103.61328125,103.61328125,986.0
2025-06-03 17:04:00+00:00,103.61328125,103.61328125,103.609375,103.61328125,428.0
2025-06-03 17:05:00+00:00,103.61328125,103.61328125,103.61328125,103.61328125,92.0
2025-06-03 17:06:00+00:00,103.61328125,103.61328125,103.61328125,103.61328125,747.0
2025-06-03 17:07:00+00:00,103.61328125,103.61328125,103.609375,103.61328125,200.0
2025-06-03 17:08:00+00:00,103.609375,103.609375,103.609375,103.609375,17.0
2025-06-03 17:09:00+00:00,103.609375,103.609375,103.609375,103.609375,18.0
2025-06-03 17:11:00+00:00,103.609375,103.609375,103.609375,103.609375,247.0
2025-06-03 17:15:00+00:00,103.609375,103.609375,103.609375,103.609375,388.0
2025-06-03 17:16:00+00:00,103.60546875,103.609375,103.6015625,103.609375,134.0
2025-06-03 17:17:00+00:00,103.6015625,103.60546875,103.6015625,103.60546875,359.0
2025-06-03 17:18:00+00:00,103.6015625,103.60546875,103.6015625,103.6015625,549.0
2025-06-03 17:19:00+00:00,103.60546875,103.60546875,103.6015625,103.6015625,31.0
2025-06-03 17:20:00+00:00,103.60546875,103.60546875,103.60546875,103.60546875,1.0
2025-06-03 17:21:00+00:00,103.60546875,103.60546875,103.60546875,103.60546875,495.0
2025-06-03 17:22:00+00:00,103.60546875,103.60546875,103.6015625,103.6015625,318.0
2025-06-03 17:23:00+00:00,103.60546875,103.60546875,103.60546875,103.60546875,9.0
2025-06-03 17:24:00+00:00,103.60546875,103.60546875,103.60546875,103.60546875,595.0
2025-06-03 17:25:00+00:00,103.609375,103.609375,103.60546875,103.60546875,738.0
2025-06-03 17:26:00+00:00,103.609375,103.609375,103.609375,103.609375,42.0
2025-06-03 17:27:00+00:00,103.609375,103.609375,103.60546875,103.609375,24.0
2025-06-03 17:28:00+00:00,103.609375,103.609375,103.609375,103.609375,40.0
2025-06-03 17:29:00+00:00,103.61328125,103.61328125,103.609375,103.609375,957.0
2025-06-03 17:30:00+00:00,103.61328125,103.6171875,103.61328125,103.61328125,322.0
2025-06-03 17:31:00+00:00,103.609375,103.61328125,103.609375,103.61328125,693.0
2025-06-03 17:32:00+00:00,103.61328125,103.61328125,103.61328125,103.61328125,30.0
2025-06-03 17:33:00+00:00,103.61328125,103.61328125,103.61328125,103.61328125,417.0
2025-06-03 17:34:00+00:00,103.61328125,103.61328125,103.61328125,103.61328125,5.0
2025-06-03 17:35:00+00:00,103.61328125,103.6171875,103.61328125,103.61328125,5066.0
2025-06-03 17:36:00+00:00,103.61328125,103.61328125,103.61328125,103.61328125,211.0
2025-06-03 17:37:00+00:00,103.61328125,103.61328125,103.61328125,103.61328125,85.0
2025-06-03 17:39:00+00:00,103.609375,103.61328125,103.609375,103.61328125,306.0
2025-06-03 17:41:00+00:00,103.609375,103.609375,103.609375,103.609375,5.0
2025-06-03 17:43:00+00:00,103.609375,103.609375,103.609375,103.609375,4.0
2025-06-03 17:44:00+00:00,103.60546875,103.60546875,103.60546875,103.60546875,52.0
2025-06-03 17:45:00+00:00,103.609375,103.609375,103.60546875,103.60546875,30.0
2025-06-03 17:46:00+00:00,103.60546875,103.609375,103.60546875,103.609375,860.0
2025-06-03 17:47:00+00:00,103.60546875,103.609375,103.6015625,103.60546875,600.0
2025-06-03 17:49:00+00:00,103.6015625,103.6015625,103.6015625,103.6015625,544.0
2025-06-03 17:50:00+00:00,103.6015625,103.6015625,103.6015625,103.6015625,249.0
2025-06-03 17:54:00+00:00,103.60546875,103.60546875,103.60546875,103.60546875,2218.0
2025-06-03 17:55:00+00:00,103.60546875,103.609375,103.60546875,103.60546875,1461.0
2025-06-03 17:57:00+00:00,103.609375,103.609375,103.609375,103.609375,2940.0
2025-06-03 17:59:00+00:00,103.6171875,103.6171875,103.61328125,103.61328125,3115.0
2025-06-03 18:00:00+00:00,103.61328125,103.6171875,103.61328125,103.6171875,57.0
2025-06-03 18:01:00+00:00,103.62109375,103.62109375,103.6171875,103.6171875,4594.0
2025-06-03 18:02:00+00:00,103.62109375,103.62109375,103.6171875,103.6171875,1182.0
2025-06-03 18:03:00+00:00,103.6171875,103.6171875,103.6171875,103.6171875,668.0
2025-06-03 18:04:00+00:00,103.6171875,103.6171875,103.6171875,103.6171875,134.0
2025-06-03 18:05:00+00:00,103.6171875,103.62109375,103.6171875,103.62109375,298.0
2025-06-03 18:06:00+00:00,103.62109375,103.62109375,103.62109375,103.62109375,114.0
2025-06-03 18:07:00+00:00,103.62109375,103.62109375,103.6171875,103.62109375,162.0
2025-06-03 18:08:00+00:00,103.62109375,103.62109375,103.6171875,103.62109375,157.0
2025-06-03 18:09:00+00:00,103.62109375,103.62109375,103.62109375,103.62109375,158.0
2025-06-03 18:10:00+00:00,103.6171875,103.62109375,103.6171875,103.6171875,573.0
2025-06-03 18:11:00+00:00,103.61328125,103.62109375,103.61328125,103.62109375,422.0
2025-06-03 18:12:00+00:00,103.61328125,103.6171875,103.61328125,103.6171875,146.0
2025-06-03 18:13:00+00:00,103.61328125,103.6171875,103.61328125,103.61328125,200.0
2025-06-03 18:14:00+00:00,103.6171875,103.6171875,103.61328125,103.6171875,315.0
2025-06-03 18:15:00+00:00,103.6171875,103.6171875,103.6171875,103.6171875,1233.0
2025-06-03 18:16:00+00:00,103.6171875,103.6171875,103.6171875,103.6171875,384.0
2025-06-03 18:17:00+00:00,103.6171875,103.6171875,103.6171875,103.6171875,1159.0
2025-06-03 18:18:00+00:00,103.6171875,103.6171875,103.6171875,103.6171875,837.0
2025-06-03 18:19:00+00:00,103.62109375,103.62109375,103.6171875,103.6171875,451.0
2025-06-03 18:20:00+00:00,103.62109375,103.62109375,103.62109375,103.62109375,113.0
2025-06-03 18:22:00+00:00,103.62109375,103.62109375,103.6171875,103.6171875,99.0
2025-06-03 18:23:00+00:00,103.625,103.625,103.62109375,103.62109375,855.0
2025-06-03 18:24:00+00:00,103.62109375,103.625,103.62109375,103.625,50.0
2025-06-03 18:25:00+00:00,103.62109375,103.625,103.62109375,103.625,772.0
2025-06-03 18:26:00+00:00,103.62109375,103.62109375,103.62109375,103.62109375,426.0
2025-06-03 18:29:00+00:00,103.6171875,103.6171875,103.61328125,103.6171875,2219.0
2025-06-03 18:30:00+00:00,103.6171875,103.62109375,103.6171875,103.62109375,535.0
2025-06-03 18:31:00+00:00,103.6171875,103.62109375,103.6171875,103.6171875,360.0
2025-06-03 18:32:00+00:00,103.62109375,103.62109375,103.6171875,103.62109375,175.0
2025-06-03 18:33:00+00:00,103.62109375,103.62109375,103.62109375,103.62109375,104.0
2025-06-03 18:34:00+00:00,103.62109375,103.62109375,103.62109375,103.62109375,5.0
2025-06-03 18:35:00+00:00,103.6171875,103.62109375,103.6171875,103.62109375,159.0
2025-06-03 18:36:00+00:00,103.6171875,103.6171875,103.6171875,103.6171875,288.0
2025-06-03 18:37:00+00:00,103.6171875,103.6171875,103.61328125,103.61328125,55.0
2025-06-03 18:38:00+00:00,103.6171875,103.6171875,103.6171875,103.6171875,1.0
2025-06-03 18:40:00+00:00,103.6171875,103.6171875,103.6171875,103.6171875,469.0
2025-06-03 18:41:00+00:00,103.6171875,103.6171875,103.6171875,103.6171875,180.0
2025-06-03 18:42:00+00:00,103.6171875,103.6171875,103.6171875,103.6171875,388.0
2025-06-03 18:43:00+00:00,103.6171875,103.6171875,103.6171875,103.6171875,3.0
2025-06-03 18:44:00+00:00,103.61328125,103.6171875,103.61328125,103.6171875,28.0
2025-06-03 18:45:00+00:00,103.6171875,103.6171875,103.61328125,103.6171875,489.0
2025-06-03 18:46:00+00:00,103.609375,103.6171875,103.609375,103.61328125,1687.0
2025-06-03 18:47:00+00:00,103.6171875,103.6171875,103.609375,103.609375,634.0
2025-06-03 18:48:00+00:00,103.61328125,103.6171875,103.61328125,103.6171875,3.0
2025-06-03 18:49:00+00:00,103.62109375,103.625,103.61328125,103.61328125,7696.0
2025-06-03 18:50:00+00:00,103.6171875,103.62109375,103.6171875,103.62109375,116.0
2025-06-03 18:51:00+00:00,103.62109375,103.62109375,103.6171875,103.6171875,49.0
2025-06-03 18:52:00+00:00,103.62109375,103.62109375,103.6171875,103.6171875,4.0
2025-06-03 18:53:00+00:00,103.6171875,103.62109375,103.6171875,103.6171875,484.0
2025-06-03 18:54:00+00:00,103.62109375,103.62109375,103.6171875,103.6171875,88.0
2025-06-03 18:55:00+00:00,103.6171875,103.62109375,103.6171875,103.6171875,252.0
2025-06-03 18:56:00+00:00,103.6171875,103.62109375,103.6171875,103.6171875,8.0
2025-06-03 18:57:00+00:00,103.6171875,103.62109375,103.6171875,103.62109375,64.0
2025-06-03 18:58:00+00:00,103.6171875,103.62109375,103.6171875,103.62109375,184.0
2025-06-03 18:59:00+00:00,103.6171875,103.62109375,103.6171875,103.62109375,4075.0
2025-06-03 19:00:00+00:00,103.62109375,103.62109375,103.6171875,103.62109375,346.0
2025-06-03 19:01:00+00:00,103.62109375,103.62109375,103.62109375,103.62109375,96.0
2025-06-03 19:02:00+00:00,103.62109375,103.62109375,103.6171875,103.62109375,998.0
2025-06-03 19:03:00+00:00,103.625,103.625,103.625,103.625,728.0
2025-06-03 19:04:00+00:00,103.62109375,103.625,103.62109375,103.62109375,1856.0
2025-06-03 19:05:00+00:00,103.62109375,103.62109375,103.62109375,103.62109375,352.0
2025-06-03 19:06:00+00:00,103.625,103.625,103.6171875,103.6171875,647.0
2025-06-03 19:07:00+00:00,103.62109375,103.625,103.62109375,103.625,135.0
2025-06-03 19:08:00+00:00,103.625,103.625,103.62109375,103.625,37.0
2025-06-03 19:09:00+00:00,103.6171875,103.625,103.6171875,103.62109375,612.0
2025-06-03 19:14:00+00:00,103.6171875,103.6171875,103.6171875,103.6171875,9.0
2025-06-03 19:15:00+00:00,103.6171875,103.6171875,103.6171875,103.6171875,243.0
2025-06-03 19:16:00+00:00,103.62109375,103.62109375,103.62109375,103.62109375,29.0
2025-06-03 19:17:00+00:00,103.6171875,103.6171875,103.6171875,103.6171875,1005.0
2025-06-03 19:20:00+00:00,103.6171875,103.6171875,103.6171875,103.6171875,226.0
2025-06-03 19:21:00+00:00,103.62109375,103.62109375,103.62109375,103.62109375,3.0
2025-06-03 19:22:00+00:00,103.6171875,103.6171875,103.6171875,103.6171875,126.0
2025-06-03 19:23:00+00:00,103.6171875,103.6171875,103.6171875,103.6171875,89.0
2025-06-03 19:24:00+00:00,103.6171875,103.6171875,103.6171875,103.6171875,33.0
2025-06-03 19:26:00+00:00,103.61328125,103.6171875,103.61328125,103.6171875,1813.0
2025-06-03 19:27:00+00:00,103.61328125,103.6171875,103.609375,103.61328125,526.0
2025-06-03 19:28:00+00:00,103.61328125,103.61328125,103.61328125,103.61328125,10.0
2025-06-03 19:29:00+00:00,103.61328125,103.61328125,103.61328125,103.61328125,1186.0
2025-06-03 19:30:00+00:00,103.61328125,103.61328125,103.61328125,103.61328125,430.0
2025-06-03 19:31:00+00:00,103.61328125,103.61328125,103.61328125,103.61328125,233.0
2025-06-03 19:32:00+00:00,103.61328125,103.61328125,103.61328125,103.61328125,58.0
2025-06-03 19:34:00+00:00,103.609375,103.609375,103.609375,103.609375,129.0
2025-06-03 19:36:00+00:00,103.61328125,103.61328125,103.61328125,103.61328125,710.0
2025-06-03 19:37:00+00:00,103.61328125,103.61328125,103.61328125,103.61328125,8.0
2025-06-03 19:38:00+00:00,103.61328125,103.61328125,103.61328125,103.61328125,4.0
2025-06-03 19:39:00+00:00,103.609375,103.609375,103.609375,103.609375,30.0
2025-06-03 19:40:00+00:00,103.61328125,103.61328125,103.609375,103.609375,274.0
2025-06-03 19:43:00+00:00,103.61328125,103.61328125,103.61328125,103.61328125,102.0
2025-06-03 19:44:00+00:00,103.609375,103.61328125,103.609375,103.609375,393.0
2025-06-03 19:45:00+00:00,103.61328125,103.61328125,103.61328125,103.61328125,2.0
2025-06-03 19:46:00+00:00,103.609375,103.61328125,103.609375,103.61328125,706.0
2025-06-03 19:47:00+00:00,103.60546875,103.609375,103.60546875,103.609375,1546.0
2025-06-03 19:50:00+00:00,103.609375,103.609375,103.609375,103.609375,1556.0
2025-06-03 19:51:00+00:00,103.609375,103.609375,103.609375,103.609375,103.0
2025-06-03 19:52:00+00:00,103.609375,103.61328125,103.609375,103.609375,801.0
2025-06-03 19:53:00+00:00,103.609375,103.609375,103.60546875,103.609375,1272.0
2025-06-03 19:54:00+00:00,103.609375,103.609375,103.609375,103.609375,783.0
2025-06-03 19:55:00+00:00,103.60546875,103.609375,103.60546875,103.609375,179.0
2025-06-03 19:56:00+00:00,103.60546875,103.60546875,103.60546875,103.60546875,821.0
2025-06-03 19:57:00+00:00,103.609375,103.609375,103.609375,103.609375,161.0
2025-06-03 19:58:00+00:00,103.609375,103.609375,103.60546875,103.609375,127.0
2025-06-03 19:59:00+00:00,103.61328125,103.61328125,103.60546875,103.609375,3172.0
2025-06-03 20:00:00+00:00,103.62109375,103.62109375,103.609375,103.609375,3426.0
2025-06-03 20:01:00+00:00,103.62109375,103.62890625,103.62109375,103.62109375,1278.0
2025-06-03 20:02:00+00:00,103.625,103.625,103.62109375,103.625,1302.0
2025-06-03 20:03:00+00:00,103.625,103.62890625,103.625,103.62890625,1362.0
2025-06-03 20:04:00+00:00,103.62890625,103.62890625,103.625,103.625,512.0
2025-06-03 20:05:00+00:00,103.62890625,103.62890625,103.625,103.625,40.0
2025-06-03 20:06:00+00:00,103.62890625,103.62890625,103.62890625,103.62890625,57.0
2025-06-03 20:07:00+00:00,103.62890625,103.62890625,103.625,103.625,63.0
2025-06-03 20:08:00+00:00,103.62890625,103.62890625,103.625,103.625,84.0
2025-06-03 20:09:00+00:00,103.62890625,103.62890625,103.62890625,103.62890625,1174.0
2025-06-03 20:10:00+00:00,103.62890625,103.62890625,103.62890625,103.62890625,455.0
2025-06-03 20:11:00+00:00,103.6328125,103.6328125,103.62890625,103.6328125,1097.0
2025-06-03 20:12:00+00:00,103.6328125,103.6328125,103.6328125,103.6328125,977.0
2025-06-03 20:13:00+00:00,103.62890625,103.62890625,103.62890625,103.62890625,11.0
2025-06-03 20:14:00+00:00,103.62890625,103.62890625,103.62890625,103.62890625,198.0
2025-06-03 20:15:00+00:00,103.62890625,103.6328125,103.62890625,103.6328125,219.0
2025-06-03 20:16:00+00:00,103.6328125,103.63671875,103.62890625,103.62890625,2465.0
2025-06-03 20:17:00+00:00,103.6328125,103.63671875,103.6328125,103.6328125,583.0
2025-06-03 20:18:00+00:00,103.62890625,103.6328125,103.62890625,103.6328125,259.0
2025-06-03 20:19:00+00:00,103.6328125,103.6328125,103.62890625,103.62890625,774.0
2025-06-03 20:20:00+00:00,103.6328125,103.6328125,103.62890625,103.62890625,43.0
2025-06-03 20:22:00+00:00,103.62890625,103.62890625,103.62890625,103.62890625,33.0
2025-06-03 20:23:00+00:00,103.6328125,103.6328125,103.6328125,103.6328125,1277.0
2025-06-03 20:24:00+00:00,103.62890625,103.62890625,103.62890625,103.62890625,10.0
2025-06-03 20:26:00+00:00,103.62890625,103.62890625,103.62890625,103.62890625,39.0
2025-06-03 20:27:00+00:00,103.6328125,103.6328125,103.62890625,103.62890625,418.0
2025-06-03 20:28:00+00:00,103.62890625,103.6328125,103.62890625,103.6328125,345.0
2025-06-03 20:29:00+00:00,103.625,103.62890625,103.625,103.62890625,1017.0
2025-06-03 20:31:00+00:00,103.625,103.62890625,103.625,103.62890625,637.0
2025-06-03 20:32:00+00:00,103.625,103.625,103.625,103.625,524.0
2025-06-03 20:33:00+00:00,103.625,103.625,103.625,103.625,51.0
2025-06-03 20:35:00+00:00,103.625,103.625,103.625,103.625,190.0
2025-06-03 20:36:00+00:00,103.625,103.62890625,103.625,103.62890625,659.0
2025-06-03 20:38:00+00:00,103.625,103.625,103.625,103.625,52.0
2025-06-03 20:39:00+00:00,103.62109375,103.62890625,103.62109375,103.625,3576.0
2025-06-03 20:40:00+00:00,103.6171875,103.62109375,103.6171875,103.62109375,215.0
2025-06-03 20:41:00+00:00,103.62109375,103.625,103.62109375,103.62109375,427.0
2025-06-03 20:42:00+00:00,103.62109375,103.62109375,103.62109375,103.62109375,1323.0
2025-06-03 20:43:00+00:00,103.62109375,103.62109375,103.62109375,103.62109375,1291.0
2025-06-03 20:44:00+00:00,103.62109375,103.62109375,103.62109375,103.62109375,178.0
2025-06-03 20:45:00+00:00,103.62109375,103.62109375,103.62109375,103.62109375,38.0
2025-06-03 20:46:00+00:00,103.6171875,103.6171875,103.6171875,103.6171875,2.0
2025-06-03 20:47:00+00:00,103.62109375,103.625,103.6171875,103.6171875,1035.0
2025-06-03 20:54:00+00:00,103.62109375,103.625,103.62109375,103.625,2002.0
2025-06-03 20:55:00+00:00,103.625,103.625,103.62109375,103.62109375,61.0
2025-06-03 20:58:00+00:00,103.62109375,103.62109375,103.62109375,103.62109375,58.0
2025-06-03 20:59:00+00:00,103.62890625,103.62890625,103.625,103.625,0.0
2025-06-03 22:00:00+00:00,103.625,103.62890625,103.62109375,103.62890625,24.0
2025-06-03 22:01:00+00:00,103.62890625,103.62890625,103.62109375,103.62109375,215.0
2025-06-03 22:02:00+00:00,103.62890625,103.62890625,103.62890625,103.62890625,197.0
2025-06-03 22:05:00+00:00,103.6328125,103.6328125,103.62890625,103.62890625,296.0
2025-06-03 22:19:00+00:00,103.6328125,103.6328125,103.6328125,103.6328125,2.0
2025-06-03 22:26:00+00:00,103.625,103.62890625,103.625,103.62890625,662.0
2025-06-03 22:27:00+00:00,103.625,103.625,103.625,103.625,9.0
2025-06-03 22:33:00+00:00,103.62890625,103.62890625,103.62890625,103.62890625,248.0
2025-06-03 22:34:00+00:00,103.62890625,103.62890625,103.62890625,103.62890625,216.0
2025-06-03 22:35:00+00:00,103.62890625,103.62890625,103.62890625,103.62890625,145.0
2025-06-03 23:00:00+00:00,103.63671875,103.63671875,103.6328125,103.6328125,1232.0
2025-06-03 23:01:00+00:00,103.63671875,103.640625,103.63671875,103.640625,2.0
2025-06-03 23:04:00+00:00,103.63671875,103.63671875,103.63671875,103.63671875,1.0
2025-06-03 23:07:00+00:00,103.63671875,103.63671875,103.63671875,103.63671875,105.0
2025-06-03 23:08:00+00:00,103.63671875,103.63671875,103.63671875,103.63671875,108.0
2025-06-03 23:09:00+00:00,103.63671875,103.63671875,103.63671875,103.63671875,257.0
2025-06-03 23:11:00+00:00,103.63671875,103.63671875,103.63671875,103.63671875,15.0
2025-06-03 23:12:00+00:00,103.63671875,103.63671875,103.63671875,103.63671875,9.0
2025-06-03 23:13:00+00:00,103.63671875,103.63671875,103.63671875,103.63671875,72.0
2025-06-03 23:18:00+00:00,103.6328125,103.6328125,103.6328125,103.6328125,46.0
2025-06-03 23:32:00+00:00,103.63671875,103.63671875,103.63671875,103.63671875,83.0
2025-06-03 23:33:00+00:00,103.63671875,103.63671875,103.63671875,103.63671875,10.0
2025-06-03 23:34:00+00:00,103.63671875,103.63671875,103.63671875,103.63671875,27.0
2025-06-03 23:36:00+00:00,103.63671875,103.63671875,103.63671875,103.63671875,6.0
2025-06-03 23:37:00+00:00,103.63671875,103.63671875,103.63671875,103.63671875,98.0
2025-06-03 23:41:00+00:00,103.640625,103.640625,103.640625,103.640625,200.0
2025-06-03 23:42:00+00:00,103.640625,103.640625,103.640625,103.640625,62.0
2025-06-03 23:43:00+00:00,103.640625,103.640625,103.640625,103.640625,172.0
2025-06-03 23:44:00+00:00,103.640625,103.640625,103.640625,103.640625,309.0
2025-06-03 23:47:00+00:00,103.63671875,103.640625,103.63671875,103.640625,333.0
2025-06-03 23:49:00+00:00,103.640625,103.640625,103.640625,103.640625,154.0
2025-06-03 23:51:00+00:00,103.64453125,103.64453125,103.64453125,103.64453125,17.0
2025-06-04 00:00:00+00:00,103.63671875,103.640625,103.63671875,103.640625,444.0
2025-06-04 00:01:00+00:00,103.63671875,103.640625,103.63671875,103.640625,380.0
2025-06-04 00:02:00+00:00,103.63671875,103.63671875,103.63671875,103.63671875,155.0
2025-06-04 00:03:00+00:00,103.63671875,103.63671875,103.63671875,103.63671875,37.0
2025-06-04 00:05:00+00:00,103.63671875,103.63671875,103.63671875,103.63671875,19.0
2025-06-04 00:06:00+00:00,103.6328125,103.6328125,103.6328125,103.6328125,1297.0
2025-06-04 00:07:00+00:00,103.6328125,103.6328125,103.6328125,103.6328125,158.0
2025-06-04 00:10:00+00:00,103.6328125,103.6328125,103.6328125,103.6328125,125.0
2025-06-04 00:15:00+00:00,103.63671875,103.63671875,103.63671875,103.63671875,127.0
2025-06-04 00:18:00+00:00,103.63671875,103.63671875,103.63671875,103.63671875,79.0
2025-06-04 00:20:00+00:00,103.63671875,103.63671875,103.63671875,103.63671875,63.0
2025-06-04 00:23:00+00:00,103.63671875,103.63671875,103.63671875,103.63671875,40.0
2025-06-04 00:24:00+00:00,103.63671875,103.63671875,103.63671875,103.63671875,44.0
2025-06-04 00:25:00+00:00,103.63671875,103.63671875,103.63671875,103.63671875,13.0
2025-06-04 00:26:00+00:00,103.6328125,103.6328125,103.6328125,103.6328125,44.0
2025-06-04 00:30:00+00:00,103.63671875,103.63671875,103.63671875,103.63671875,11.0
2025-06-04 00:31:00+00:00,103.63671875,103.63671875,103.6328125,103.63671875,128.0
2025-06-04 00:36:00+00:00,103.6328125,103.6328125,103.6328125,103.6328125,39.0
2025-06-04 00:37:00+00:00,103.6328125,103.6328125,103.6328125,103.6328125,339.0
2025-06-04 00:40:00+00:00,103.6328125,103.6328125,103.6328125,103.6328125,6.0
2025-06-04 00:41:00+00:00,103.6328125,103.6328125,103.6328125,103.6328125,149.0
2025-06-04 00:42:00+00:00,103.6328125,103.6328125,103.6328125,103.6328125,100.0
2025-06-04 00:46:00+00:00,103.6328125,103.6328125,103.6328125,103.6328125,47.0
2025-06-04 00:47:00+00:00,103.6328125,103.6328125,103.6328125,103.6328125,10.0
2025-06-04 00:48:00+00:00,103.6328125,103.6328125,103.62890625,103.62890625,52.0
2025-06-04 00:49:00+00:00,103.63671875,103.63671875,103.6328125,103.6328125,500.0
2025-06-04 00:50:00+00:00,103.63671875,103.63671875,103.63671875,103.63671875,250.0
2025-06-04 00:53:00+00:00,103.6328125,103.6328125,103.6328125,103.6328125,91.0
2025-06-04 00:56:00+00:00,103.62890625,103.62890625,103.62890625,103.62890625,7.0
2025-06-04 01:00:00+00:00,103.62890625,103.62890625,103.62890625,103.62890625,134.0
2025-06-04 01:01:00+00:00,103.62890625,103.62890625,103.62890625,103.62890625,43.0
2025-06-04 01:03:00+00:00,103.62890625,103.62890625,103.62890625,103.62890625,16.0
2025-06-04 01:04:00+00:00,103.62890625,103.62890625,103.62890625,103.62890625,1.0
2025-06-04 01:05:00+00:00,103.62890625,103.62890625,103.62890625,103.62890625,42.0
2025-06-04 01:06:00+00:00,103.62890625,103.62890625,103.62890625,103.62890625,2.0
2025-06-04 01:08:00+00:00,103.62890625,103.62890625,103.62890625,103.62890625,157.0
2025-06-04 01:11:00+00:00,103.62109375,103.62890625,103.62109375,103.62890625,793.0
2025-06-04 01:12:00+00:00,103.62890625,103.62890625,103.625,103.625,912.0
2025-06-04 01:17:00+00:00,103.6328125,103.6328125,103.6328125,103.6328125,257.0
2025-06-04 01:18:00+00:00,103.63671875,103.63671875,103.63671875,103.63671875,128.0
2025-06-04 01:20:00+00:00,103.63671875,103.63671875,103.63671875,103.63671875,151.0
2025-06-04 01:21:00+00:00,103.640625,103.640625,103.640625,103.640625,1.0
2025-06-04 01:24:00+00:00,103.63671875,103.640625,103.63671875,103.640625,128.0
2025-06-04 01:27:00+00:00,103.640625,103.640625,103.640625,103.640625,76.0
2025-06-04 01:28:00+00:00,103.640625,103.640625,103.640625,103.640625,272.0
2025-06-04 01:36:00+00:00,103.63671875,103.640625,103.63671875,103.63671875,314.0
2025-06-04 01:38:00+00:00,103.6328125,103.6328125,103.6328125,103.6328125,115.0
2025-06-04 01:39:00+00:00,103.6328125,103.6328125,103.6328125,103.6328125,8.0
2025-06-04 01:40:00+00:00,103.6328125,103.6328125,103.6328125,103.6328125,7.0
2025-06-04 01:41:00+00:00,103.63671875,103.63671875,103.6328125,103.6328125,273.0
2025-06-04 01:42:00+00:00,103.6328125,103.63671875,103.6328125,103.63671875,225.0
2025-06-04 01:44:00+00:00,103.6328125,103.63671875,103.6328125,103.63671875,81.0
2025-06-04 01:46:00+00:00,103.6328125,103.6328125,103.6328125,103.6328125,113.0
2025-06-04 01:47:00+00:00,103.62890625,103.62890625,103.62890625,103.62890625,14.0
2025-06-04 01:49:00+00:00,103.62890625,103.62890625,103.62890625,103.62890625,8.0
2025-06-04 01:50:00+00:00,103.62890625,103.62890625,103.62890625,103.62890625,289.0
2025-06-04 01:53:00+00:00,103.62890625,103.62890625,103.625,103.625,3.0
2025-06-04 01:54:00+00:00,103.625,103.625,103.62109375,103.625,178.0
2025-06-04 01:55:00+00:00,103.625,103.625,103.625,103.625,58.0
2025-06-04 01:56:00+00:00,103.625,103.625,103.625,103.625,2.0
2025-06-04 01:57:00+00:00,103.625,103.625,103.625,103.625,13.0
2025-06-04 02:01:00+00:00,103.625,103.625,103.625,103.625,203.0
2025-06-04 02:02:00+00:00,103.625,103.625,103.625,103.625,8.0
2025-06-04 02:03:00+00:00,103.625,103.625,103.625,103.625,26.0
2025-06-04 02:04:00+00:00,103.625,103.625,103.625,103.625,17.0
2025-06-04 02:09:00+00:00,103.625,103.625,103.625,103.625,18.0
2025-06-04 02:12:00+00:00,103.625,103.625,103.625,103.625,63.0
2025-06-04 02:13:00+00:00,103.625,103.625,103.625,103.625,7.0
2025-06-04 02:14:00+00:00,103.625,103.625,103.625,103.625,4.0
2025-06-04 02:19:00+00:00,103.62109375,103.625,103.62109375,103.625,63.0
2025-06-04 02:20:00+00:00,103.625,103.625,103.625,103.625,33.0
2025-06-04 02:30:00+00:00,103.62890625,103.62890625,103.62890625,103.62890625,519.0
2025-06-04 02:33:00+00:00,103.62890625,103.62890625,103.62890625,103.62890625,5.0
2025-06-04 02:34:00+00:00,103.62890625,103.62890625,103.62890625,103.62890625,168.0
2025-06-04 02:35:00+00:00,103.62890625,103.6328125,103.62890625,103.6328125,35.0
2025-06-04 02:43:00+00:00,103.62890625,103.62890625,103.62890625,103.62890625,44.0
2025-06-04 02:49:00+00:00,103.62890625,103.62890625,103.62890625,103.62890625,25.0
2025-06-04 02:54:00+00:00,103.625,103.625,103.625,103.625,1.0
2025-06-04 02:59:00+00:00,103.62890625,103.62890625,103.62890625,103.62890625,80.0
2025-06-04 03:12:00+00:00,103.6328125,103.6328125,103.6328125,103.6328125,326.0
2025-06-04 03:15:00+00:00,103.6328125,103.6328125,103.6328125,103.6328125,177.0
2025-06-04 03:16:00+00:00,103.6328125,103.6328125,103.6328125,103.6328125,4.0
2025-06-04 03:21:00+00:00,103.6328125,103.6328125,103.6328125,103.6328125,26.0
2025-06-04 03:22:00+00:00,103.6328125,103.6328125,103.6328125,103.6328125,19.0
2025-06-04 03:24:00+00:00,103.62890625,103.62890625,103.62890625,103.62890625,448.0
2025-06-04 03:25:00+00:00,103.62890625,103.62890625,103.62890625,103.62890625,4.0
2025-06-04 03:30:00+00:00,103.62890625,103.62890625,103.62890625,103.62890625,0.0
2025-06-04 03:31:00+00:00,103.625,103.625,103.625,103.625,17973.0
2025-06-04 03:50:00+00:00,103.62890625,103.62890625,103.62890625,103.62890625,26.0
2025-06-04 03:52:00+00:00,103.62890625,103.62890625,103.62890625,103.62890625,22.0
2025-06-04 03:53:00+00:00,103.62890625,103.62890625,103.62890625,103.62890625,24.0
2025-06-04 04:00:00+00:00,103.62890625,103.62890625,103.62890625,103.62890625,53.0
2025-06-04 04:02:00+00:00,103.62890625,103.62890625,103.62890625,103.62890625,129.0
2025-06-04 04:03:00+00:00,103.625,103.62890625,103.625,103.62890625,58.0
2025-06-04 04:14:00+00:00,103.62890625,103.62890625,103.625,103.625,103.0
2025-06-04 04:28:00+00:00,103.62890625,103.62890625,103.62890625,103.62890625,51.0
2025-06-04 04:29:00+00:00,103.62890625,103.62890625,103.62890625,103.62890625,6.0
2025-06-04 04:31:00+00:00,103.62890625,103.62890625,103.62890625,103.62890625,32.0
2025-06-04 04:45:00+00:00,103.62890625,103.62890625,103.62890625,103.62890625,54.0
2025-06-04 04:50:00+00:00,103.625,103.625,103.625,103.625,247.0
2025-06-04 04:56:00+00:00,103.62109375,103.62109375,103.62109375,103.62109375,533.0
2025-06-04 04:59:00+00:00,103.6171875,103.6171875,103.6171875,103.6171875,11.0
2025-06-04 05:02:00+00:00,103.6171875,103.6171875,103.6171875,103.6171875,208.0
2025-06-04 05:05:00+00:00,103.62109375,103.62109375,103.62109375,103.62109375,139.0
2025-06-04 05:06:00+00:00,103.62109375,103.62109375,103.62109375,103.62109375,140.0
2025-06-04 05:09:00+00:00,103.62109375,103.62109375,103.62109375,103.62109375,94.0
2025-06-04 05:12:00+00:00,103.62109375,103.62109375,103.62109375,103.62109375,156.0
2025-06-04 05:14:00+00:00,103.62109375,103.62109375,103.62109375,103.62109375,8.0
2025-06-04 05:23:00+00:00,103.62109375,103.62109375,103.62109375,103.62109375,37.0
2025-06-04 05:24:00+00:00,103.62109375,103.62109375,103.62109375,103.62109375,53.0
2025-06-04 05:26:00+00:00,103.62109375,103.62109375,103.62109375,103.62109375,14.0
2025-06-04 05:27:00+00:00,103.62109375,103.62109375,103.62109375,103.62109375,22.0
2025-06-04 05:30:00+00:00,103.62109375,103.62109375,103.62109375,103.62109375,2.0
2025-06-04 05:32:00+00:00,103.62109375,103.62109375,103.62109375,103.62109375,30.0
2025-06-04 05:34:00+00:00,103.6171875,103.6171875,103.6171875,103.6171875,69.0
2025-06-04 05:35:00+00:00,103.6171875,103.6171875,103.6171875,103.6171875,32.0
2025-06-04 05:36:00+00:00,103.6171875,103.6171875,103.6171875,103.6171875,249.0
2025-06-04 05:37:00+00:00,103.61328125,103.61328125,103.61328125,103.61328125,225.0
2025-06-04 05:40:00+00:00,103.6171875,103.6171875,103.6171875,103.6171875,12.0
2025-06-04 05:47:00+00:00,103.6171875,103.6171875,103.6171875,103.6171875,7.0
2025-06-04 05:52:00+00:00,103.61328125,103.61328125,103.61328125,103.61328125,11.0
2025-06-04 05:53:00+00:00,103.61328125,103.61328125,103.61328125,103.61328125,16.0
2025-06-04 05:54:00+00:00,103.61328125,103.61328125,103.61328125,103.61328125,214.0
2025-06-04 05:55:00+00:00,103.61328125,103.61328125,103.609375,103.609375,88.0
2025-06-04 05:57:00+00:00,103.61328125,103.61328125,103.61328125,103.61328125,911.0
2025-06-04 05:58:00+00:00,103.61328125,103.61328125,103.61328125,103.61328125,167.0
2025-06-04 05:59:00+00:00,103.61328125,103.61328125,103.61328125,103.61328125,255.0
2025-06-04 06:00:00+00:00,103.61328125,103.61328125,103.61328125,103.61328125,184.0
2025-06-04 06:01:00+00:00,103.61328125,103.61328125,103.61328125,103.61328125,20.0
2025-06-04 06:02:00+00:00,103.61328125,103.61328125,103.61328125,103.61328125,532.0
2025-06-04 06:03:00+00:00,103.61328125,103.61328125,103.61328125,103.61328125,76.0
2025-06-04 06:06:00+00:00,103.609375,103.61328125,103.609375,103.61328125,5.0
2025-06-04 06:08:00+00:00,103.61328125,103.61328125,103.61328125,103.61328125,208.0
2025-06-04 06:11:00+00:00,103.61328125,103.61328125,103.61328125,103.61328125,190.0
2025-06-04 06:14:00+00:00,103.61328125,103.61328125,103.61328125,103.61328125,350.0
2025-06-04 06:17:00+00:00,103.61328125,103.61328125,103.61328125,103.61328125,421.0
2025-06-04 06:19:00+00:00,103.6171875,103.6171875,103.6171875,103.6171875,420.0
2025-06-04 06:20:00+00:00,103.62109375,103.62109375,103.62109375,103.62109375,333.0
2025-06-04 06:21:00+00:00,103.62109375,103.62109375,103.62109375,103.62109375,193.0
2025-06-04 06:22:00+00:00,103.62109375,103.62109375,103.62109375,103.62109375,282.0
2025-06-04 06:23:00+00:00,103.625,103.625,103.62109375,103.62109375,450.0
2025-06-04 06:25:00+00:00,103.625,103.62890625,103.625,103.625,701.0
2025-06-04 06:27:00+00:00,103.62109375,103.625,103.62109375,103.625,144.0
2025-06-04 06:28:00+00:00,103.62109375,103.62109375,103.62109375,103.62109375,171.0
2025-06-04 06:31:00+00:00,103.62109375,103.62109375,103.62109375,103.62109375,118.0
2025-06-04 06:34:00+00:00,103.62109375,103.62109375,103.62109375,103.62109375,312.0
2025-06-04 06:36:00+00:00,103.62109375,103.62109375,103.62109375,103.62109375,52.0
2025-06-04 06:37:00+00:00,103.6171875,103.62109375,103.6171875,103.62109375,477.0
2025-06-04 06:38:00+00:00,103.62109375,103.62109375,103.6171875,103.6171875,279.0
2025-06-04 06:39:00+00:00,103.625,103.625,103.62109375,103.62109375,2161.0
2025-06-04 06:40:00+00:00,103.625,103.625,103.625,103.625,161.0
2025-06-04 06:41:00+00:00,103.625,103.625,103.625,103.625,555.0
2025-06-04 06:44:00+00:00,103.625,103.625,103.625,103.625,62.0
2025-06-04 06:48:00+00:00,103.625,103.625,103.625,103.625,71.0
2025-06-04 06:51:00+00:00,103.625,103.625,103.625,103.625,231.0
2025-06-04 06:54:00+00:00,103.625,103.625,103.625,103.625,156.0
2025-06-04 06:55:00+00:00,103.625,103.62890625,103.625,103.62890625,330.0
2025-06-04 06:59:00+00:00,103.625,103.625,103.625,103.625,75.0
2025-06-04 07:00:00+00:00,103.625,103.62890625,103.625,103.625,483.0
2025-06-04 07:01:00+00:00,103.625,103.625,103.625,103.625,434.0
2025-06-04 07:02:00+00:00,103.62890625,103.62890625,103.62890625,103.62890625,1073.0
2025-06-04 07:03:00+00:00,103.625,103.62890625,103.625,103.62890625,107.0
2025-06-04 07:05:00+00:00,103.62890625,103.62890625,103.62890625,103.62890625,288.0
2025-06-04 07:06:00+00:00,103.62890625,103.6328125,103.62890625,103.62890625,3.0
2025-06-04 07:08:00+00:00,103.6328125,103.6328125,103.6328125,103.6328125,1227.0
2025-06-04 07:10:00+00:00,103.63671875,103.640625,103.63671875,103.63671875,422.0
2025-06-04 07:12:00+00:00,103.63671875,103.63671875,103.63671875,103.63671875,578.0
2025-06-04 07:13:00+00:00,103.6328125,103.63671875,103.6328125,103.63671875,535.0
2025-06-04 07:14:00+00:00,103.6328125,103.6328125,103.6328125,103.6328125,112.0
2025-06-04 07:15:00+00:00,103.6328125,103.63671875,103.6328125,103.6328125,144.0
2025-06-04 07:16:00+00:00,103.6328125,103.6328125,103.6328125,103.6328125,200.0
2025-06-04 07:17:00+00:00,103.62890625,103.62890625,103.62890625,103.62890625,154.0
2025-06-04 07:19:00+00:00,103.62890625,103.62890625,103.62890625,103.62890625,180.0
2025-06-04 07:20:00+00:00,103.62890625,103.62890625,103.62890625,103.62890625,78.0
2025-06-04 07:21:00+00:00,103.62890625,103.62890625,103.62890625,103.62890625,109.0
2025-06-04 07:22:00+00:00,103.625,103.625,103.625,103.625,81.0
2025-06-04 07:23:00+00:00,103.625,103.625,103.625,103.625,448.0
2025-06-04 07:24:00+00:00,103.625,103.625,103.625,103.625,355.0
2025-06-04 07:25:00+00:00,103.62890625,103.62890625,103.625,103.625,15.0
2025-06-04 07:26:00+00:00,103.625,103.625,103.625,103.625,164.0
2025-06-04 07:28:00+00:00,103.625,103.625,103.625,103.625,6.0
2025-06-04 07:30:00+00:00,103.625,103.625,103.62109375,103.625,1002.0
2025-06-04 07:31:00+00:00,103.625,103.625,103.625,103.625,168.0
2025-06-04 07:32:00+00:00,103.625,103.625,103.625,103.625,79.0
2025-06-04 07:34:00+00:00,103.6171875,103.62109375,103.6171875,103.62109375,140.0
2025-06-04 07:35:00+00:00,103.62109375,103.62109375,103.6171875,103.62109375,153.0
2025-06-04 07:36:00+00:00,103.62109375,103.62109375,103.62109375,103.62109375,72.0
2025-06-04 07:38:00+00:00,103.6171875,103.6171875,103.6171875,103.6171875,64.0
2025-06-04 07:42:00+00:00,103.6171875,103.6171875,103.6171875,103.6171875,62.0
2025-06-04 07:43:00+00:00,103.6171875,103.6171875,103.6171875,103.6171875,26.0
2025-06-04 07:44:00+00:00,103.6171875,103.6171875,103.6171875,103.6171875,63.0
2025-06-04 07:45:00+00:00,103.6171875,103.6171875,103.6171875,103.6171875,17.0
2025-06-04 07:46:00+00:00,103.61328125,103.6171875,103.61328125,103.6171875,1042.0
2025-06-04 07:47:00+00:00,103.61328125,103.61328125,103.61328125,103.61328125,103.0
2025-06-04 07:48:00+00:00,103.609375,103.609375,103.609375,103.609375,44.0
2025-06-04 07:49:00+00:00,103.609375,103.61328125,103.609375,103.61328125,2.0
2025-06-04 07:51:00+00:00,103.61328125,103.6171875,103.609375,103.61328125,800.0
2025-06-04 07:53:00+00:00,103.61328125,103.61328125,103.61328125,103.61328125,19.0
2025-06-04 07:54:00+00:00,103.61328125,103.61328125,103.61328125,103.61328125,129.0
2025-06-04 07:56:00+00:00,103.6015625,103.609375,103.6015625,103.609375,917.0
2025-06-04 07:57:00+00:00,103.6015625,103.60546875,103.6015625,103.60546875,4.0
2025-06-04 07:58:00+00:00,103.60546875,103.60546875,103.60546875,103.60546875,376.0
2025-06-04 07:59:00+00:00,103.60546875,103.60546875,103.6015625,103.6015625,58.0
2025-06-04 08:00:00+00:00,103.60546875,103.60546875,103.6015625,103.60546875,32.0
2025-06-04 08:02:00+00:00,103.60546875,103.60546875,103.60546875,103.60546875,1055.0
2025-06-04 08:04:00+00:00,103.60546875,103.60546875,103.60546875,103.60546875,1902.0
2025-06-04 08:05:00+00:00,103.6015625,103.6015625,103.6015625,103.6015625,1499.0
2025-06-04 08:06:00+00:00,103.6015625,103.6015625,103.6015625,103.6015625,621.0
2025-06-04 08:07:00+00:00,103.6015625,103.6015625,103.59765625,103.6015625,691.0
2025-06-04 08:08:00+00:00,103.6015625,103.6015625,103.6015625,103.6015625,187.0
2025-06-04 08:09:00+00:00,103.6015625,103.60546875,103.6015625,103.60546875,86.0
2025-06-04 08:12:00+00:00,103.6015625,103.6015625,103.6015625,103.6015625,432.0
2025-06-04 08:13:00+00:00,103.6015625,103.6015625,103.6015625,103.6015625,182.0
2025-06-04 08:24:00+00:00,103.60546875,103.60546875,103.6015625,103.6050033569336,309.0
2025-06-04 08:25:00+00:00,103.6015625,103.60546875,103.6015625,103.60546875,103.0
2025-06-04 08:26:00+00:00,103.60546875,103.60546875,103.60546875,103.60546875,636.0
2025-06-04 08:28:00+00:00,103.60546875,103.60546875,103.6015625,103.60546875,112.0
2025-06-04 08:29:00+00:00,103.60546875,103.60546875,103.60546875,103.60546875,277.0
2025-06-04 08:30:00+00:00,103.609375,103.609375,103.609375,103.609375,78.0
2025-06-04 08:31:00+00:00,103.609375,103.609375,103.609375,103.609375,1303.0
2025-06-04 08:32:00+00:00,103.609375,103.609375,103.609375,103.609375,288.0
2025-06-04 08:33:00+00:00,103.61328125,103.61328125,103.609375,103.609375,365.0
2025-06-04 08:35:00+00:00,103.61328125,103.61328125,103.609375,103.609375,326.0
2025-06-04 08:36:00+00:00,103.61328125,103.61328125,103.61328125,103.61328125,293.0
2025-06-04 08:37:00+00:00,103.61328125,103.61328125,103.61328125,103.61328125,14.0
2025-06-04 08:39:00+00:00,103.61328125,103.61328125,103.61328125,103.61328125,729.0
2025-06-04 08:41:00+00:00,103.61328125,103.61328125,103.609375,103.61328125,27.0
2025-06-04 08:42:00+00:00,103.609375,103.61328125,103.609375,103.61328125,452.0
2025-06-04 08:43:00+00:00,103.609375,103.609375,103.609375,103.609375,700.0
2025-06-04 08:44:00+00:00,103.609375,103.609375,103.609375,103.609375,7.0
2025-06-04 08:45:00+00:00,103.61328125,103.61328125,103.61328125,103.61328125,6.0
2025-06-04 08:46:00+00:00,103.609375,103.609375,103.609375,103.609375,89.0
2025-06-04 08:47:00+00:00,103.609375,103.609375,103.609375,103.609375,53.0
2025-06-04 08:49:00+00:00,103.60546875,103.60546875,103.60546875,103.60546875,136.0
2025-06-04 08:51:00+00:00,103.60546875,103.60546875,103.60546875,103.60546875,693.0
2025-06-04 08:57:00+00:00,103.60546875,103.60546875,103.60546875,103.60546875,239.0
2025-06-04 08:59:00+00:00,103.609375,103.609375,103.609375,103.609375,2.0
2025-06-04 09:02:00+00:00,103.609375,103.609375,103.609375,103.609375,241.0
2025-06-04 09:04:00+00:00,103.60546875,103.609375,103.60546875,103.609375,36.0
2025-06-04 09:06:00+00:00,103.60546875,103.60546875,103.60546875,103.60546875,11.0
2025-06-04 09:07:00+00:00,103.60546875,103.60546875,103.60546875,103.60546875,580.0
2025-06-04 09:08:00+00:00,103.60546875,103.60546875,103.60546875,103.60546875,64.0
2025-06-04 09:09:00+00:00,103.60546875,103.60546875,103.60546875,103.60546875,113.0
2025-06-04 09:17:00+00:00,103.60546875,103.60546875,103.60546875,103.60546875,40.0
2025-06-04 09:18:00+00:00,103.60546875,103.60546875,103.60546875,103.60546875,484.0
2025-06-04 09:19:00+00:00,103.6015625,103.60546875,103.6015625,103.60546875,63.0
2025-06-04 09:22:00+00:00,103.60546875,103.60546875,103.60546875,103.60546875,41.0
2025-06-04 09:24:00+00:00,103.60546875,103.60546875,103.60546875,103.60546875,18.0
2025-06-04 09:25:00+00:00,103.60546875,103.60546875,103.60546875,103.60546875,287.0
2025-06-04 09:26:00+00:00,103.60546875,103.60546875,103.60546875,103.60546875,170.0
2025-06-04 09:27:00+00:00,103.60546875,103.60546875,103.60546875,103.60546875,122.0
2025-06-04 09:28:00+00:00,103.60546875,103.60546875,103.60546875,103.60546875,70.0
2025-06-04 09:29:00+00:00,103.60546875,103.609375,103.60546875,103.609375,21.0
2025-06-04 09:30:00+00:00,103.60546875,103.60546875,103.6015625,103.6015625,261.0
2025-06-04 09:32:00+00:00,103.60546875,103.60546875,103.60546875,103.60546875,19.0
2025-06-04 09:34:00+00:00,103.60546875,103.60546875,103.60546875,103.60546875,288.0
2025-06-04 09:35:00+00:00,103.6015625,103.60546875,103.6015625,103.60546875,434.0
2025-06-04 09:37:00+00:00,103.60546875,103.60546875,103.60546875,103.60546875,5.0
2025-06-04 09:38:00+00:00,103.6015625,103.60546875,103.6015625,103.60546875,163.0
2025-06-04 09:39:00+00:00,103.6015625,103.6015625,103.6015625,103.6015625,128.0
2025-06-04 09:41:00+00:00,103.60546875,103.60546875,103.6015625,103.6015625,9.0
2025-06-04 09:43:00+00:00,103.6015625,103.60546875,103.6015625,103.60546875,12.0
2025-06-04 09:44:00+00:00,103.60546875,103.60546875,103.60546875,103.60546875,8.0
2025-06-04 09:45:00+00:00,103.59765625,103.6015625,103.59765625,103.6015625,1844.0
2025-06-04 09:46:00+00:00,103.6015625,103.6015625,103.6015625,103.6015625,62.0
2025-06-04 09:47:00+00:00,103.6015625,103.6015625,103.59765625,103.6015625,63.0
2025-06-04 09:48:00+00:00,103.60546875,103.60546875,103.59765625,103.6015625,590.0
2025-06-04 09:49:00+00:00,103.6015625,103.6015625,103.6015625,103.6015625,2.0
2025-06-04 09:50:00+00:00,103.60546875,103.60546875,103.60546875,103.60546875,81.0
2025-06-04 09:53:00+00:00,103.60546875,103.60546875,103.60546875,103.60546875,309.0
2025-06-04 09:56:00+00:00,103.60546875,103.60546875,103.60546875,103.60546875,835.0
2025-06-04 09:57:00+00:00,103.60546875,103.60546875,103.60546875,103.60546875,318.0
2025-06-04 09:58:00+00:00,103.60546875,103.60546875,103.60546875,103.60546875,10.0
2025-06-04 09:59:00+00:00,103.60546875,103.60546875,103.60546875,103.60546875,23.0
2025-06-04 10:01:00+00:00,103.60546875,103.609375,103.60546875,103.609375,151.0
2025-06-04 10:02:00+00:00,103.60546875,103.60546875,103.60546875,103.60546875,16.0
2025-06-04 10:03:00+00:00,103.609375,103.609375,103.60546875,103.60546875,340.0
2025-06-04 10:04:00+00:00,103.609375,103.609375,103.609375,103.609375,545.0
2025-06-04 10:05:00+00:00,103.61328125,103.61328125,103.609375,103.609375,230.0
2025-06-04 10:06:00+00:00,103.61328125,103.61328125,103.61328125,103.61328125,198.0
2025-06-04 10:07:00+00:00,103.61328125,103.61328125,103.61328125,103.61328125,266.0
2025-06-04 10:08:00+00:00,103.609375,103.609375,103.609375,103.609375,352.0
2025-06-04 10:09:00+00:00,103.609375,103.609375,103.60546875,103.60546875,6.0
2025-06-04 10:10:00+00:00,103.60546875,103.60546875,103.60546875,103.60546875,703.0
2025-06-04 10:11:00+00:00,103.60546875,103.609375,103.60546875,103.60546875,11.0
2025-06-04 10:23:00+00:00,103.60546875,103.60546875,103.6050033569336,103.6050033569336,1367.0
2025-06-04 10:25:00+00:00,103.60546875,103.609375,103.60546875,103.609375,461.0
2025-06-04 10:27:00+00:00,103.609375,103.609375,103.6015625,103.6015625,66.0
2025-06-04 10:30:00+00:00,103.60546875,103.60546875,103.60546875,103.60546875,43.0
2025-06-04 10:32:00+00:00,103.60546875,103.60546875,103.60546875,103.60546875,776.0
2025-06-04 10:34:00+00:00,103.609375,103.609375,103.609375,103.609375,357.0
2025-06-04 10:35:00+00:00,103.609375,103.609375,103.609375,103.609375,27.0
2025-06-04 10:37:00+00:00,103.60546875,103.60546875,103.60546875,103.60546875,104.0
2025-06-04 10:39:00+00:00,103.60546875,103.60546875,103.60546875,103.60546875,127.0
2025-06-04 10:43:00+00:00,103.609375,103.609375,103.609375,103.609375,165.0
2025-06-04 10:45:00+00:00,103.61328125,103.61328125,103.609375,103.609375,212.0
2025-06-04 10:46:00+00:00,103.609375,103.609375,103.609375,103.609375,1135.0
2025-06-04 10:47:00+00:00,103.609375,103.609375,103.609375,103.609375,209.0
2025-06-04 10:48:00+00:00,103.609375,103.609375,103.609375,103.609375,170.0
2025-06-04 10:50:00+00:00,103.609375,103.609375,103.60546875,103.609375,16.0
2025-06-04 10:51:00+00:00,103.609375,103.609375,103.60546875,103.60546875,108.0
2025-06-04 10:52:00+00:00,103.609375,103.609375,103.60546875,103.609375,5.0
2025-06-04 10:54:00+00:00,103.60546875,103.60546875,103.60546875,103.60546875,377.0
2025-06-04 10:55:00+00:00,103.60546875,103.60546875,103.60546875,103.60546875,0.0
2025-06-04 10:56:00+00:00,103.60546875,103.60546875,103.60546875,103.60546875,75981.0
2025-06-04 10:57:00+00:00,103.609375,103.609375,103.609375,103.609375,250.0
2025-06-04 10:59:00+00:00,103.60546875,103.60546875,103.60546875,103.60546875,12.0
2025-06-04 11:00:00+00:00,103.60546875,103.609375,103.60546875,103.60546875,496.0
2025-06-04 11:01:00+00:00,103.60546875,103.60546875,103.60546875,103.60546875,245.0
2025-06-04 11:02:00+00:00,103.6015625,103.6015625,103.6015625,103.6015625,367.0
2025-06-04 11:03:00+00:00,103.6015625,103.6015625,103.6015625,103.6015625,230.0
2025-06-04 11:04:00+00:00,103.6015625,103.6015625,103.6015625,103.6015625,3.0
2025-06-04 11:05:00+00:00,103.6015625,103.6015625,103.6015625,103.6015625,81.0
2025-06-04 11:06:00+00:00,103.60546875,103.60546875,103.60546875,103.60546875,176.0
2025-06-04 11:07:00+00:00,103.60546875,103.60546875,103.60546875,103.60546875,140.0
2025-06-04 11:10:00+00:00,103.609375,103.609375,103.60546875,103.60546875,518.0
2025-06-04 11:11:00+00:00,103.60546875,103.609375,103.60546875,103.609375,244.0
2025-06-04 11:12:00+00:00,103.609375,103.609375,103.609375,103.609375,1928.0
2025-06-04 11:13:00+00:00,103.609375,103.609375,103.609375,103.609375,656.0
2025-06-04 11:15:00+00:00,103.61328125,103.61328125,103.609375,103.609375,659.0
2025-06-04 11:16:00+00:00,103.609375,103.609375,103.609375,103.609375,646.0
2025-06-04 11:17:00+00:00,103.60546875,103.609375,103.60546875,103.609375,1558.0
2025-06-04 11:18:00+00:00,103.60546875,103.609375,103.60546875,103.60546875,425.0
2025-06-04 11:20:00+00:00,103.59765625,103.6015625,103.59765625,103.6015625,137.0
2025-06-04 11:21:00+00:00,103.6015625,103.6015625,103.59765625,103.59765625,208.0
2025-06-04 11:22:00+00:00,103.6015625,103.6015625,103.6015625,103.6015625,278.0
2025-06-04 11:23:00+00:00,103.59765625,103.6015625,103.59765625,103.6015625,34.0
2025-06-04 11:24:00+00:00,103.59765625,103.6015625,103.59765625,103.6015625,367.0
2025-06-04 11:25:00+00:00,103.6015625,103.6015625,103.6015625,103.6015625,194.0
2025-06-04 11:26:00+00:00,103.6015625,103.6015625,103.59765625,103.59765625,56.0
2025-06-04 11:27:00+00:00,103.59765625,103.59765625,103.59765625,103.59765625,3186.0
2025-06-04 11:28:00+00:00,103.59765625,103.6015625,103.59765625,103.59765625,207.0
2025-06-04 11:29:00+00:00,103.59375,103.59375,103.59375,103.59375,474.0
2025-06-04 11:30:00+00:00,103.59375,103.59375,103.59375,103.59375,57.0
2025-06-04 11:31:00+00:00,103.59765625,103.59765625,103.59375,103.59375,2517.0
2025-06-04 11:32:00+00:00,103.59765625,103.59765625,103.59765625,103.59765625,127.0
2025-06-04 11:33:00+00:00,103.59765625,103.59765625,103.59375,103.59765625,281.0
2025-06-04 11:34:00+00:00,103.59765625,103.59765625,103.59375,103.59765625,71.0
2025-06-04 11:35:00+00:00,103.59375,103.59765625,103.58984375,103.59375,1702.0
2025-06-04 11:36:00+00:00,103.59375,103.59375,103.59375,103.59375,163.0
2025-06-04 11:37:00+00:00,103.59375,103.59375,103.59375,103.59375,2.0
2025-06-04 11:38:00+00:00,103.59375,103.59375,103.59375,103.59375,19.0
2025-06-04 11:39:00+00:00,103.59765625,103.59765625,103.59765625,103.59765625,10.0
2025-06-04 11:41:00+00:00,103.59765625,103.59765625,103.59765625,103.59765625,100.0
2025-06-04 11:42:00+00:00,103.59375,103.59765625,103.59375,103.59765625,1036.0
2025-06-04 11:43:00+00:00,103.58984375,103.58984375,103.58984375,103.58984375,5.0
2025-06-04 11:44:00+00:00,103.58984375,103.59375,103.58984375,103.58984375,556.0
2025-06-04 11:46:00+00:00,103.58984375,103.59375,103.58984375,103.58984375,140.0
2025-06-04 11:47:00+00:00,103.58984375,103.58984375,103.5859375,103.58984375,660.0
2025-06-04 11:48:00+00:00,103.58984375,103.58984375,103.5859375,103.5859375,855.0
2025-06-04 11:49:00+00:00,103.5859375,103.59375,103.5859375,103.58984375,654.0
2025-06-04 11:50:00+00:00,103.58984375,103.58984375,103.58984375,103.58984375,1137.0
2025-06-04 11:51:00+00:00,103.59375,103.59375,103.58984375,103.59375,17.0
2025-06-04 11:52:00+00:00,103.59375,103.59375,103.59375,103.59375,13.0
2025-06-04 11:53:00+00:00,103.59375,103.59375,103.59375,103.59375,957.0
2025-06-04 11:54:00+00:00,103.59765625,103.59765625,103.59375,103.59375,39.0
2025-06-04 11:55:00+00:00,103.59765625,103.59765625,103.59765625,103.59765625,8.0
2025-06-04 11:56:00+00:00,103.59765625,103.59765625,103.59765625,103.59765625,401.0
2025-06-04 11:57:00+00:00,103.59765625,103.59765625,103.59765625,103.59765625,171.0
2025-06-04 11:59:00+00:00,103.59765625,103.59765625,103.59765625,103.59765625,50.0
2025-06-04 12:00:00+00:00,103.6015625,103.6015625,103.59765625,103.59765625,3118.0
2025-06-04 12:01:00+00:00,103.6015625,103.6015625,103.6015625,103.6015625,546.0
2025-06-04 12:02:00+00:00,103.60546875,103.60546875,103.6015625,103.6015625,414.0
2025-06-04 12:03:00+00:00,103.609375,103.609375,103.60546875,103.60546875,357.0
2025-06-04 12:08:00+00:00,103.60546875,103.60546875,103.60546875,103.60546875,2618.0
2025-06-04 12:09:00+00:00,103.60546875,103.609375,103.60546875,103.609375,23.0
2025-06-04 12:10:00+00:00,103.60546875,103.609375,103.60546875,103.609375,139.0
2025-06-04 12:11:00+00:00,103.6015625,103.60546875,103.6015625,103.60546875,436.0
2025-06-04 12:12:00+00:00,103.6015625,103.60546875,103.6015625,103.6015625,381.0
2025-06-04 12:13:00+00:00,103.6015625,103.60546875,103.59765625,103.60546875,1565.0
2025-06-04 12:14:00+00:00,103.60546875,103.60546875,103.6015625,103.6015625,1645.0
2025-06-04 12:15:00+00:00,103.65234375,103.6640625,103.60546875,103.60546875,17158.0
2025-06-04 12:16:00+00:00,103.66796875,103.67578125,103.65234375,103.65234375,12866.0
2025-06-04 12:17:00+00:00,103.66796875,103.671875,103.6640625,103.66796875,3811.0
2025-06-04 12:18:00+00:00,103.65625,103.66796875,103.65234375,103.66796875,2743.0
2025-06-04 12:19:00+00:00,103.671875,103.67578125,103.65625,103.65625,3351.0
2025-06-04 12:20:00+00:00,103.66796875,103.67578125,103.6640625,103.671875,5923.0
2025-06-04 12:21:00+00:00,103.67578125,103.6796875,103.66796875,103.66796875,1849.0
2025-06-04 12:22:00+00:00,103.67578125,103.68359375,103.67578125,103.67578125,5190.0
2025-06-04 12:23:00+00:00,103.671875,103.6796875,103.671875,103.6796875,1638.0
2025-06-04 12:24:00+00:00,103.671875,103.671875,103.671875,103.671875,1849.0
2025-06-04 12:25:00+00:00,103.66796875,103.67578125,103.66796875,103.671875,824.0
2025-06-04 12:26:00+00:00,103.6640625,103.66796875,103.6640625,103.66796875,1853.0
2025-06-04 12:27:00+00:00,103.6640625,103.66796875,103.6640625,103.6640625,1723.0
2025-06-04 12:28:00+00:00,103.66796875,103.66796875,103.65625,103.6640625,1564.0
2025-06-04 12:29:00+00:00,103.6640625,103.66796875,103.66015625,103.66796875,2653.0
2025-06-04 12:30:00+00:00,103.6640625,103.671875,103.6640625,103.6640625,2939.0
2025-06-04 12:31:00+00:00,103.66796875,103.66796875,103.66015625,103.66015625,1251.0
2025-06-04 12:32:00+00:00,103.67578125,103.6796875,103.66796875,103.66796875,1924.0
2025-06-04 12:33:00+00:00,103.671875,103.6796875,103.671875,103.67578125,940.0
2025-06-04 12:34:00+00:00,103.671875,103.67578125,103.66796875,103.671875,1777.0
2025-06-04 12:35:00+00:00,103.671875,103.671875,103.66796875,103.671875,999.0
2025-06-04 12:36:00+00:00,103.6796875,103.6796875,103.671875,103.671875,1174.0
2025-06-04 12:37:00+00:00,103.6875,103.6875,103.68359375,103.68359375,2581.0
2025-06-04 12:38:00+00:00,103.6875,103.6875,103.68359375,103.6875,1312.0
2025-06-04 12:39:00+00:00,103.6875,103.6875,103.68359375,103.68359375,1438.0
2025-06-04 12:40:00+00:00,103.68359375,103.69140625,103.68359375,103.6875,457.0
2025-06-04 12:41:00+00:00,103.6875,103.6875,103.68359375,103.6875,770.0
2025-06-04 12:42:00+00:00,103.703125,103.70703125,103.6875,103.6875,11661.0
2025-06-04 12:43:00+00:00,103.703125,103.70703125,103.703125,103.703125,7684.0
2025-06-04 12:44:00+00:00,103.703125,103.703125,103.69921875,103.703125,2703.0
2025-06-04 12:45:00+00:00,103.70703125,103.70703125,103.703125,103.703125,1339.0
2025-06-04 12:46:00+00:00,103.703125,103.7109375,103.703125,103.70703125,4392.0
2025-06-04 12:47:00+00:00,103.703125,103.70703125,103.703125,103.703125,3280.0
2025-06-04 12:48:00+00:00,103.703125,103.70703125,103.69921875,103.703125,2461.0
2025-06-04 12:49:00+00:00,103.69921875,103.703125,103.69921875,103.69921875,3298.0
2025-06-04 12:50:00+00:00,103.703125,103.703125,103.69921875,103.69921875,969.0
2025-06-04 12:52:00+00:00,103.69921875,103.69921875,103.69921875,103.69921875,2054.0
2025-06-04 12:53:00+00:00,103.69140625,103.6953125,103.6875,103.6953125,2627.0
2025-06-04 12:54:00+00:00,103.6953125,103.6953125,103.69140625,103.69140625,1860.0
2025-06-04 12:55:00+00:00,103.6953125,103.6953125,103.69140625,103.6953125,1442.0
2025-06-04 12:56:00+00:00,103.69140625,103.6953125,103.69140625,103.6953125,974.0
2025-06-04 12:57:00+00:00,103.69140625,103.6953125,103.69140625,103.6953125,971.0
2025-06-04 12:58:00+00:00,103.69140625,103.69140625,103.6875,103.69140625,564.0
2025-06-04 12:59:00+00:00,103.69140625,103.6953125,103.69140625,103.69140625,1126.0
2025-06-04 13:00:00+00:00,103.6875,103.69140625,103.68359375,103.6875,1552.0
2025-06-04 13:01:00+00:00,103.6875,103.69140625,103.68359375,103.6875,1174.0
2025-06-04 13:02:00+00:00,103.68359375,103.68359375,103.68359375,103.68359375,284.0
2025-06-04 13:03:00+00:00,103.6875,103.6875,103.6875,103.6875,138.0
2025-06-04 13:04:00+00:00,103.6875,103.6875,103.68359375,103.6875,1060.0
2025-06-04 13:05:00+00:00,103.6875,103.6875,103.6875,103.6875,722.0
2025-06-04 13:06:00+00:00,103.6875,103.6875,103.68359375,103.68359375,1406.0
2025-06-04 13:07:00+00:00,103.6875,103.6875,103.6875,103.6875,995.0
2025-06-04 13:09:00+00:00,103.68359375,103.6875,103.68359375,103.6875,550.0
2025-06-04 13:10:00+00:00,103.68359375,103.6875,103.6796875,103.6875,784.0
2025-06-04 13:12:00+00:00,103.6796875,103.68359375,103.6796875,103.68359375,1262.0
2025-06-04 13:13:00+00:00,103.6796875,103.6796875,103.6796875,103.6796875,387.0
2025-06-04 13:14:00+00:00,103.6796875,103.6796875,103.6796875,103.6796875,89.0
2025-06-04 13:15:00+00:00,103.67578125,103.6796875,103.67578125,103.6796875,818.0
2025-06-04 13:16:00+00:00,103.67578125,103.67578125,103.67578125,103.67578125,222.0
2025-06-04 13:17:00+00:00,103.6796875,103.6796875,103.6796875,103.6796875,452.0
2025-06-04 13:18:00+00:00,103.6796875,103.6796875,103.6796875,103.6796875,389.0
2025-06-04 13:19:00+00:00,103.6875,103.69140625,103.68359375,103.68359375,1678.0
2025-06-04 13:20:00+00:00,103.69140625,103.69140625,103.6875,103.6875,981.0
2025-06-04 13:21:00+00:00,103.69140625,103.69140625,103.6875,103.69140625,89.0
2025-06-04 13:22:00+00:00,103.69140625,103.69140625,103.69140625,103.69140625,868.0
2025-06-04 13:23:00+00:00,103.69140625,103.69140625,103.6875,103.69140625,352.0
2025-06-04 13:24:00+00:00,103.69140625,103.69140625,103.69140625,103.69140625,288.0
2025-06-04 13:25:00+00:00,103.69140625,103.69140625,103.69140625,103.69140625,316.0
2025-06-04 13:26:00+00:00,103.6875,103.69140625,103.6875,103.6875,201.0
2025-06-04 13:27:00+00:00,103.6953125,103.6953125,103.6875,103.69140625,300.0
2025-06-04 13:28:00+00:00,103.69140625,103.6953125,103.69140625,103.6953125,476.0
2025-06-04 13:29:00+00:00,103.69140625,103.6953125,103.6875,103.69140625,1956.0
2025-06-04 13:30:00+00:00,103.6875,103.6953125,103.6875,103.69140625,2953.0
2025-06-04 13:31:00+00:00,103.68359375,103.6875,103.68359375,103.6875,385.0
2025-06-04 13:32:00+00:00,103.6796875,103.6875,103.6796875,103.6875,673.0
2025-06-04 13:35:00+00:00,103.68359375,103.68359375,103.68359375,103.68359375,1973.0
2025-06-04 13:36:00+00:00,103.6796875,103.6796875,103.6796875,103.6796875,1.0
2025-06-04 13:39:00+00:00,103.6796875,103.68359375,103.6796875,103.6796875,6201.0
2025-06-04 13:40:00+00:00,103.6796875,103.6796875,103.6796875,103.6796875,1203.0
2025-06-04 13:43:00+00:00,103.68359375,103.68359375,103.68359375,103.68359375,1897.0
2025-06-04 13:44:00+00:00,103.6796875,103.6875,103.6796875,103.68359375,1072.0
2025-06-04 13:45:00+00:00,103.6796875,103.68359375,103.671875,103.6796875,3447.0
2025-06-04 13:46:00+00:00,103.6875,103.6875,103.6796875,103.68359375,1169.0
2025-06-04 13:47:00+00:00,103.6875,103.6875,103.6796875,103.68359375,1243.0
2025-06-04 13:48:00+00:00,103.68359375,103.68359375,103.68359375,103.68359375,355.0
2025-06-04 13:49:00+00:00,103.68359375,103.68359375,103.6796875,103.6796875,364.0
2025-06-04 13:50:00+00:00,103.6875,103.6875,103.68359375,103.68359375,1718.0
2025-06-04 13:51:00+00:00,103.69140625,103.69140625,103.6875,103.6875,1166.0
2025-06-04 13:52:00+00:00,103.69140625,103.6953125,103.6875,103.69140625,1379.0
2025-06-04 13:53:00+00:00,103.6953125,103.6953125,103.69140625,103.69140625,343.0
2025-06-04 13:54:00+00:00,103.6953125,103.69921875,103.6953125,103.6953125,602.0
2025-06-04 13:55:00+00:00,103.6875,103.6953125,103.6875,103.69140625,1697.0
2025-06-04 13:56:00+00:00,103.6875,103.6875,103.68359375,103.6875,505.0
2025-06-04 13:57:00+00:00,103.6875,103.6875,103.6875,103.6875,666.0
2025-06-04 13:58:00+00:00,103.6875,103.69140625,103.6875,103.6875,605.0
2025-06-04 13:59:00+00:00,103.69140625,103.69140625,103.6875,103.6875,274.0
2025-06-04 14:00:00+00:00,103.71484375,103.7734375,103.69140625,103.69140625,18117.0
2025-06-04 14:01:00+00:00,103.69921875,103.71484375,103.69921875,103.71484375,2729.0
2025-06-04 14:02:00+00:00,103.71875,103.71875,103.703125,103.703125,2785.0
2025-06-04 14:03:00+00:00,103.73046875,103.734375,103.7109375,103.71484375,5706.0
2025-06-04 14:05:00+00:00,103.7421875,103.7421875,103.73828125,103.7421875,4169.0
2025-06-04 14:06:00+00:00,103.7421875,103.74609375,103.73828125,103.73828125,1410.0
2025-06-04 14:07:00+00:00,103.75,103.75390625,103.74609375,103.74609375,7028.0
2025-06-04 14:08:00+00:00,103.7578125,103.765625,103.75,103.75,5504.0
2025-06-04 14:09:00+00:00,103.7578125,103.76953125,103.7578125,103.76171875,5519.0
2025-06-04 14:10:00+00:00,103.75,103.7578125,103.75,103.7578125,2892.0
2025-06-04 14:11:00+00:00,103.75390625,103.7578125,103.75,103.75,2058.0
2025-06-04 14:12:00+00:00,103.75,103.76171875,103.75,103.75390625,3266.0
2025-06-04 14:13:00+00:00,103.75,103.75,103.74609375,103.75,1407.0
2025-06-04 14:14:00+00:00,103.74609375,103.75,103.7421875,103.74609375,2443.0
2025-06-04 14:15:00+00:00,103.73828125,103.7421875,103.73828125,103.7421875,2725.0
2025-06-04 14:16:00+00:00,103.73828125,103.7421875,103.73828125,103.73828125,1046.0
2025-06-04 14:17:00+00:00,103.73828125,103.7421875,103.734375,103.73828125,1280.0
2025-06-04 14:18:00+00:00,103.7421875,103.74609375,103.7421875,103.7421875,1244.0
2025-06-04 14:19:00+00:00,103.74609375,103.74609375,103.7421875,103.74609375,797.0
2025-06-04 14:20:00+00:00,103.7421875,103.74609375,103.7421875,103.74609375,868.0
2025-06-04 14:21:00+00:00,103.74609375,103.75,103.7421875,103.74609375,1140.0
2025-06-04 14:22:00+00:00,103.75,103.75,103.74609375,103.74609375,805.0
2025-06-04 14:23:00+00:00,103.74609375,103.75390625,103.7421875,103.74609375,799.0
2025-06-04 14:24:00+00:00,103.75,103.75,103.74609375,103.74609375,316.0
2025-06-04 14:25:00+00:00,103.74609375,103.75,103.74609375,103.74609375,162.0
2025-06-04 14:26:00+00:00,103.7421875,103.7421875,103.7421875,103.7421875,625.0
2025-06-04 14:27:00+00:00,103.734375,103.7421875,103.734375,103.7421875,1388.0
2025-06-04 14:28:00+00:00,103.73828125,103.7421875,103.734375,103.734375,1630.0
2025-06-04 14:29:00+00:00,103.73828125,103.73828125,103.734375,103.734375,815.0
2025-06-04 14:30:00+00:00,103.73828125,103.7421875,103.73828125,103.73828125,1053.0
2025-06-04 14:31:00+00:00,103.7421875,103.7421875,103.73828125,103.73828125,1368.0
2025-06-04 14:32:00+00:00,103.74609375,103.74609375,103.7421875,103.74609375,490.0
2025-06-04 14:33:00+00:00,103.7421875,103.7421875,103.73828125,103.7421875,1386.0
2025-06-04 14:34:00+00:00,103.7421875,103.74609375,103.7421875,103.74609375,2829.0
2025-06-04 14:35:00+00:00,103.7421875,103.74609375,103.73828125,103.74609375,1111.0
2025-06-04 14:36:00+00:00,103.73828125,103.74609375,103.73828125,103.7421875,2704.0
2025-06-04 14:37:00+00:00,103.73828125,103.7421875,103.73828125,103.73828125,1114.0
2025-06-04 14:38:00+00:00,103.7421875,103.74609375,103.73828125,103.7421875,1341.0
2025-06-04 14:39:00+00:00,103.74609375,103.75,103.7421875,103.74609375,1901.0
2025-06-04 14:40:00+00:00,103.75,103.75,103.74609375,103.74609375,583.0
2025-06-04 14:41:00+00:00,103.75,103.75,103.74609375,103.75,5720.0
2025-06-04 14:42:00+00:00,103.75390625,103.75390625,103.74609375,103.74609375,1253.0
2025-06-04 14:43:00+00:00,103.7578125,103.7578125,103.75390625,103.75390625,1269.0
2025-06-04 14:44:00+00:00,103.76171875,103.76171875,103.7578125,103.7578125,3006.0
2025-06-04 14:45:00+00:00,103.7578125,103.76171875,103.75,103.76171875,605.0
2025-06-04 14:46:00+00:00,103.75390625,103.7578125,103.75390625,103.7578125,2863.0
2025-06-04 14:47:00+00:00,103.75,103.75390625,103.75,103.75390625,1150.0
2025-06-04 14:48:00+00:00,103.75,103.75390625,103.75,103.75,600.0
2025-06-04 14:49:00+00:00,103.7578125,103.7578125,103.75390625,103.75390625,1521.0
2025-06-04 14:51:00+00:00,103.7578125,103.76171875,103.7578125,103.7578125,2835.0
2025-06-04 14:52:00+00:00,103.76171875,103.76171875,103.7578125,103.7578125,262.0
2025-06-04 14:53:00+00:00,103.7578125,103.76171875,103.75390625,103.76171875,305.0
2025-06-04 14:54:00+00:00,103.7578125,103.76171875,103.7578125,103.7578125,869.0
2025-06-04 14:55:00+00:00,103.76171875,103.76171875,103.7578125,103.76171875,1715.0
2025-06-04 14:56:00+00:00,103.7578125,103.76171875,103.7578125,103.76171875,1659.0
2025-06-04 14:57:00+00:00,103.75390625,103.7578125,103.75390625,103.7578125,661.0
2025-06-04 14:58:00+00:00,103.75390625,103.75390625,103.75390625,103.75390625,547.0
2025-06-04 14:59:00+00:00,103.7578125,103.7578125,103.7578125,103.7578125,769.0
2025-06-04 15:00:00+00:00,103.75,103.7578125,103.75,103.7578125,2269.0
2025-06-04 15:01:00+00:00,103.75390625,103.7578125,103.75390625,103.75390625,1253.0
2025-06-04 15:02:00+00:00,103.75,103.75390625,103.74609375,103.75390625,2305.0
2025-06-04 15:03:00+00:00,103.74609375,103.75,103.74609375,103.74609375,2094.0
2025-06-04 15:04:00+00:00,103.75,103.75,103.74609375,103.74609375,917.0
2025-06-04 15:05:00+00:00,103.75,103.75,103.74609375,103.75,580.0
2025-06-04 15:06:00+00:00,103.74609375,103.75,103.7421875,103.75,3717.0
2025-06-04 15:07:00+00:00,103.75,103.75,103.74609375,103.74609375,1148.0
2025-06-04 15:08:00+00:00,103.74609375,103.75,103.74609375,103.75,1047.0
2025-06-04 15:09:00+00:00,103.74609375,103.75,103.74609375,103.75,2517.0
2025-06-04 15:10:00+00:00,103.7421875,103.74609375,103.7421875,103.74609375,981.0
2025-06-04 15:11:00+00:00,103.73828125,103.7421875,103.73828125,103.7421875,3973.0
2025-06-04 15:12:00+00:00,103.73828125,103.73828125,103.73828125,103.73828125,951.0
2025-06-04 15:13:00+00:00,103.73828125,103.7421875,103.73828125,103.73828125,1005.0
2025-06-04 15:14:00+00:00,103.74609375,103.74609375,103.7421875,103.7421875,1535.0
2025-06-04 15:15:00+00:00,103.7421875,103.74609375,103.7421875,103.74609375,762.0
2025-06-04 15:16:00+00:00,103.7421875,103.74609375,103.7421875,103.74609375,3581.0
2025-06-04 15:17:00+00:00,103.7421875,103.74609375,103.7421875,103.7421875,901.0
2025-06-04 15:18:00+00:00,103.75,103.75,103.74609375,103.74609375,3821.0
2025-06-04 15:19:00+00:00,103.75,103.75390625,103.75,103.75,1429.0
2025-06-04 15:20:00+00:00,103.7578125,103.7578125,103.75390625,103.75390625,660.0
2025-06-04 15:21:00+00:00,103.76171875,103.76171875,103.75390625,103.7578125,1096.0
2025-06-04 15:22:00+00:00,103.76171875,103.76171875,103.7578125,103.76171875,216.0
2025-06-04 15:23:00+00:00,103.76171875,103.76171875,103.7578125,103.76171875,1108.0
2025-06-04 15:24:00+00:00,103.76171875,103.765625,103.76171875,103.76171875,2544.0
2025-06-04 15:25:00+00:00,103.765625,103.765625,103.7578125,103.7578125,360.0
2025-06-04 15:26:00+00:00,103.76171875,103.765625,103.76171875,103.765625,1373.0
2025-06-04 15:27:00+00:00,103.765625,103.765625,103.7578125,103.7578125,768.0
2025-06-04 15:28:00+00:00,103.7578125,103.765625,103.7578125,103.765625,2070.0
2025-06-04 15:29:00+00:00,103.7578125,103.76171875,103.7578125,103.7578125,1068.0
2025-06-04 15:32:00+00:00,103.76171875,103.76171875,103.76171875,103.76171875,2607.0
2025-06-04 15:33:00+00:00,103.76171875,103.76171875,103.76171875,103.76171875,708.0
2025-06-04 15:34:00+00:00,103.765625,103.765625,103.7578125,103.76171875,1890.0
2025-06-04 15:35:00+00:00,103.76953125,103.76953125,103.765625,103.76953125,309.0
2025-06-04 15:36:00+00:00,103.7578125,103.765625,103.7578125,103.765625,1683.0
2025-06-04 15:37:00+00:00,103.75390625,103.7578125,103.75390625,103.7578125,749.0
2025-06-04 15:38:00+00:00,103.75390625,103.7578125,103.75,103.75390625,1300.0
2025-06-04 15:39:00+00:00,103.7578125,103.7578125,103.75390625,103.75390625,990.0
2025-06-04 15:40:00+00:00,103.75390625,103.75390625,103.75390625,103.75390625,661.0
2025-06-04 15:41:00+00:00,103.75390625,103.7578125,103.75390625,103.75390625,1676.0
2025-06-04 15:42:00+00:00,103.75390625,103.7578125,103.75390625,103.75390625,1293.0
2025-06-04 15:43:00+00:00,103.7578125,103.7578125,103.75390625,103.75390625,1842.0
2025-06-04 15:44:00+00:00,103.76171875,103.76171875,103.7578125,103.7578125,4366.0
2025-06-04 15:45:00+00:00,103.7578125,103.76171875,103.7578125,103.76171875,1332.0
2025-06-04 15:46:00+00:00,103.7578125,103.76171875,103.7578125,103.76171875,2268.0
2025-06-04 15:47:00+00:00,103.76171875,103.76171875,103.7578125,103.7578125,330.0
2025-06-04 15:48:00+00:00,103.76171875,103.765625,103.7578125,103.7578125,4099.0
2025-06-04 15:49:00+00:00,103.76171875,103.76171875,103.7578125,103.76171875,678.0
2025-06-04 15:50:00+00:00,103.76171875,103.76171875,103.7578125,103.76171875,304.0
2025-06-04 15:51:00+00:00,103.76171875,103.76171875,103.7578125,103.7578125,162.0
2025-06-04 15:52:00+00:00,103.765625,103.765625,103.76171875,103.76171875,4548.0
2025-06-04 15:53:00+00:00,103.765625,103.76953125,103.765625,103.765625,580.0
2025-06-04 15:54:00+00:00,103.76953125,103.7734375,103.76953125,103.76953125,1015.0
2025-06-04 15:55:00+00:00,103.76953125,103.7734375,103.765625,103.76953125,463.0
2025-06-04 15:56:00+00:00,103.7734375,103.7734375,103.76953125,103.76953125,604.0
2025-06-04 15:57:00+00:00,103.7734375,103.77734375,103.7734375,103.7734375,1614.0
2025-06-04 15:58:00+00:00,103.77734375,103.77734375,103.76953125,103.7734375,2931.0
2025-06-04 15:59:00+00:00,103.77734375,103.77734375,103.7734375,103.7734375,2484.0
2025-06-04 16:00:00+00:00,103.77734375,103.78125,103.77734375,103.78125,5202.0
2025-06-04 16:01:00+00:00,103.78125,103.78125,103.77734375,103.77734375,467.0
2025-06-04 16:02:00+00:00,103.78515625,103.78515625,103.77734375,103.77734375,1535.0
2025-06-04 16:03:00+00:00,103.78515625,103.7890625,103.78125,103.78515625,2516.0
2025-06-04 16:04:00+00:00,103.78515625,103.7890625,103.78125,103.78125,2199.0
2025-06-04 16:05:00+00:00,103.7890625,103.7890625,103.78125,103.78515625,1091.0
2025-06-04 16:06:00+00:00,103.78515625,103.7890625,103.78515625,103.7890625,1195.0
2025-06-04 16:07:00+00:00,103.7890625,103.7890625,103.78515625,103.7890625,1025.0
2025-06-04 16:08:00+00:00,103.7890625,103.7890625,103.78515625,103.7890625,904.0
2025-06-04 16:09:00+00:00,103.7890625,103.7890625,103.78515625,103.7890625,587.0
2025-06-04 16:10:00+00:00,103.7890625,103.7890625,103.7890625,103.7890625,1675.0
2025-06-04 16:11:00+00:00,103.78515625,103.7890625,103.78515625,103.7890625,117.0
2025-06-04 16:12:00+00:00,103.79296875,103.796875,103.7890625,103.7890625,2313.0
2025-06-04 16:14:00+00:00,103.796875,103.796875,103.796875,103.796875,2684.0
2025-06-04 16:15:00+00:00,103.796875,103.80078125,103.79296875,103.79296875,1231.0
2025-06-04 16:16:00+00:00,103.80078125,103.80078125,103.796875,103.80078125,38.0
2025-06-04 16:17:00+00:00,103.796875,103.80078125,103.796875,103.80078125,443.0
2025-06-04 16:18:00+00:00,103.79296875,103.796875,103.7890625,103.79296875,2128.0
2025-06-04 16:19:00+00:00,103.80078125,103.80859375,103.79296875,103.79296875,8321.0
2025-06-04 16:20:00+00:00,103.8125,103.8125,103.80078125,103.80078125,1889.0
2025-06-04 16:21:00+00:00,103.80859375,103.8125,103.8046875,103.80859375,1857.0
2025-06-04 16:22:00+00:00,103.80859375,103.80859375,103.8046875,103.80859375,19.0
2025-06-04 16:23:00+00:00,103.80859375,103.80859375,103.8046875,103.80859375,46.0
2025-06-04 16:24:00+00:00,103.80859375,103.8125,103.8046875,103.80859375,2279.0
2025-06-04 16:25:00+00:00,103.8125,103.8125,103.80859375,103.80859375,1402.0
2025-06-04 16:26:00+00:00,103.81640625,103.81640625,103.8125,103.8125,893.0
2025-06-04 16:27:00+00:00,103.8125,103.81640625,103.8125,103.81640625,511.0
2025-06-04 16:28:00+00:00,103.81640625,103.81640625,103.8125,103.81640625,324.0
2025-06-04 16:29:00+00:00,103.81640625,103.81640625,103.8125,103.81640625,430.0
2025-06-04 16:30:00+00:00,103.80859375,103.81640625,103.8046875,103.8125,1260.0
2025-06-04 16:31:00+00:00,103.8046875,103.80859375,103.80078125,103.80859375,2010.0
2025-06-04 16:32:00+00:00,103.8046875,103.8046875,103.80078125,103.8046875,65.0
2025-06-04 16:33:00+00:00,103.80859375,103.80859375,103.8046875,103.8046875,1692.0
2025-06-04 16:34:00+00:00,103.80859375,103.8125,103.80859375,103.80859375,434.0
2025-06-04 16:35:00+00:00,103.80859375,103.80859375,103.8046875,103.80859375,1701.0
2025-06-04 16:36:00+00:00,103.80859375,103.80859375,103.8046875,103.80859375,178.0
2025-06-04 16:37:00+00:00,103.80859375,103.8125,103.80859375,103.80859375,863.0
2025-06-04 16:38:00+00:00,103.80859375,103.80859375,103.8046875,103.8046875,73.0
2025-06-04 16:39:00+00:00,103.8046875,103.80859375,103.8046875,103.80859375,55.0
2025-06-04 16:40:00+00:00,103.80078125,103.80859375,103.796875,103.80859375,1433.0
2025-06-04 16:41:00+00:00,103.80078125,103.80078125,103.796875,103.80078125,573.0
2025-06-04 16:42:00+00:00,103.80078125,103.8046875,103.80078125,103.80078125,2621.0
2025-06-04 16:43:00+00:00,103.80078125,103.8046875,103.796875,103.80078125,1517.0
2025-06-04 16:44:00+00:00,103.796875,103.8046875,103.796875,103.8046875,1037.0
2025-06-04 16:45:00+00:00,103.796875,103.80078125,103.796875,103.796875,1684.0
2025-06-04 16:46:00+00:00,103.80078125,103.8046875,103.80078125,103.80078125,2971.0
2025-06-04 16:47:00+00:00,103.796875,103.80078125,103.796875,103.80078125,152.0
2025-06-04 16:48:00+00:00,103.80078125,103.80078125,103.796875,103.80078125,86.0
2025-06-04 16:49:00+00:00,103.8046875,103.8046875,103.796875,103.796875,1316.0
2025-06-04 16:50:00+00:00,103.8046875,103.8046875,103.80078125,103.8046875,2173.0
2025-06-04 16:51:00+00:00,103.80078125,103.8046875,103.80078125,103.8046875,79.0
2025-06-04 16:52:00+00:00,103.80078125,103.8046875,103.80078125,103.8046875,2212.0
2025-06-04 16:53:00+00:00,103.80078125,103.80078125,103.796875,103.80078125,1408.0
2025-06-04 16:54:00+00:00,103.80078125,103.8046875,103.80078125,103.80078125,11.0
2025-06-04 16:55:00+00:00,103.80078125,103.8046875,103.80078125,103.80078125,32.0
2025-06-04 16:56:00+00:00,103.80078125,103.8046875,103.80078125,103.8046875,993.0
2025-06-04 16:57:00+00:00,103.8125,103.8125,103.80078125,103.80078125,2022.0
2025-06-04 16:58:00+00:00,103.8046875,103.8125,103.8046875,103.8125,826.0
2025-06-04 16:59:00+00:00,103.80859375,103.80859375,103.8046875,103.8046875,174.0
2025-06-04 17:00:00+00:00,103.796875,103.8046875,103.796875,103.8046875,2500.0
2025-06-04 17:01:00+00:00,103.796875,103.796875,103.79296875,103.796875,1033.0
2025-06-04 17:02:00+00:00,103.796875,103.796875,103.796875,103.796875,490.0
2025-06-04 17:03:00+00:00,103.796875,103.796875,103.79296875,103.796875,43.0
2025-06-04 17:04:00+00:00,103.796875,103.796875,103.79296875,103.796875,650.0
2025-06-04 17:06:00+00:00,103.8046875,103.8046875,103.80078125,103.8046875,2032.0
2025-06-04 17:07:00+00:00,103.80078125,103.8046875,103.796875,103.8046875,2316.0
2025-06-04 17:08:00+00:00,103.796875,103.80078125,103.796875,103.80078125,32.0
2025-06-04 17:09:00+00:00,103.80078125,103.80078125,103.80078125,103.80078125,602.0
2025-06-04 17:10:00+00:00,103.796875,103.80078125,103.796875,103.796875,653.0
2025-06-04 17:11:00+00:00,103.796875,103.796875,103.796875,103.796875,400.0
2025-06-04 17:12:00+00:00,103.79296875,103.796875,103.79296875,103.796875,354.0
2025-06-04 17:13:00+00:00,103.79296875,103.796875,103.79296875,103.796875,764.0
2025-06-04 17:14:00+00:00,103.79296875,103.79296875,103.79296875,103.79296875,7.0
2025-06-04 17:15:00+00:00,103.7890625,103.79296875,103.7890625,103.79296875,859.0
2025-06-04 17:16:00+00:00,103.78515625,103.7890625,103.78515625,103.7890625,1924.0
2025-06-04 17:17:00+00:00,103.7890625,103.7890625,103.78515625,103.78515625,307.0
2025-06-04 17:18:00+00:00,103.7890625,103.7890625,103.78515625,103.78515625,257.0
2025-06-04 17:19:00+00:00,103.7890625,103.7890625,103.78515625,103.7890625,53.0
2025-06-04 17:20:00+00:00,103.79296875,103.79296875,103.78515625,103.78515625,1358.0
2025-06-04 17:21:00+00:00,103.79296875,103.79296875,103.7890625,103.79296875,823.0
2025-06-04 17:22:00+00:00,103.7890625,103.79296875,103.7890625,103.79296875,19.0
2025-06-04 17:23:00+00:00,103.78515625,103.7890625,103.78515625,103.7890625,731.0
2025-06-04 17:24:00+00:00,103.7890625,103.7890625,103.78515625,103.7890625,636.0
2025-06-04 17:25:00+00:00,103.7890625,103.7890625,103.7890625,103.7890625,1137.0
2025-06-04 17:26:00+00:00,103.7890625,103.79296875,103.78515625,103.79296875,1169.0
2025-06-04 17:27:00+00:00,103.7890625,103.7890625,103.7890625,103.7890625,67.0
2025-06-04 17:28:00+00:00,103.78515625,103.78515625,103.78515625,103.78515625,459.0
2025-06-04 17:29:00+00:00,103.78515625,103.78515625,103.78125,103.78125,464.0
2025-06-04 17:30:00+00:00,103.79296875,103.79296875,103.78515625,103.78515625,1083.0
2025-06-04 17:31:00+00:00,103.796875,103.796875,103.79296875,103.79296875,284.0
2025-06-04 17:32:00+00:00,103.796875,103.796875,103.796875,103.796875,364.0
2025-06-04 17:33:00+00:00,103.796875,103.796875,103.79296875,103.796875,1737.0
2025-06-04 17:34:00+00:00,103.796875,103.796875,103.79296875,103.79296875,461.0
2025-06-04 17:35:00+00:00,103.79296875,103.796875,103.79296875,103.79296875,1321.0
2025-06-04 17:36:00+00:00,103.79296875,103.79296875,103.79296875,103.79296875,1408.0
2025-06-04 17:37:00+00:00,103.79296875,103.796875,103.79296875,103.79296875,949.0
2025-06-04 17:38:00+00:00,103.79296875,103.796875,103.7890625,103.79296875,1224.0
2025-06-04 17:39:00+00:00,103.796875,103.796875,103.79296875,103.796875,20.0
2025-06-04 17:40:00+00:00,103.7890625,103.79296875,103.7890625,103.79296875,139.0
2025-06-04 17:41:00+00:00,103.79296875,103.79296875,103.79296875,103.79296875,217.0
2025-06-04 17:42:00+00:00,103.79296875,103.79296875,103.79296875,103.79296875,45.0
2025-06-04 17:43:00+00:00,103.79296875,103.79296875,103.79296875,103.79296875,156.0
2025-06-04 17:44:00+00:00,103.79296875,103.79296875,103.7890625,103.79296875,17.0
2025-06-04 17:45:00+00:00,103.796875,103.796875,103.7890625,103.7890625,959.0
2025-06-04 17:46:00+00:00,103.79296875,103.796875,103.79296875,103.796875,490.0
2025-06-04 17:47:00+00:00,103.796875,103.796875,103.796875,103.796875,30.0
2025-06-04 17:48:00+00:00,103.79296875,103.796875,103.79296875,103.796875,58.0
2025-06-04 17:49:00+00:00,103.796875,103.796875,103.79296875,103.796875,88.0
2025-06-04 17:50:00+00:00,103.796875,103.796875,103.79296875,103.79296875,144.0
2025-06-04 17:51:00+00:00,103.79296875,103.796875,103.79296875,103.79296875,193.0
2025-06-04 17:52:00+00:00,103.79296875,103.796875,103.79296875,103.796875,39.0
2025-06-04 17:53:00+00:00,103.796875,103.796875,103.79296875,103.79296875,43.0
2025-06-04 17:54:00+00:00,103.7890625,103.79296875,103.7890625,103.79296875,492.0
2025-06-04 17:55:00+00:00,103.796875,103.796875,103.79296875,103.79296875,560.0
2025-06-04 17:56:00+00:00,103.796875,103.796875,103.79296875,103.796875,137.0
2025-06-04 17:59:00+00:00,103.796875,103.796875,103.796875,103.796875,2353.0
2025-06-04 18:00:00+00:00,103.796875,103.796875,103.79296875,103.796875,152.0
2025-06-04 18:01:00+00:00,103.79296875,103.796875,103.79296875,103.796875,41.0
2025-06-04 18:02:00+00:00,103.79296875,103.79296875,103.79296875,103.79296875,35.0
2025-06-04 18:03:00+00:00,103.7890625,103.79296875,103.7890625,103.79296875,837.0
2025-06-04 18:04:00+00:00,103.79296875,103.79296875,103.7890625,103.7890625,267.0
2025-06-04 18:05:00+00:00,103.796875,103.796875,103.79296875,103.79296875,596.0
2025-06-04 18:06:00+00:00,103.796875,103.796875,103.796875,103.796875,1.0
2025-06-04 18:07:00+00:00,103.796875,103.796875,103.796875,103.796875,462.0
2025-06-04 18:08:00+00:00,103.796875,103.796875,103.79296875,103.796875,83.0
2025-06-04 18:09:00+00:00,103.79296875,103.796875,103.79296875,103.796875,12.0
2025-06-04 18:10:00+00:00,103.79296875,103.796875,103.79296875,103.796875,203.0
2025-06-04 18:11:00+00:00,103.79296875,103.796875,103.79296875,103.79296875,209.0
2025-06-04 18:12:00+00:00,103.79296875,103.796875,103.79296875,103.79296875,440.0
2025-06-04 18:13:00+00:00,103.79296875,103.796875,103.79296875,103.796875,2845.0
2025-06-04 18:14:00+00:00,103.796875,103.796875,103.79296875,103.79296875,1016.0
2025-06-04 18:15:00+00:00,103.796875,103.796875,103.796875,103.796875,89.0
2025-06-04 18:16:00+00:00,103.7890625,103.796875,103.7890625,103.796875,1039.0
2025-06-04 18:17:00+00:00,103.7890625,103.79296875,103.7890625,103.7890625,570.0
2025-06-04 18:18:00+00:00,103.79296875,103.79296875,103.7890625,103.7890625,1371.0
2025-06-04 18:19:00+00:00,103.79296875,103.796875,103.79296875,103.79296875,1288.0
2025-06-04 18:20:00+00:00,103.79296875,103.79296875,103.79296875,103.79296875,760.0
2025-06-04 18:21:00+00:00,103.79296875,103.79296875,103.79296875,103.79296875,129.0
2025-06-04 18:22:00+00:00,103.79296875,103.79296875,103.79296875,103.79296875,934.0
2025-06-04 18:23:00+00:00,103.79296875,103.79296875,103.79296875,103.79296875,239.0
2025-06-04 18:24:00+00:00,103.79296875,103.796875,103.79296875,103.796875,582.0
2025-06-04 18:25:00+00:00,103.7890625,103.79296875,103.7890625,103.79296875,356.0
2025-06-04 18:26:00+00:00,103.79296875,103.79296875,103.7890625,103.7890625,21.0
2025-06-04 18:28:00+00:00,103.7890625,103.79296875,103.7890625,103.79296875,185.0
2025-06-04 18:29:00+00:00,103.78515625,103.7890625,103.78515625,103.7890625,654.0
2025-06-04 18:30:00+00:00,103.78125,103.78515625,103.77734375,103.78515625,3577.0
2025-06-04 18:34:00+00:00,103.78125,103.78515625,103.78125,103.78515625,2449.0
2025-06-04 18:35:00+00:00,103.78515625,103.78515625,103.78125,103.78125,431.0
2025-06-04 18:36:00+00:00,103.78125,103.78125,103.78125,103.78125,256.0
2025-06-04 18:37:00+00:00,103.77734375,103.78515625,103.77734375,103.78515625,821.0
2025-06-04 18:38:00+00:00,103.77734375,103.78125,103.77734375,103.78125,783.0
2025-06-04 18:39:00+00:00,103.77734375,103.77734375,103.77734375,103.77734375,1568.0
2025-06-04 18:40:00+00:00,103.78125,103.78125,103.77734375,103.77734375,31.0
2025-06-04 18:41:00+00:00,103.78125,103.78125,103.78125,103.78125,1232.0
2025-06-04 18:42:00+00:00,103.78125,103.78125,103.78125,103.78125,293.0
2025-06-04 18:43:00+00:00,103.78125,103.78125,103.78125,103.78125,662.0
2025-06-04 18:44:00+00:00,103.78515625,103.78515625,103.78125,103.78125,1668.0
2025-06-04 18:45:00+00:00,103.78125,103.78515625,103.78125,103.78515625,715.0
2025-06-04 18:46:00+00:00,103.78515625,103.78515625,103.78125,103.78125,283.0
2025-06-04 18:47:00+00:00,103.78515625,103.78515625,103.78515625,103.78515625,504.0
2025-06-04 18:48:00+00:00,103.78515625,103.78515625,103.78515625,103.78515625,1714.0
2025-06-04 18:49:00+00:00,103.78125,103.78515625,103.78125,103.78515625,434.0
2025-06-04 18:50:00+00:00,103.78515625,103.7890625,103.78515625,103.78515625,636.0
2025-06-04 18:51:00+00:00,103.78515625,103.78515625,103.78515625,103.78515625,410.0
2025-06-04 18:52:00+00:00,103.78515625,103.7890625,103.78515625,103.78515625,823.0
2025-06-04 18:53:00+00:00,103.78515625,103.78515625,103.78515625,103.78515625,29.0
2025-06-04 18:54:00+00:00,103.78515625,103.78515625,103.78125,103.78515625,36.0
2025-06-04 18:55:00+00:00,103.78515625,103.78515625,103.78125,103.78515625,768.0
2025-06-04 18:56:00+00:00,103.78515625,103.78515625,103.78125,103.78515625,62.0
2025-06-04 18:57:00+00:00,103.78515625,103.78515625,103.78125,103.78515625,362.0
2025-06-04 18:58:00+00:00,103.78515625,103.7890625,103.78125,103.78515625,1528.0
2025-06-04 18:59:00+00:00,103.77734375,103.78515625,103.77734375,103.78515625,3909.0
2025-06-04 19:00:00+00:00,103.78125,103.78125,103.77734375,103.78125,406.0
2025-06-04 19:01:00+00:00,103.78515625,103.78515625,103.78125,103.78125,1373.0
2025-06-04 19:02:00+00:00,103.78515625,103.78515625,103.78125,103.78515625,33.0
2025-06-04 19:03:00+00:00,103.78515625,103.78515625,103.78125,103.78515625,52.0
2025-06-04 19:04:00+00:00,103.78125,103.78515625,103.78125,103.78515625,1191.0
2025-06-04 19:05:00+00:00,103.78515625,103.78515625,103.78125,103.78515625,1034.0
2025-06-04 19:06:00+00:00,103.78515625,103.78515625,103.78125,103.78515625,290.0
2025-06-04 19:07:00+00:00,103.7890625,103.7890625,103.78515625,103.78515625,926.0
2025-06-04 19:08:00+00:00,103.7890625,103.7890625,103.7890625,103.7890625,83.0
2025-06-04 19:09:00+00:00,103.7890625,103.7890625,103.78515625,103.7890625,66.0
2025-06-04 19:10:00+00:00,103.78515625,103.7890625,103.78125,103.7890625,777.0
2025-06-04 19:11:00+00:00,103.78515625,103.78515625,103.78515625,103.78515625,102.0
2025-06-04 19:12:00+00:00,103.78515625,103.7890625,103.78515625,103.78515625,1660.0
2025-06-04 19:13:00+00:00,103.78515625,103.78515625,103.78515625,103.78515625,116.0
2025-06-04 19:14:00+00:00,103.78515625,103.78515625,103.78515625,103.78515625,351.0
2025-06-04 19:15:00+00:00,103.78515625,103.78515625,103.78515625,103.78515625,274.0
2025-06-04 19:16:00+00:00,103.78515625,103.7890625,103.78515625,103.78515625,439.0
2025-06-04 19:17:00+00:00,103.78515625,103.78515625,103.78515625,103.78515625,1.0
2025-06-04 19:20:00+00:00,103.78515625,103.78515625,103.78515625,103.78515625,2494.0
2025-06-04 19:21:00+00:00,103.78125,103.78515625,103.78125,103.78515625,976.0
2025-06-04 19:22:00+00:00,103.78125,103.78515625,103.78125,103.78515625,109.0
2025-06-04 19:23:00+00:00,103.78515625,103.78515625,103.78125,103.78515625,64.0
2025-06-04 19:24:00+00:00,103.78515625,103.78515625,103.78515625,103.78515625,33.0
2025-06-04 19:25:00+00:00,103.78515625,103.78515625,103.78515625,103.78515625,14.0
2025-06-04 19:27:00+00:00,103.78515625,103.78515625,103.78515625,103.78515625,612.0
2025-06-04 19:28:00+00:00,103.78515625,103.78515625,103.78515625,103.78515625,377.0
2025-06-04 19:29:00+00:00,103.7890625,103.7890625,103.78515625,103.78515625,1210.0
2025-06-04 19:30:00+00:00,103.78515625,103.7890625,103.78515625,103.7890625,34.0
2025-06-04 19:31:00+00:00,103.78515625,103.7890625,103.78515625,103.7890625,841.0
2025-06-04 19:33:00+00:00,103.7890625,103.7890625,103.7890625,103.7890625,5.0
2025-06-04 19:34:00+00:00,103.7890625,103.7890625,103.7890625,103.7890625,37.0
2025-06-04 19:35:00+00:00,103.78515625,103.7890625,103.78515625,103.7890625,712.0
2025-06-04 19:36:00+00:00,103.7890625,103.7890625,103.7890625,103.7890625,3.0
2025-06-04 19:37:00+00:00,103.78515625,103.7890625,103.78515625,103.78515625,133.0
2025-06-04 19:38:00+00:00,103.7890625,103.7890625,103.7890625,103.7890625,220.0
2025-06-04 19:39:00+00:00,103.7890625,103.7890625,103.7890625,103.7890625,58.0
2025-06-04 19:40:00+00:00,103.78515625,103.7890625,103.78515625,103.7890625,757.0
2025-06-04 19:41:00+00:00,103.7890625,103.7890625,103.78515625,103.7890625,123.0
2025-06-04 19:46:00+00:00,103.796875,103.796875,103.7890625,103.79296875,6845.0
2025-06-04 19:47:00+00:00,103.796875,103.796875,103.796875,103.796875,11.0
2025-06-04 19:48:00+00:00,103.796875,103.796875,103.79296875,103.796875,557.0
2025-06-04 19:49:00+00:00,103.796875,103.796875,103.796875,103.796875,133.0
2025-06-04 19:50:00+00:00,103.79296875,103.796875,103.79296875,103.796875,1312.0
2025-06-04 19:51:00+00:00,103.79296875,103.79296875,103.79296875,103.79296875,1814.0
2025-06-04 19:52:00+00:00,103.7890625,103.79296875,103.7890625,103.79296875,262.0
2025-06-04 19:53:00+00:00,103.7890625,103.79296875,103.7890625,103.79296875,295.0
2025-06-04 19:54:00+00:00,103.7890625,103.79296875,103.7890625,103.79296875,44.0
2025-06-04 19:55:00+00:00,103.7890625,103.79296875,103.7890625,103.7890625,257.0
2025-06-04 19:56:00+00:00,103.79296875,103.79296875,103.79296875,103.79296875,416.0
2025-06-04 19:57:00+00:00,103.79296875,103.79296875,103.7890625,103.79296875,32.0
2025-06-04 19:58:00+00:00,103.79296875,103.79296875,103.7890625,103.79296875,679.0
2025-06-04 19:59:00+00:00,103.7890625,103.79296875,103.7890625,103.79296875,1624.0
2025-06-04 20:00:00+00:00,103.796875,103.796875,103.7890625,103.7890625,1871.0
2025-06-04 20:01:00+00:00,103.80078125,103.80078125,103.796875,103.796875,632.0
2025-06-04 20:02:00+00:00,103.80078125,103.80078125,103.796875,103.80078125,94.0
2025-06-04 20:03:00+00:00,103.80078125,103.80078125,103.796875,103.796875,8.0
2025-06-04 20:04:00+00:00,103.80078125,103.80078125,103.80078125,103.80078125,498.0
2025-06-04 20:05:00+00:00,103.80078125,103.80078125,103.796875,103.80078125,33.0
2025-06-04 20:06:00+00:00,103.80078125,103.8046875,103.80078125,103.80078125,1691.0
2025-06-04 20:07:00+00:00,103.8046875,103.8046875,103.80078125,103.8046875,414.0
2025-06-04 20:08:00+00:00,103.8046875,103.8046875,103.8046875,103.8046875,25.0
2025-06-04 20:09:00+00:00,103.8046875,103.8046875,103.80078125,103.8046875,59.0
2025-06-04 20:10:00+00:00,103.8046875,103.8046875,103.8046875,103.8046875,219.0
2025-06-04 20:11:00+00:00,103.8046875,103.8046875,103.8046875,103.8046875,2.0
2025-06-04 20:13:00+00:00,103.8046875,103.8046875,103.80078125,103.80078125,4.0
2025-06-04 20:14:00+00:00,103.8046875,103.8046875,103.8046875,103.8046875,10.0
2025-06-04 20:15:00+00:00,103.8046875,103.8046875,103.8046875,103.8046875,27.0
2025-06-04 20:16:00+00:00,103.8046875,103.8046875,103.8046875,103.8046875,207.0
2025-06-04 20:17:00+00:00,103.80078125,103.8046875,103.80078125,103.8046875,202.0
2025-06-04 20:18:00+00:00,103.8046875,103.8046875,103.8046875,103.8046875,14.0
2025-06-04 20:19:00+00:00,103.80078125,103.80078125,103.80078125,103.80078125,124.0
2025-06-04 20:20:00+00:00,103.8046875,103.8046875,103.80078125,103.80078125,39.0
2025-06-04 20:21:00+00:00,103.8046875,103.8046875,103.8046875,103.8046875,35.0
2025-06-04 20:23:00+00:00,103.8046875,103.8046875,103.8046875,103.8046875,152.0
2025-06-04 20:24:00+00:00,103.80078125,103.8046875,103.80078125,103.8046875,17.0
2025-06-04 20:25:00+00:00,103.80078125,103.80078125,103.80078125,103.80078125,426.0
2025-06-04 20:26:00+00:00,103.796875,103.80078125,103.796875,103.796875,32.0
2025-06-04 20:27:00+00:00,103.80078125,103.80078125,103.80078125,103.80078125,1.0
2025-06-04 20:28:00+00:00,103.796875,103.796875,103.796875,103.796875,652.0
2025-06-04 20:29:00+00:00,103.80078125,103.80078125,103.796875,103.796875,649.0
2025-06-04 20:30:00+00:00,103.80078125,103.80078125,103.80078125,103.80078125,250.0
2025-06-04 20:31:00+00:00,103.80078125,103.80078125,103.80078125,103.80078125,44.0
2025-06-04 20:32:00+00:00,103.8046875,103.8046875,103.80078125,103.80078125,1334.0
2025-06-04 20:33:00+00:00,103.80078125,103.8046875,103.80078125,103.8046875,336.0
2025-06-04 20:34:00+00:00,103.8046875,103.8046875,103.80078125,103.80078125,299.0
2025-06-04 20:35:00+00:00,103.80078125,103.80078125,103.80078125,103.80078125,34.0
2025-06-04 20:37:00+00:00,103.80078125,103.80078125,103.80078125,103.80078125,292.0
2025-06-04 20:38:00+00:00,103.80078125,103.80078125,103.80078125,103.80078125,1201.0
2025-06-04 20:40:00+00:00,103.80078125,103.80078125,103.796875,103.796875,39.0
2025-06-04 20:41:00+00:00,103.80078125,103.80078125,103.80078125,103.80078125,721.0
2025-06-04 20:42:00+00:00,103.80078125,103.8046875,103.80078125,103.8046875,19.0
2025-06-04 20:43:00+00:00,103.80078125,103.8046875,103.80078125,103.80078125,18.0
2025-06-04 20:44:00+00:00,103.8046875,103.8046875,103.80078125,103.80078125,99.0
2025-06-04 20:45:00+00:00,103.8046875,103.8046875,103.8046875,103.8046875,3.0
2025-06-04 20:46:00+00:00,103.8046875,103.8046875,103.8046875,103.8046875,15.0
2025-06-04 20:47:00+00:00,103.80078125,103.8046875,103.80078125,103.8046875,15.0
2025-06-04 20:48:00+00:00,103.8046875,103.8046875,103.80078125,103.8046875,1078.0
2025-06-04 20:49:00+00:00,103.8046875,103.8046875,103.8046875,103.8046875,1270.0
2025-06-04 20:51:00+00:00,103.80078125,103.8046875,103.80078125,103.8046875,110.0
2025-06-04 20:52:00+00:00,103.80078125,103.8046875,103.80078125,103.8046875,141.0
2025-06-04 20:53:00+00:00,103.8046875,103.8046875,103.80078125,103.80078125,56.0
2025-06-04 20:54:00+00:00,103.80078125,103.80078125,103.80078125,103.80078125,42.0
2025-06-04 20:55:00+00:00,103.8046875,103.8046875,103.80078125,103.80078125,30.0
2025-06-04 20:56:00+00:00,103.80078125,103.8046875,103.80078125,103.8046875,783.0
2025-06-04 20:57:00+00:00,103.80078125,103.8046875,103.80078125,103.80078125,145.0
2025-06-04 20:58:00+00:00,103.8046875,103.8046875,103.796875,103.80078125,497.0
2025-06-04 20:59:00+00:00,103.8046875,103.8046875,103.80078125,103.80078125,606.0
2025-06-04 22:00:00+00:00,103.79296875,103.80078125,103.79296875,103.80078125,0.0
2025-06-04 22:01:00+00:00,103.78515625,103.7890625,103.78515625,103.7890625,342.0
2025-06-04 22:02:00+00:00,103.7890625,103.7890625,103.78515625,103.78515625,353.0
2025-06-04 22:03:00+00:00,103.7890625,103.7890625,103.7890625,103.7890625,2.0
2025-06-04 22:04:00+00:00,103.78515625,103.78515625,103.78515625,103.78515625,91.0
2025-06-04 22:05:00+00:00,103.79296875,103.79296875,103.7890625,103.7890625,91.0
2025-06-04 22:16:00+00:00,103.78515625,103.78515625,103.78515625,103.78515625,403.0
2025-06-04 22:17:00+00:00,103.78515625,103.78515625,103.78125,103.78515625,183.0
2025-06-04 22:18:00+00:00,103.78515625,103.78515625,103.78515625,103.78515625,3.0
2025-06-04 22:19:00+00:00,103.78515625,103.78515625,103.78515625,103.78515625,342.0
2025-06-04 22:20:00+00:00,103.78515625,103.78515625,103.78515625,103.78515625,19.0
2025-06-04 22:21:00+00:00,103.78515625,103.78515625,103.78515625,103.78515625,5.0
2025-06-04 22:22:00+00:00,103.7890625,103.7890625,103.7890625,103.7890625,84.0
2025-06-04 22:28:00+00:00,103.79296875,103.79296875,103.79296875,103.79296875,817.0
2025-06-04 22:34:00+00:00,103.7890625,103.7890625,103.7890625,103.7890625,1.0
2025-06-04 22:42:00+00:00,103.79296875,103.79296875,103.79296875,103.79296875,1.0
2025-06-04 22:44:00+00:00,103.79296875,103.79296875,103.79296875,103.79296875,409.0
2025-06-04 22:45:00+00:00,103.79296875,103.79296875,103.79296875,103.79296875,76.0
2025-06-04 22:48:00+00:00,103.79296875,103.79296875,103.79296875,103.79296875,2.0
2025-06-04 22:49:00+00:00,103.79296875,103.79296875,103.79296875,103.79296875,107.0
2025-06-04 22:52:00+00:00,103.79296875,103.79296875,103.79296875,103.79296875,10.0
2025-06-04 22:56:00+00:00,103.7890625,103.7890625,103.7890625,103.7890625,20.0
2025-06-04 22:58:00+00:00,103.7890625,103.7890625,103.7890625,103.7890625,60.0
2025-06-04 22:59:00+00:00,103.7890625,103.7890625,103.7890625,103.7890625,82.0
2025-06-04 23:06:00+00:00,103.78515625,103.78515625,103.78515625,103.78515625,204.0
2025-06-04 23:07:00+00:00,103.78515625,103.78515625,103.78515625,103.78515625,50.0
2025-06-04 23:08:00+00:00,103.78515625,103.78515625,103.78515625,103.78515625,2.0
2025-06-04 23:10:00+00:00,103.78515625,103.78515625,103.78515625,103.78515625,70.0
2025-06-04 23:14:00+00:00,103.79296875,103.79296875,103.7890625,103.7890625,290.0
2025-06-04 23:15:00+00:00,103.79296875,103.79296875,103.7890625,103.79296875,556.0
2025-06-04 23:16:00+00:00,103.79296875,103.79296875,103.79296875,103.79296875,63.0
2025-06-04 23:17:00+00:00,103.79296875,103.79296875,103.79296875,103.79296875,47.0
2025-06-04 23:22:00+00:00,103.796875,103.80078125,103.796875,103.796875,441.0
2025-06-04 23:23:00+00:00,103.796875,103.796875,103.796875,103.796875,274.0
2025-06-04 23:24:00+00:00,103.796875,103.796875,103.796875,103.796875,262.0
2025-06-04 23:27:00+00:00,103.796875,103.796875,103.796875,103.796875,407.0
2025-06-04 23:29:00+00:00,103.796875,103.796875,103.79296875,103.796875,105.0
2025-06-04 23:30:00+00:00,103.796875,103.796875,103.796875,103.796875,53.0
2025-06-04 23:33:00+00:00,103.79296875,103.79296875,103.79296875,103.79296875,5.0
2025-06-04 23:34:00+00:00,103.79296875,103.79296875,103.79296875,103.79296875,264.0
2025-06-04 23:35:00+00:00,103.79296875,103.79296875,103.79296875,103.79296875,32.0
2025-06-04 23:40:00+00:00,103.79296875,103.79296875,103.79296875,103.79296875,85.0
2025-06-04 23:42:00+00:00,103.79296875,103.79296875,103.79296875,103.79296875,40.0
2025-06-04 23:43:00+00:00,103.79296875,103.796875,103.79296875,103.796875,113.0
2025-06-04 23:47:00+00:00,103.796875,103.796875,103.796875,103.796875,61.0
2025-06-04 23:48:00+00:00,103.79296875,103.79296875,103.79296875,103.79296875,178.0
2025-06-04 23:52:00+00:00,103.796875,103.796875,103.796875,103.796875,32.0
2025-06-04 23:56:00+00:00,103.796875,103.796875,103.796875,103.796875,165.0
2025-06-04 23:57:00+00:00,103.796875,103.796875,103.796875,103.796875,63.0
2025-06-04 23:58:00+00:00,103.796875,103.796875,103.796875,103.796875,118.0
2025-06-04 23:59:00+00:00,103.796875,103.796875,103.796875,103.796875,264.0
2025-06-05 00:00:00+00:00,103.79296875,103.79296875,103.79296875,103.79296875,144.0
2025-06-05 00:02:00+00:00,103.7890625,103.7890625,103.7890625,103.7890625,6.0
2025-06-05 00:03:00+00:00,103.7890625,103.7890625,103.7890625,103.7890625,303.0
2025-06-05 00:04:00+00:00,103.79296875,103.79296875,103.79296875,103.79296875,3.0
2025-06-05 00:08:00+00:00,103.7890625,103.7890625,103.7890625,103.7890625,154.0
2025-06-05 00:09:00+00:00,103.7890625,103.7890625,103.7890625,103.7890625,56.0
2025-06-05 00:11:00+00:00,103.7890625,103.79296875,103.7890625,103.79296875,161.0
2025-06-05 00:12:00+00:00,103.7890625,103.7890625,103.7890625,103.7890625,152.0
2025-06-05 00:13:00+00:00,103.7890625,103.7890625,103.7890625,103.7890625,12.0
2025-06-05 00:15:00+00:00,103.7890625,103.79296875,103.7890625,103.79296875,415.0
2025-06-05 00:16:00+00:00,103.7890625,103.7890625,103.7890625,103.7890625,108.0
2025-06-05 00:17:00+00:00,103.7890625,103.7890625,103.7890625,103.7890625,55.0
2025-06-05 00:19:00+00:00,103.78515625,103.78515625,103.78515625,103.78515625,912.0
2025-06-05 00:20:00+00:00,103.78515625,103.78515625,103.78515625,103.78515625,4.0
2025-06-05 00:22:00+00:00,103.78515625,103.78515625,103.78515625,103.78515625,150.0
2025-06-05 00:25:00+00:00,103.7890625,103.7890625,103.78515625,103.78515625,227.0
2025-06-05 00:26:00+00:00,103.7890625,103.7890625,103.7890625,103.7890625,93.0
2025-06-05 00:30:00+00:00,103.7890625,103.7890625,103.7890625,103.7890625,35.0
2025-06-05 00:32:00+00:00,103.78515625,103.78515625,103.78515625,103.78515625,24.0
2025-06-05 00:33:00+00:00,103.78125,103.78125,103.78125,103.78125,10.0
2025-06-05 00:34:00+00:00,103.78515625,103.78515625,103.78125,103.78125,198.0
2025-06-05 00:38:00+00:00,103.78515625,103.78515625,103.78515625,103.78515625,35.0
2025-06-05 00:39:00+00:00,103.78125,103.78125,103.78125,103.78125,99.0
2025-06-05 00:40:00+00:00,103.78125,103.78125,103.78125,103.78125,334.0
2025-06-05 00:41:00+00:00,103.78125,103.78125,103.77734375,103.77734375,574.0
2025-06-05 00:42:00+00:00,103.78125,103.78125,103.78125,103.78125,65.0
2025-06-05 00:44:00+00:00,103.78125,103.78125,103.78125,103.78125,132.0
2025-06-05 00:45:00+00:00,103.78515625,103.78515625,103.78515625,103.78515625,42.0
2025-06-05 00:46:00+00:00,103.78515625,103.78515625,103.78125,103.78125,132.0
2025-06-05 00:47:00+00:00,103.78515625,103.78515625,103.78515625,103.78515625,38.0
2025-06-05 00:52:00+00:00,103.78515625,103.78515625,103.78515625,103.78515625,23.0
2025-06-05 00:53:00+00:00,103.78515625,103.78515625,103.78515625,103.78515625,41.0
2025-06-05 00:55:00+00:00,103.7890625,103.7890625,103.7890625,103.7890625,247.0
2025-06-05 00:56:00+00:00,103.7890625,103.7890625,103.7890625,103.7890625,196.0
2025-06-05 00:57:00+00:00,103.78515625,103.78515625,103.78515625,103.78515625,21.0
2025-06-05 01:00:00+00:00,103.78515625,103.78515625,103.78515625,103.78515625,387.0
2025-06-05 01:01:00+00:00,103.78515625,103.78515625,103.78125,103.78515625,237.0
2025-06-05 01:04:00+00:00,103.78515625,103.78515625,103.78125,103.78515625,134.0
2025-06-05 01:05:00+00:00,103.78515625,103.78515625,103.78515625,103.78515625,10.0
2025-06-05 01:07:00+00:00,103.78125,103.78515625,103.78125,103.78515625,701.0
2025-06-05 01:09:00+00:00,103.78515625,103.78515625,103.78515625,103.78515625,338.0
2025-06-05 01:14:00+00:00,103.78125,103.78515625,103.78125,103.78515625,22.0
2025-06-05 01:15:00+00:00,103.78515625,103.78515625,103.78125,103.78125,72.0
2025-06-05 01:16:00+00:00,103.78125,103.78515625,103.78125,103.78515625,313.0
2025-06-05 01:17:00+00:00,103.77734375,103.77734375,103.77734375,103.77734375,122.0
2025-06-05 01:21:00+00:00,103.78125,103.78125,103.78125,103.78125,3.0
2025-06-05 01:24:00+00:00,103.77734375,103.78125,103.77734375,103.78125,47.0
2025-06-05 01:26:00+00:00,103.77734375,103.78125,103.77734375,103.78125,111.0
2025-06-05 01:28:00+00:00,103.77734375,103.77734375,103.77734375,103.77734375,6.0
2025-06-05 01:29:00+00:00,103.78125,103.78125,103.78125,103.78125,66.0
2025-06-05 01:30:00+00:00,103.77734375,103.77734375,103.77734375,103.77734375,1.0
2025-06-05 01:31:00+00:00,103.7734375,103.7734375,103.7734375,103.7734375,0.0
2025-06-05 01:32:00+00:00,103.76953125,103.76953125,103.76953125,103.76953125,17055.0
2025-06-05 01:33:00+00:00,103.76953125,103.76953125,103.76953125,103.76953125,252.0
2025-06-05 01:34:00+00:00,103.76953125,103.76953125,103.76953125,103.76953125,70.0
2025-06-05 01:35:00+00:00,103.76953125,103.76953125,103.76953125,103.76953125,72.0
2025-06-05 01:36:00+00:00,103.76953125,103.76953125,103.76953125,103.76953125,26.0
2025-06-05 01:38:00+00:00,103.76953125,103.76953125,103.76953125,103.76953125,210.0
2025-06-05 01:39:00+00:00,103.765625,103.76953125,103.765625,103.76953125,32.0
2025-06-05 01:40:00+00:00,103.765625,103.765625,103.765625,103.765625,165.0
2025-06-05 01:41:00+00:00,103.765625,103.765625,103.765625,103.765625,289.0
2025-06-05 01:42:00+00:00,103.765625,103.765625,103.765625,103.765625,88.0
2025-06-05 01:43:00+00:00,103.765625,103.765625,103.765625,103.765625,176.0
2025-06-05 01:44:00+00:00,103.76953125,103.76953125,103.76953125,103.76953125,171.0
2025-06-05 01:46:00+00:00,103.76953125,103.76953125,103.76953125,103.76953125,16.0
2025-06-05 01:49:00+00:00,103.76953125,103.76953125,103.76953125,103.76953125,1.0
2025-06-05 01:50:00+00:00,103.7734375,103.7734375,103.7734375,103.7734375,52.0
2025-06-05 01:51:00+00:00,103.76953125,103.76953125,103.76953125,103.76953125,28.0
2025-06-05 01:54:00+00:00,103.7734375,103.7734375,103.7734375,103.7734375,1.0
2025-06-05 01:55:00+00:00,103.7734375,103.7734375,103.7734375,103.7734375,55.0
2025-06-05 01:59:00+00:00,103.7734375,103.7734375,103.7734375,103.7734375,153.0
2025-06-05 02:04:00+00:00,103.7734375,103.7734375,103.7734375,103.7734375,2.0
2025-06-05 02:05:00+00:00,103.7734375,103.7734375,103.7734375,103.7734375,125.0
2025-06-05 02:07:00+00:00,103.7734375,103.7734375,103.7734375,103.7734375,57.0
2025-06-05 02:08:00+00:00,103.7734375,103.7734375,103.7734375,103.7734375,115.0
2025-06-05 02:09:00+00:00,103.7734375,103.7734375,103.7734375,103.7734375,38.0
2025-06-05 02:10:00+00:00,103.76953125,103.7734375,103.76953125,103.7734375,6.0
2025-06-05 02:14:00+00:00,103.76953125,103.76953125,103.76953125,103.76953125,2.0
2025-06-05 02:18:00+00:00,103.76953125,103.76953125,103.76953125,103.76953125,260.0
2025-06-05 02:19:00+00:00,103.76953125,103.76953125,103.76953125,103.76953125,797.0
2025-06-05 02:20:00+00:00,103.76953125,103.76953125,103.76953125,103.76953125,102.0
2025-06-05 02:24:00+00:00,103.76953125,103.76953125,103.76953125,103.76953125,20.0
2025-06-05 02:25:00+00:00,103.76953125,103.76953125,103.76953125,103.76953125,65.0
2025-06-05 02:28:00+00:00,103.76953125,103.76953125,103.76953125,103.76953125,104.0
2025-06-05 02:29:00+00:00,103.76953125,103.76953125,103.76953125,103.76953125,13.0
2025-06-05 02:30:00+00:00,103.76953125,103.76953125,103.76953125,103.76953125,680.0
2025-06-05 02:33:00+00:00,103.7734375,103.7734375,103.7734375,103.7734375,100.0
2025-06-05 02:34:00+00:00,103.7734375,103.7734375,103.7734375,103.7734375,50.0
2025-06-05 02:37:00+00:00,103.76953125,103.76953125,103.76953125,103.76953125,365.0
2025-06-05 02:40:00+00:00,103.76953125,103.76953125,103.76953125,103.76953125,10.0
2025-06-05 02:41:00+00:00,103.76953125,103.76953125,103.76953125,103.76953125,55.0
2025-06-05 02:43:00+00:00,103.765625,103.765625,103.765625,103.765625,1.0
2025-06-05 02:47:00+00:00,103.765625,103.765625,103.765625,103.765625,14.0
2025-06-05 02:49:00+00:00,103.765625,103.765625,103.765625,103.765625,3.0
2025-06-05 02:55:00+00:00,103.765625,103.76953125,103.765625,103.76953125,53.0
2025-06-05 03:03:00+00:00,103.76953125,103.76953125,103.76953125,103.76953125,50.0
2025-06-05 03:05:00+00:00,103.76953125,103.76953125,103.76953125,103.76953125,4.0
2025-06-05 03:06:00+00:00,103.76953125,103.76953125,103.76953125,103.76953125,57.0
2025-06-05 03:07:00+00:00,103.76953125,103.76953125,103.76953125,103.76953125,841.0
2025-06-05 03:08:00+00:00,103.76953125,103.76953125,103.76953125,103.76953125,284.0
2025-06-05 03:10:00+00:00,103.7734375,103.7734375,103.7734375,103.7734375,18.0
2025-06-05 03:11:00+00:00,103.76953125,103.7734375,103.76953125,103.76953125,83.0
2025-06-05 03:13:00+00:00,103.76953125,103.76953125,103.76953125,103.76953125,1978.0
2025-06-05 03:15:00+00:00,103.7734375,103.7734375,103.76953125,103.76953125,72.0
2025-06-05 03:23:00+00:00,103.7734375,103.7734375,103.7734375,103.7734375,82.0
2025-06-05 03:24:00+00:00,103.7734375,103.7734375,103.7734375,103.7734375,157.0
2025-06-05 03:27:00+00:00,103.7734375,103.7734375,103.7734375,103.7734375,474.0
2025-06-05 03:28:00+00:00,103.7734375,103.7734375,103.7734375,103.7734375,275.0
2025-06-05 03:31:00+00:00,103.76953125,103.7734375,103.76953125,103.7734375,762.0
2025-06-05 03:32:00+00:00,103.76953125,103.7734375,103.76953125,103.76953125,378.0
2025-06-05 03:33:00+00:00,103.76953125,103.76953125,103.76953125,103.76953125,146.0
2025-06-05 03:35:00+00:00,103.76953125,103.76953125,103.76953125,103.76953125,918.0
2025-06-05 03:36:00+00:00,103.76953125,103.76953125,103.76953125,103.76953125,391.0
2025-06-05 03:37:00+00:00,103.76953125,103.76953125,103.76953125,103.76953125,98.0
2025-06-05 03:38:00+00:00,103.76953125,103.76953125,103.76953125,103.76953125,613.0
2025-06-05 03:39:00+00:00,103.76953125,103.76953125,103.76953125,103.76953125,36.0
2025-06-05 03:40:00+00:00,103.76953125,103.76953125,103.76953125,103.76953125,181.0
2025-06-05 03:42:00+00:00,103.7734375,103.7734375,103.7734375,103.7734375,36.0
2025-06-05 03:43:00+00:00,103.7734375,103.7734375,103.7734375,103.7734375,78.0
2025-06-05 03:44:00+00:00,103.7734375,103.7734375,103.7734375,103.7734375,80.0
2025-06-05 03:45:00+00:00,103.7734375,103.7734375,103.7734375,103.7734375,17.0
2025-06-05 03:46:00+00:00,103.7734375,103.7734375,103.7734375,103.7734375,4.0
2025-06-05 03:47:00+00:00,103.7734375,103.7734375,103.7734375,103.7734375,24.0
2025-06-05 03:48:00+00:00,103.7734375,103.7734375,103.7734375,103.7734375,7.0
2025-06-05 03:49:00+00:00,103.7734375,103.7734375,103.7734375,103.7734375,56.0
2025-06-05 03:50:00+00:00,103.7734375,103.7734375,103.7734375,103.7734375,142.0
2025-06-05 03:51:00+00:00,103.7734375,103.7734375,103.7734375,103.7734375,3.0
2025-06-05 03:52:00+00:00,103.7734375,103.7734375,103.7734375,103.7734375,469.0
2025-06-05 03:53:00+00:00,103.7734375,103.7734375,103.7734375,103.7734375,76.0
2025-06-05 03:56:00+00:00,103.77734375,103.77734375,103.77734375,103.77734375,393.0
2025-06-05 03:57:00+00:00,103.77734375,103.77734375,103.77734375,103.77734375,50.0
2025-06-05 03:58:00+00:00,103.78125,103.78125,103.78125,103.78125,400.0
2025-06-05 04:00:00+00:00,103.78125,103.78515625,103.78125,103.78515625,60.0
2025-06-05 04:01:00+00:00,103.78125,103.78125,103.78125,103.78125,2.0
2025-06-05 04:04:00+00:00,103.78125,103.78125,103.77734375,103.77734375,160.0
2025-06-05 04:05:00+00:00,103.77734375,103.77734375,103.77734375,103.77734375,242.0
2025-06-05 04:06:00+00:00,103.77734375,103.77734375,103.77734375,103.77734375,79.0
2025-06-05 04:07:00+00:00,103.77734375,103.77734375,103.77734375,103.77734375,4.0
2025-06-05 04:11:00+00:00,103.77734375,103.77734375,103.77734375,103.77734375,119.0
2025-06-05 04:15:00+00:00,103.77734375,103.77734375,103.77734375,103.77734375,67.0
2025-06-05 04:18:00+00:00,103.77734375,103.77734375,103.77734375,103.77734375,53.0
2025-06-05 04:21:00+00:00,103.78125,103.78125,103.78125,103.78125,29.0
2025-06-05 04:24:00+00:00,103.77734375,103.77734375,103.77734375,103.77734375,5.0
2025-06-05 04:28:00+00:00,103.78125,103.78125,103.78125,103.78125,191.0
2025-06-05 04:33:00+00:00,103.77734375,103.77734375,103.77734375,103.77734375,218.0
2025-06-05 04:34:00+00:00,103.7734375,103.7734375,103.7734375,103.7734375,12.0
2025-06-05 04:35:00+00:00,103.77734375,103.78125,103.7734375,103.7734375,1210.0
2025-06-05 04:36:00+00:00,103.77734375,103.77734375,103.77734375,103.77734375,545.0
2025-06-05 04:38:00+00:00,103.7734375,103.7734375,103.7734375,103.7734375,8.0
2025-06-05 04:41:00+00:00,103.77734375,103.77734375,103.77734375,103.77734375,363.0
2025-06-05 04:44:00+00:00,103.77734375,103.77734375,103.77734375,103.77734375,88.0
2025-06-05 04:46:00+00:00,103.78125,103.78125,103.77734375,103.78125,9.0
2025-06-05 04:48:00+00:00,103.78125,103.78125,103.78125,103.78125,119.0
2025-06-05 04:49:00+00:00,103.78125,103.78125,103.78125,103.78125,16.0
2025-06-05 04:51:00+00:00,103.78125,103.78125,103.78125,103.78125,143.0
2025-06-05 04:52:00+00:00,103.78515625,103.78515625,103.78125,103.78125,68.0
2025-06-05 04:53:00+00:00,103.78515625,103.78515625,103.78515625,103.78515625,13.0
2025-06-05 04:54:00+00:00,103.78515625,103.78515625,103.78515625,103.78515625,350.0
2025-06-05 04:56:00+00:00,103.78125,103.78125,103.78125,103.78125,393.0
2025-06-05 04:59:00+00:00,103.78515625,103.78515625,103.78515625,103.78515625,1101.0
2025-06-05 05:00:00+00:00,103.78515625,103.78515625,103.78515625,103.78515625,306.0
2025-06-05 05:02:00+00:00,103.78515625,103.78515625,103.78515625,103.78515625,99.0
2025-06-05 05:04:00+00:00,103.78515625,103.78515625,103.78515625,103.78515625,169.0
2025-06-05 05:07:00+00:00,103.7890625,103.7890625,103.78515625,103.78515625,63.0
2025-06-05 05:09:00+00:00,103.78515625,103.78515625,103.78515625,103.78515625,7.0
2025-06-05 05:15:00+00:00,103.7890625,103.7890625,103.7890625,103.7890625,74.0
2025-06-05 05:18:00+00:00,103.7890625,103.7890625,103.7890625,103.7890625,242.0
2025-06-05 05:20:00+00:00,103.7890625,103.7890625,103.7890625,103.7890625,25.0
2025-06-05 05:23:00+00:00,103.78515625,103.7890625,103.78515625,103.7890625,16.0
2025-06-05 05:27:00+00:00,103.78515625,103.78515625,103.78515625,103.78515625,6.0
2025-06-05 05:29:00+00:00,103.7890625,103.7890625,103.7890625,103.7890625,16.0
2025-06-05 05:33:00+00:00,103.7890625,103.7890625,103.7890625,103.7890625,382.0
2025-06-05 05:35:00+00:00,103.7890625,103.7890625,103.78515625,103.78515625,21.0
2025-06-05 05:36:00+00:00,103.7890625,103.7890625,103.7890625,103.7890625,17.0
2025-06-05 05:38:00+00:00,103.78515625,103.78515625,103.78515625,103.78515625,291.0
2025-06-05 05:42:00+00:00,103.78125,103.78125,103.78125,103.78125,178.0
2025-06-05 05:46:00+00:00,103.78125,103.78125,103.78125,103.78125,49.0
2025-06-05 05:47:00+00:00,103.78125,103.78125,103.78125,103.78125,53.0
2025-06-05 05:50:00+00:00,103.78125,103.78125,103.78125,103.78125,137.0
2025-06-05 05:51:00+00:00,103.78125,103.78125,103.78125,103.78125,18.0
2025-06-05 05:52:00+00:00,103.78125,103.78125,103.78125,103.78125,12.0
2025-06-05 05:55:00+00:00,103.77734375,103.77734375,103.77734375,103.77734375,12.0
2025-06-05 05:56:00+00:00,103.78125,103.78125,103.78125,103.78125,34.0
2025-06-05 06:00:00+00:00,103.77734375,103.77734375,103.77734375,103.77734375,7.0
2025-06-05 06:01:00+00:00,103.78125,103.78125,103.78125,103.78125,401.0
2025-06-05 06:02:00+00:00,103.78125,103.78125,103.78125,103.78125,170.0
2025-06-05 06:06:00+00:00,103.78125,103.78125,103.78125,103.78125,51.0
2025-06-05 06:08:00+00:00,103.77734375,103.77734375,103.77734375,103.77734375,1002.0
2025-06-05 06:09:00+00:00,103.77734375,103.77734375,103.77734375,103.77734375,3.0
2025-06-05 06:10:00+00:00,103.77734375,103.77734375,103.77734375,103.77734375,588.0
2025-06-05 06:11:00+00:00,103.77734375,103.77734375,103.77734375,103.77734375,48.0
2025-06-05 06:12:00+00:00,103.77734375,103.77734375,103.77734375,103.77734375,58.0
2025-06-05 06:15:00+00:00,103.76953125,103.77734375,103.76953125,103.77734375,423.0
2025-06-05 06:16:00+00:00,103.76953125,103.76953125,103.76953125,103.76953125,35.0
2025-06-05 06:18:00+00:00,103.7734375,103.7734375,103.7734375,103.7734375,33.0
2025-06-05 06:20:00+00:00,103.76953125,103.76953125,103.76953125,103.76953125,202.0
2025-06-05 06:21:00+00:00,103.765625,103.76953125,103.765625,103.76953125,394.0
2025-06-05 06:23:00+00:00,103.765625,103.76953125,103.765625,103.76953125,25.0
2025-06-05 06:24:00+00:00,103.76953125,103.76953125,103.76953125,103.76953125,3.0
2025-06-05 06:25:00+00:00,103.765625,103.765625,103.765625,103.765625,31.0
2025-06-05 06:27:00+00:00,103.765625,103.76953125,103.765625,103.765625,52.0
2025-06-05 06:30:00+00:00,103.76953125,103.76953125,103.765625,103.765625,142.0
2025-06-05 06:32:00+00:00,103.765625,103.76953125,103.765625,103.76953125,28.0
2025-06-05 06:33:00+00:00,103.76953125,103.76953125,103.76953125,103.76953125,107.0
2025-06-05 06:34:00+00:00,103.76953125,103.76953125,103.76953125,103.76953125,87.0
2025-06-05 06:35:00+00:00,103.76953125,103.76953125,103.765625,103.765625,1816.0
2025-06-05 06:36:00+00:00,103.76953125,103.76953125,103.765625,103.76953125,704.0
2025-06-05 06:37:00+00:00,103.765625,103.765625,103.765625,103.765625,666.0
2025-06-05 06:38:00+00:00,103.76953125,103.76953125,103.76953125,103.76953125,401.0
2025-06-05 06:39:00+00:00,103.76953125,103.76953125,103.76953125,103.76953125,54.0
2025-06-05 06:40:00+00:00,103.76953125,103.76953125,103.765625,103.765625,32.0
2025-06-05 06:41:00+00:00,103.7734375,103.7734375,103.76953125,103.76953125,315.0
2025-06-05 06:42:00+00:00,103.76953125,103.7734375,103.76953125,103.7734375,259.0
2025-06-05 06:44:00+00:00,103.76953125,103.76953125,103.76953125,103.76953125,170.0
2025-06-05 06:48:00+00:00,103.765625,103.765625,103.765625,103.765625,275.0
2025-06-05 06:49:00+00:00,103.765625,103.765625,103.765625,103.765625,420.0
2025-06-05 06:51:00+00:00,103.765625,103.765625,103.765625,103.765625,325.0
2025-06-05 06:52:00+00:00,103.765625,103.765625,103.765625,103.765625,100.0
2025-06-05 06:53:00+00:00,103.765625,103.76953125,103.765625,103.765625,408.0
2025-06-05 06:54:00+00:00,103.765625,103.765625,103.76171875,103.765625,45.0
2025-06-05 06:55:00+00:00,103.765625,103.765625,103.765625,103.765625,47.0
2025-06-05 06:56:00+00:00,103.765625,103.765625,103.765625,103.765625,43.0
2025-06-05 06:57:00+00:00,103.76953125,103.76953125,103.765625,103.765625,21.0
2025-06-05 06:58:00+00:00,103.765625,103.765625,103.765625,103.765625,82.0
2025-06-05 07:01:00+00:00,103.765625,103.765625,103.765625,103.765625,995.0
2025-06-05 07:02:00+00:00,103.76953125,103.76953125,103.76953125,103.76953125,15.0
2025-06-05 07:03:00+00:00,103.7734375,103.7734375,103.765625,103.765625,1118.0
2025-06-05 07:04:00+00:00,103.7734375,103.7734375,103.76953125,103.7734375,4.0
2025-06-05 07:06:00+00:00,103.76953125,103.7734375,103.76953125,103.7734375,198.0
2025-06-05 07:07:00+00:00,103.765625,103.76953125,103.765625,103.76953125,339.0
2025-06-05 07:08:00+00:00,103.76953125,103.76953125,103.76953125,103.76953125,39.0
2025-06-05 07:09:00+00:00,103.765625,103.765625,103.765625,103.765625,251.0
2025-06-05 07:10:00+00:00,103.765625,103.765625,103.765625,103.765625,198.0
2025-06-05 07:11:00+00:00,103.765625,103.765625,103.765625,103.765625,399.0
2025-06-05 07:12:00+00:00,103.76953125,103.76953125,103.765625,103.765625,583.0
2025-06-05 07:13:00+00:00,103.76953125,103.76953125,103.76953125,103.76953125,882.0
2025-06-05 07:15:00+00:00,103.76953125,103.76953125,103.76953125,103.76953125,94.0
2025-06-05 07:16:00+00:00,103.7734375,103.7734375,103.76953125,103.76953125,114.0
2025-06-05 07:17:00+00:00,103.7734375,103.7734375,103.7734375,103.7734375,1066.0
2025-06-05 07:20:00+00:00,103.7734375,103.7734375,103.7734375,103.7734375,915.0
2025-06-05 07:23:00+00:00,103.7734375,103.7734375,103.7734375,103.7734375,205.0
2025-06-05 07:24:00+00:00,103.7734375,103.7734375,103.7734375,103.7734375,10.0
2025-06-05 07:25:00+00:00,103.76953125,103.76953125,103.76953125,103.76953125,12.0
2025-06-05 07:26:00+00:00,103.765625,103.76953125,103.765625,103.765625,517.0
2025-06-05 07:27:00+00:00,103.765625,103.765625,103.765625,103.765625,6.0
2025-06-05 07:31:00+00:00,103.76953125,103.7734375,103.76953125,103.76953125,215.0
2025-06-05 07:35:00+00:00,103.765625,103.765625,103.765625,103.765625,1321.0
2025-06-05 07:37:00+00:00,103.765625,103.765625,103.765625,103.765625,103.0
2025-06-05 07:38:00+00:00,103.76953125,103.76953125,103.76953125,103.76953125,726.0
2025-06-05 07:39:00+00:00,103.7734375,103.7734375,103.76953125,103.76953125,190.0
2025-06-05 07:40:00+00:00,103.76953125,103.7734375,103.76953125,103.76953125,692.0
2025-06-05 07:41:00+00:00,103.76953125,103.76953125,103.76953125,103.76953125,85.0
2025-06-05 07:42:00+00:00,103.76953125,103.76953125,103.76953125,103.76953125,33.0
2025-06-05 07:45:00+00:00,103.76953125,103.76953125,103.76953125,103.76953125,514.0
2025-06-05 07:47:00+00:00,103.765625,103.765625,103.765625,103.765625,104.0
2025-06-05 07:48:00+00:00,103.76171875,103.765625,103.76171875,103.765625,856.0
2025-06-05 07:49:00+00:00,103.76171875,103.76171875,103.76171875,103.76171875,190.0
2025-06-05 07:50:00+00:00,103.7578125,103.76171875,103.7578125,103.76171875,509.0
2025-06-05 07:51:00+00:00,103.7578125,103.76171875,103.7578125,103.7578125,138.0
2025-06-05 07:52:00+00:00,103.7578125,103.7578125,103.7578125,103.7578125,109.0
2025-06-05 07:53:00+00:00,103.76171875,103.765625,103.7578125,103.7578125,1072.0
2025-06-05 07:54:00+00:00,103.7578125,103.76171875,103.7578125,103.76171875,135.0
2025-06-05 07:55:00+00:00,103.7578125,103.7578125,103.7578125,103.7578125,74.0
2025-06-05 07:56:00+00:00,103.7578125,103.76171875,103.7578125,103.76171875,82.0
2025-06-05 07:57:00+00:00,103.7578125,103.76171875,103.7578125,103.7578125,102.0
2025-06-05 07:58:00+00:00,103.76171875,103.76171875,103.7578125,103.7578125,726.0
2025-06-05 08:00:00+00:00,103.76171875,103.765625,103.76171875,103.765625,19.0
2025-06-05 08:01:00+00:00,103.76171875,103.765625,103.76171875,103.76171875,35.0
2025-06-05 08:02:00+00:00,103.765625,103.765625,103.76171875,103.76171875,2542.0
2025-06-05 08:03:00+00:00,103.76171875,103.76171875,103.76171875,103.76171875,305.0
2025-06-05 08:04:00+00:00,103.765625,103.765625,103.76171875,103.76171875,381.0
2025-06-05 08:05:00+00:00,103.765625,103.765625,103.76171875,103.76171875,129.0
2025-06-05 08:06:00+00:00,103.76171875,103.765625,103.76171875,103.765625,142.0
2025-06-05 08:07:00+00:00,103.76171875,103.76171875,103.76171875,103.76171875,220.0
2025-06-05 08:08:00+00:00,103.76171875,103.76171875,103.76171875,103.76171875,4.0
2025-06-05 08:09:00+00:00,103.76171875,103.765625,103.76171875,103.76171875,9.0
2025-06-05 08:10:00+00:00,103.76171875,103.76171875,103.76171875,103.76171875,1257.0
2025-06-05 08:12:00+00:00,103.76599884033203,103.76599884033203,103.76171875,103.76171875,14.0
2025-06-05 08:13:00+00:00,103.765625,103.765625,103.76171875,103.76171875,186.0
2025-06-05 08:14:00+00:00,103.76171875,103.76171875,103.7578125,103.76171875,884.0
2025-06-05 08:15:00+00:00,103.76171875,103.76171875,103.76171875,103.76171875,328.0
2025-06-05 08:16:00+00:00,103.76171875,103.76171875,103.76171875,103.76171875,151.0
2025-06-05 08:17:00+00:00,103.76171875,103.76171875,103.7578125,103.7578125,142.0
2025-06-05 08:18:00+00:00,103.76171875,103.76171875,103.76171875,103.76171875,3.0
2025-06-05 08:20:00+00:00,103.76171875,103.76171875,103.76171875,103.76171875,39.0
2025-06-05 08:21:00+00:00,103.76171875,103.76171875,103.76171875,103.76171875,315.0
2025-06-05 08:22:00+00:00,103.765625,103.765625,103.765625,103.765625,233.0
2025-06-05 08:23:00+00:00,103.765625,103.765625,103.76171875,103.765625,712.0
2025-06-05 08:25:00+00:00,103.76171875,103.76171875,103.76171875,103.76171875,267.0
2025-06-05 08:26:00+00:00,103.765625,103.765625,103.765625,103.765625,1290.0
2025-06-05 08:27:00+00:00,103.76171875,103.76171875,103.76171875,103.76171875,2.0
2025-06-05 08:28:00+00:00,103.765625,103.765625,103.765625,103.765625,11.0
2025-06-05 08:29:00+00:00,103.765625,103.765625,103.765625,103.765625,1068.0
2025-06-05 08:31:00+00:00,103.76171875,103.76171875,103.76171875,103.76171875,2112.0
2025-06-05 08:32:00+00:00,103.76171875,103.76171875,103.76171875,103.76171875,50.0
2025-06-05 08:33:00+00:00,103.765625,103.765625,103.765625,103.765625,64.0
2025-06-05 08:35:00+00:00,103.765625,103.765625,103.765625,103.765625,37.0
2025-06-05 08:36:00+00:00,103.76171875,103.76171875,103.76171875,103.76171875,906.0
2025-06-05 08:37:00+00:00,103.76171875,103.76171875,103.7578125,103.7578125,307.0
2025-06-05 08:38:00+00:00,103.76171875,103.76171875,103.7578125,103.7578125,303.0
2025-06-05 08:39:00+00:00,103.7578125,103.76171875,103.7578125,103.76171875,355.0
2025-06-05 08:40:00+00:00,103.7578125,103.7578125,103.7578125,103.7578125,263.0
2025-06-05 08:41:00+00:00,103.76171875,103.76171875,103.76171875,103.76171875,1033.0
2025-06-05 08:42:00+00:00,103.76171875,103.76171875,103.76171875,103.76171875,254.0
2025-06-05 08:43:00+00:00,103.76171875,103.76171875,103.76171875,103.76171875,170.0
2025-06-05 08:45:00+00:00,103.765625,103.765625,103.765625,103.765625,1115.0
2025-06-05 08:46:00+00:00,103.765625,103.765625,103.765625,103.765625,520.0
2025-06-05 08:47:00+00:00,103.765625,103.765625,103.765625,103.765625,132.0
2025-06-05 08:48:00+00:00,103.76953125,103.76953125,103.765625,103.765625,323.0
2025-06-05 08:49:00+00:00,103.76953125,103.76953125,103.76953125,103.76953125,971.0
2025-06-05 08:50:00+00:00,103.76953125,103.76953125,103.76953125,103.76953125,403.0
2025-06-05 08:52:00+00:00,103.76953125,103.76953125,103.76953125,103.76953125,2234.0
2025-06-05 08:53:00+00:00,103.76953125,103.76953125,103.76953125,103.76953125,493.0
2025-06-05 08:55:00+00:00,103.76953125,103.76953125,103.76953125,103.76953125,1010.0
2025-06-05 08:56:00+00:00,103.76953125,103.76953125,103.76953125,103.76953125,575.0
2025-06-05 08:57:00+00:00,103.76953125,103.76953125,103.76953125,103.76953125,8.0
2025-06-05 08:58:00+00:00,103.7734375,103.7734375,103.7734375,103.7734375,25.0
2025-06-05 08:59:00+00:00,103.7734375,103.77734375,103.7734375,103.7734375,228.0
2025-06-05 09:00:00+00:00,103.78125,103.78125,103.77734375,103.77734375,372.0
2025-06-05 09:01:00+00:00,103.78125,103.78515625,103.78125,103.78125,942.0
2025-06-05 09:02:00+00:00,103.78125,103.78125,103.78125,103.78125,121.0
2025-06-05 09:03:00+00:00,103.77734375,103.78125,103.77734375,103.78125,627.0
2025-06-05 09:04:00+00:00,103.77734375,103.78125,103.77734375,103.78125,79.0
2025-06-05 09:05:00+00:00,103.77734375,103.77734375,103.77734375,103.77734375,25.0
2025-06-05 09:06:00+00:00,103.7734375,103.77734375,103.7734375,103.77734375,2993.0
2025-06-05 09:07:00+00:00,103.7734375,103.7734375,103.7734375,103.7734375,39.0
2025-06-05 09:08:00+00:00,103.77734375,103.77734375,103.7734375,103.77734375,579.0
2025-06-05 09:09:00+00:00,103.77734375,103.77734375,103.77734375,103.77734375,462.0
2025-06-05 09:10:00+00:00,103.77734375,103.77734375,103.77734375,103.77734375,273.0
2025-06-05 09:12:00+00:00,103.77734375,103.77734375,103.77734375,103.77734375,563.0
2025-06-05 09:13:00+00:00,103.78125,103.78125,103.78125,103.78125,9.0
2025-06-05 09:16:00+00:00,103.78125,103.78125,103.78125,103.78125,71.0
2025-06-05 09:18:00+00:00,103.78125,103.78125,103.78125,103.78125,327.0
2025-06-05 09:19:00+00:00,103.78125,103.78125,103.78125,103.78125,148.0
2025-06-05 09:20:00+00:00,103.78125,103.78125,103.78125,103.78125,1.0
2025-06-05 09:21:00+00:00,103.78125,103.78125,103.78125,103.78125,30.0
2025-06-05 09:22:00+00:00,103.78515625,103.78515625,103.78515625,103.78515625,381.0
2025-06-05 09:25:00+00:00,103.78515625,103.78515625,103.78125,103.78515625,73.0
2025-06-05 09:26:00+00:00,103.78515625,103.78515625,103.78515625,103.78515625,28.0
2025-06-05 09:28:00+00:00,103.78515625,103.78515625,103.78515625,103.78515625,176.0
2025-06-05 09:29:00+00:00,103.78125,103.78515625,103.78125,103.78515625,159.0
2025-06-05 09:30:00+00:00,103.78515625,103.78515625,103.78125,103.78515625,1402.0
2025-06-05 09:31:00+00:00,103.78515625,103.78515625,103.78125,103.78515625,991.0
2025-06-05 09:37:00+00:00,103.77734375,103.78125,103.77734375,103.78125,970.0
2025-06-05 09:38:00+00:00,103.77734375,103.77734375,103.77734375,103.77734375,56.0
2025-06-05 09:39:00+00:00,103.77734375,103.77734375,103.77734375,103.77734375,44.0
2025-06-05 09:40:00+00:00,103.77734375,103.77734375,103.77734375,103.77734375,81.0
2025-06-05 09:41:00+00:00,103.77734375,103.78125,103.77734375,103.77734375,39.0
2025-06-05 09:42:00+00:00,103.77734375,103.77734375,103.77734375,103.77734375,10.0
2025-06-05 09:43:00+00:00,103.77734375,103.78125,103.77734375,103.77734375,30.0
2025-06-05 09:44:00+00:00,103.77734375,103.77734375,103.77734375,103.77734375,8.0
2025-06-05 09:45:00+00:00,103.77734375,103.77734375,103.77734375,103.77734375,37.0
2025-06-05 09:47:00+00:00,103.77734375,103.78125,103.77734375,103.77734375,20.0
2025-06-05 09:48:00+00:00,103.77734375,103.78125,103.77734375,103.77734375,463.0
2025-06-05 09:50:00+00:00,103.77734375,103.77734375,103.77734375,103.77734375,47.0
2025-06-05 09:51:00+00:00,103.77734375,103.78125,103.77734375,103.78125,96.0
2025-06-05 09:52:00+00:00,103.78125,103.78125,103.77734375,103.78125,1961.0
2025-06-05 09:53:00+00:00,103.77734375,103.78125,103.77734375,103.78125,142.0
2025-06-05 09:54:00+00:00,103.78125,103.78125,103.78125,103.78125,2120.0
2025-06-05 09:55:00+00:00,103.78125,103.78515625,103.78125,103.78125,443.0
2025-06-05 09:58:00+00:00,103.77734375,103.77734375,103.77734375,103.77734375,9.0
2025-06-05 10:00:00+00:00,103.7734375,103.77734375,103.7734375,103.77734375,1744.0
2025-06-05 10:01:00+00:00,103.7734375,103.7734375,103.7734375,103.7734375,20.0
2025-06-05 10:02:00+00:00,103.7734375,103.7734375,103.7734375,103.7734375,73.0
2025-06-05 10:03:00+00:00,103.76953125,103.7734375,103.76953125,103.7734375,555.0
2025-06-05 10:04:00+00:00,103.76953125,103.7734375,103.76953125,103.76953125,871.0
2025-06-05 10:05:00+00:00,103.76953125,103.7734375,103.76953125,103.76953125,27.0
2025-06-05 10:06:00+00:00,103.7734375,103.7734375,103.7734375,103.7734375,818.0
2025-06-05 10:07:00+00:00,103.7734375,103.77734375,103.7734375,103.77734375,611.0
2025-06-05 10:09:00+00:00,103.76953125,103.76953125,103.76953125,103.76953125,130.0
2025-06-05 10:11:00+00:00,103.7734375,103.7734375,103.7734375,103.7734375,128.0
2025-06-05 10:21:00+00:00,103.76953125,103.7734375,103.76953125,103.7699966430664,1840.0
2025-06-05 10:22:00+00:00,103.7734375,103.7734375,103.76953125,103.76953125,2019.0
2025-06-05 10:23:00+00:00,103.7734375,103.7734375,103.7734375,103.7734375,1558.0
2025-06-05 10:24:00+00:00,103.7734375,103.77734375,103.7734375,103.7734375,98.0
2025-06-05 10:25:00+00:00,103.77734375,103.77734375,103.7734375,103.77734375,181.0
2025-06-05 10:26:00+00:00,103.77734375,103.77734375,103.77734375,103.77734375,997.0
2025-06-05 10:27:00+00:00,103.7734375,103.7734375,103.7734375,103.7734375,19.0
2025-06-05 10:28:00+00:00,103.7734375,103.7734375,103.7734375,103.7734375,5.0
2025-06-05 10:30:00+00:00,103.76953125,103.76953125,103.76953125,103.76953125,377.0
2025-06-05 10:31:00+00:00,103.76953125,103.76953125,103.76953125,103.76953125,293.0
2025-06-05 10:32:00+00:00,103.76953125,103.76953125,103.76953125,103.76953125,117.0
2025-06-05 10:33:00+00:00,103.76953125,103.76953125,103.76953125,103.76953125,248.0
2025-06-05 10:34:00+00:00,103.76953125,103.76953125,103.76953125,103.76953125,22.0
2025-06-05 10:35:00+00:00,103.76953125,103.76953125,103.76953125,103.76953125,86.0
2025-06-05 10:36:00+00:00,103.76953125,103.76953125,103.76953125,103.76953125,232.0
2025-06-05 10:40:00+00:00,103.76953125,103.76953125,103.76953125,103.76953125,223.0
2025-06-05 10:41:00+00:00,103.7734375,103.7734375,103.76953125,103.76953125,537.0
2025-06-05 10:42:00+00:00,103.7734375,103.7734375,103.7734375,103.7734375,340.0
2025-06-05 10:43:00+00:00,103.7734375,103.7734375,103.7734375,103.7734375,453.0
2025-06-05 10:46:00+00:00,103.7734375,103.7734375,103.76953125,103.7734375,284.0
2025-06-05 10:47:00+00:00,103.76953125,103.7734375,103.76953125,103.7734375,109.0
2025-06-05 10:49:00+00:00,103.76953125,103.76953125,103.76953125,103.76953125,409.0
2025-06-05 10:50:00+00:00,103.76953125,103.76953125,103.765625,103.765625,129.0
2025-06-05 10:51:00+00:00,103.76953125,103.76953125,103.76953125,103.76953125,246.0
2025-06-05 10:52:00+00:00,103.76953125,103.76953125,103.76953125,103.76953125,62.0
2025-06-05 10:53:00+00:00,103.7734375,103.7734375,103.76953125,103.76953125,193.0
2025-06-05 10:54:00+00:00,103.7734375,103.7734375,103.7734375,103.7734375,235.0
2025-06-05 11:01:00+00:00,103.76953125,103.76953125,103.76953125,103.76953125,88.0
2025-06-05 11:03:00+00:00,103.7734375,103.7734375,103.76953125,103.76953125,310.0
2025-06-05 11:05:00+00:00,103.78125,103.78125,103.7734375,103.77734375,1823.0
2025-06-05 11:06:00+00:00,103.7890625,103.79296875,103.78125,103.78125,4668.0
2025-06-05 11:07:00+00:00,103.7890625,103.7890625,103.7890625,103.7890625,155.0
2025-06-05 11:08:00+00:00,103.7890625,103.7890625,103.7890625,103.7890625,448.0
2025-06-05 11:09:00+00:00,103.78515625,103.78515625,103.78515625,103.78515625,1839.0
2025-06-05 11:10:00+00:00,103.78515625,103.78515625,103.78515625,103.78515625,165.0
2025-06-05 11:11:00+00:00,103.7890625,103.7890625,103.78515625,103.78515625,1413.0
2025-06-05 11:13:00+00:00,103.7890625,103.7890625,103.7890625,103.7890625,668.0
2025-06-05 11:14:00+00:00,103.79296875,103.79296875,103.7890625,103.7890625,398.0
2025-06-05 11:15:00+00:00,103.796875,103.796875,103.79296875,103.79296875,916.0
2025-06-05 11:16:00+00:00,103.796875,103.80078125,103.796875,103.796875,1094.0
2025-06-05 11:17:00+00:00,103.796875,103.796875,103.796875,103.796875,279.0
2025-06-05 11:18:00+00:00,103.796875,103.796875,103.796875,103.796875,496.0
2025-06-05 11:19:00+00:00,103.80078125,103.80078125,103.796875,103.796875,1216.0
2025-06-05 11:20:00+00:00,103.80078125,103.80078125,103.80078125,103.80078125,554.0
2025-06-05 11:21:00+00:00,103.796875,103.80078125,103.796875,103.796875,420.0
2025-06-05 11:22:00+00:00,103.796875,103.796875,103.796875,103.796875,46.0
2025-06-05 11:23:00+00:00,103.796875,103.80078125,103.796875,103.796875,18.0
2025-06-05 11:24:00+00:00,103.80078125,103.80078125,103.80078125,103.80078125,568.0
2025-06-05 11:25:00+00:00,103.80078125,103.80078125,103.80078125,103.80078125,872.0
2025-06-05 11:26:00+00:00,103.8046875,103.8046875,103.80078125,103.80078125,833.0
2025-06-05 11:27:00+00:00,103.80859375,103.80859375,103.8046875,103.80859375,90.0
2025-06-05 11:28:00+00:00,103.80078125,103.8046875,103.80078125,103.8046875,1834.0
2025-06-05 11:29:00+00:00,103.80078125,103.80078125,103.80078125,103.80078125,339.0
2025-06-05 11:30:00+00:00,103.796875,103.80078125,103.796875,103.80078125,1113.0
2025-06-05 11:31:00+00:00,103.796875,103.796875,103.79296875,103.79296875,616.0
2025-06-05 11:32:00+00:00,103.796875,103.80078125,103.796875,103.796875,1496.0
2025-06-05 11:33:00+00:00,103.80078125,103.80078125,103.80078125,103.80078125,354.0
2025-06-05 11:34:00+00:00,103.80078125,103.80078125,103.80078125,103.80078125,55.0
2025-06-05 11:35:00+00:00,103.80078125,103.8046875,103.80078125,103.8046875,447.0
2025-06-05 11:36:00+00:00,103.8046875,103.8046875,103.8046875,103.8046875,9.0
2025-06-05 11:37:00+00:00,103.80078125,103.8046875,103.80078125,103.8046875,167.0
2025-06-05 11:38:00+00:00,103.80078125,103.80078125,103.80078125,103.80078125,1923.0
2025-06-05 11:39:00+00:00,103.8046875,103.8046875,103.80078125,103.80078125,256.0
2025-06-05 11:40:00+00:00,103.80078125,103.8046875,103.80078125,103.8046875,378.0
2025-06-05 11:41:00+00:00,103.80078125,103.80078125,103.80078125,103.80078125,6.0
2025-06-05 11:42:00+00:00,103.80859375,103.80859375,103.80078125,103.80078125,1550.0
2025-06-05 11:43:00+00:00,103.8046875,103.80859375,103.8046875,103.80859375,20.0
2025-06-05 11:44:00+00:00,103.80859375,103.80859375,103.8046875,103.8046875,1374.0
2025-06-05 11:45:00+00:00,103.8046875,103.80859375,103.8046875,103.80859375,624.0
2025-06-05 11:46:00+00:00,103.80078125,103.8046875,103.80078125,103.8046875,484.0
2025-06-05 11:47:00+00:00,103.80078125,103.80078125,103.80078125,103.80078125,20.0
2025-06-05 11:50:00+00:00,103.80078125,103.80078125,103.80078125,103.80078125,833.0
2025-06-05 11:51:00+00:00,103.8046875,103.8046875,103.80078125,103.80078125,467.0
2025-06-05 11:55:00+00:00,103.8046875,103.8046875,103.8046875,103.8046875,309.0
2025-06-05 11:56:00+00:00,103.80078125,103.80078125,103.80078125,103.80078125,24.0
2025-06-05 11:57:00+00:00,103.80078125,103.8046875,103.80078125,103.80078125,718.0
2025-06-05 11:58:00+00:00,103.8046875,103.80859375,103.8046875,103.8046875,1199.0
2025-06-05 11:59:00+00:00,103.80859375,103.8125,103.8046875,103.8046875,1947.0
2025-06-05 12:00:00+00:00,103.80859375,103.8125,103.8046875,103.80859375,5283.0
2025-06-05 12:01:00+00:00,103.8125,103.8125,103.8046875,103.8046875,1659.0
2025-06-05 12:02:00+00:00,103.80859375,103.8125,103.80859375,103.80859375,184.0
2025-06-05 12:03:00+00:00,103.80859375,103.80859375,103.80859375,103.80859375,778.0
2025-06-05 12:04:00+00:00,103.80859375,103.8125,103.80859375,103.80859375,183.0
2025-06-05 12:05:00+00:00,103.81640625,103.81640625,103.80859375,103.80859375,4342.0
2025-06-05 12:06:00+00:00,103.8203125,103.8203125,103.81640625,103.81640625,408.0
2025-06-05 12:07:00+00:00,103.8125,103.8203125,103.8125,103.8203125,903.0
2025-06-05 12:08:00+00:00,103.8125,103.81640625,103.8125,103.8125,650.0
2025-06-05 12:09:00+00:00,103.81640625,103.81640625,103.81640625,103.81640625,195.0
2025-06-05 12:10:00+00:00,103.81640625,103.81640625,103.8125,103.81640625,651.0
2025-06-05 12:11:00+00:00,103.81640625,103.81640625,103.8125,103.8125,571.0
2025-06-05 12:12:00+00:00,103.80859375,103.81640625,103.80859375,103.8125,426.0
2025-06-05 12:13:00+00:00,103.8125,103.8125,103.80859375,103.8125,1121.0
2025-06-05 12:14:00+00:00,103.8125,103.8125,103.80859375,103.8125,1629.0
2025-06-05 12:15:00+00:00,103.81640625,103.81640625,103.8125,103.81640625,1361.0
2025-06-05 12:16:00+00:00,103.8203125,103.82421875,103.8203125,103.8203125,1968.0
2025-06-05 12:17:00+00:00,103.82421875,103.82421875,103.8203125,103.8203125,604.0
2025-06-05 12:18:00+00:00,103.8203125,103.82421875,103.8203125,103.82421875,939.0
2025-06-05 12:19:00+00:00,103.8203125,103.8203125,103.81640625,103.8203125,229.0
2025-06-05 12:20:00+00:00,103.8125,103.81640625,103.8125,103.81640625,2680.0
2025-06-05 12:21:00+00:00,103.80859375,103.8125,103.8046875,103.8125,1557.0
2025-06-05 12:22:00+00:00,103.80859375,103.8125,103.8046875,103.8046875,481.0
2025-06-05 12:23:00+00:00,103.8046875,103.80859375,103.8046875,103.80859375,124.0
2025-06-05 12:24:00+00:00,103.8046875,103.8046875,103.80078125,103.8046875,1097.0
2025-06-05 12:25:00+00:00,103.80859375,103.8125,103.8046875,103.80859375,1798.0
2025-06-05 12:26:00+00:00,103.81640625,103.81640625,103.80859375,103.80859375,639.0
2025-06-05 12:27:00+00:00,103.81640625,103.81640625,103.8125,103.81640625,224.0
2025-06-05 12:28:00+00:00,103.828125,103.828125,103.8125,103.8125,4079.0
2025-06-05 12:29:00+00:00,103.828125,103.83203125,103.82421875,103.828125,1663.0
2025-06-05 12:30:00+00:00,103.859375,103.87890625,103.828125,103.828125,20141.0
2025-06-05 12:31:00+00:00,103.8515625,103.859375,103.84765625,103.859375,4907.0
2025-06-05 12:32:00+00:00,103.8515625,103.8515625,103.83984375,103.8515625,3766.0
2025-06-05 12:33:00+00:00,103.84375,103.8515625,103.84375,103.84765625,3846.0
2025-06-05 12:34:00+00:00,103.8359375,103.84375,103.8359375,103.84375,3063.0
2025-06-05 12:35:00+00:00,103.83984375,103.84375,103.83203125,103.8359375,6661.0
2025-06-05 12:36:00+00:00,103.83984375,103.84765625,103.83984375,103.84375,2595.0
2025-06-05 12:37:00+00:00,103.84375,103.84375,103.83984375,103.83984375,917.0
2025-06-05 12:38:00+00:00,103.84375,103.8515625,103.84375,103.84375,1713.0
2025-06-05 12:39:00+00:00,103.84765625,103.84765625,103.84375,103.84375,1280.0
2025-06-05 12:40:00+00:00,103.84765625,103.8515625,103.84375,103.84765625,3192.0
2025-06-05 12:41:00+00:00,103.84765625,103.84765625,103.84375,103.84765625,1198.0
2025-06-05 12:42:00+00:00,103.859375,103.859375,103.83984375,103.84765625,10106.0
2025-06-05 12:43:00+00:00,103.859375,103.8671875,103.859375,103.859375,6713.0
2025-06-05 12:44:00+00:00,103.859375,103.86328125,103.859375,103.859375,3025.0
2025-06-05 12:45:00+00:00,103.8515625,103.859375,103.84765625,103.85546875,1103.0
2025-06-05 12:46:00+00:00,103.84375,103.8515625,103.84375,103.8515625,2491.0
2025-06-05 12:47:00+00:00,103.84375,103.84375,103.83984375,103.84375,1821.0
2025-06-05 12:48:00+00:00,103.84375,103.84765625,103.84375,103.84375,1380.0
2025-06-05 12:49:00+00:00,103.8203125,103.85546875,103.80859375,103.84375,15708.0
2025-06-05 12:50:00+00:00,103.828125,103.828125,103.80859375,103.8203125,4759.0
2025-06-05 12:51:00+00:00,103.8203125,103.83203125,103.8203125,103.828125,2276.0
2025-06-05 12:52:00+00:00,103.81640625,103.8203125,103.8125,103.8203125,729.0
2025-06-05 12:53:00+00:00,103.8203125,103.8203125,103.8125,103.81640625,1442.0
2025-06-05 12:54:00+00:00,103.828125,103.828125,103.8203125,103.8203125,1466.0
2025-06-05 12:55:00+00:00,103.82421875,103.828125,103.82421875,103.828125,1313.0
2025-06-05 12:56:00+00:00,103.81640625,103.828125,103.81640625,103.82421875,1326.0
2025-06-05 12:57:00+00:00,103.8203125,103.8203125,103.81640625,103.81640625,1072.0
2025-06-05 13:00:00+00:00,103.80859375,103.81640625,103.80859375,103.81640625,1735.0
2025-06-05 13:01:00+00:00,103.8046875,103.80859375,103.8046875,103.80859375,601.0
2025-06-05 13:02:00+00:00,103.8046875,103.8046875,103.8046875,103.8046875,1251.0
2025-06-05 13:03:00+00:00,103.8046875,103.80859375,103.80078125,103.80078125,1844.0
2025-06-05 13:04:00+00:00,103.8046875,103.8046875,103.80078125,103.8046875,975.0
2025-06-05 13:05:00+00:00,103.796875,103.8046875,103.79296875,103.8046875,1833.0
2025-06-05 13:06:00+00:00,103.80078125,103.8046875,103.796875,103.796875,777.0
2025-06-05 13:07:00+00:00,103.8046875,103.80859375,103.8046875,103.8046875,1003.0
2025-06-05 13:08:00+00:00,103.796875,103.8046875,103.796875,103.8046875,485.0
2025-06-05 13:09:00+00:00,103.796875,103.80078125,103.796875,103.796875,978.0
2025-06-05 13:10:00+00:00,103.79296875,103.796875,103.79296875,103.796875,2315.0
2025-06-05 13:11:00+00:00,103.79296875,103.796875,103.7890625,103.79296875,973.0
2025-06-05 13:12:00+00:00,103.8046875,103.8046875,103.796875,103.796875,1706.0
2025-06-05 13:13:00+00:00,103.796875,103.80078125,103.796875,103.80078125,338.0
2025-06-05 13:14:00+00:00,103.7890625,103.79296875,103.78515625,103.79296875,850.0
2025-06-05 13:15:00+00:00,103.79296875,103.79296875,103.79296875,103.79296875,501.0
2025-06-05 13:16:00+00:00,103.79296875,103.79296875,103.7890625,103.79296875,563.0
2025-06-05 13:17:00+00:00,103.78515625,103.79296875,103.78125,103.79296875,2276.0
2025-06-05 13:18:00+00:00,103.78515625,103.78515625,103.77734375,103.78515625,1870.0
2025-06-05 13:19:00+00:00,103.78125,103.78515625,103.78125,103.78125,707.0
2025-06-05 13:20:00+00:00,103.77734375,103.78515625,103.77734375,103.78125,2698.0
2025-06-05 13:21:00+00:00,103.77734375,103.78125,103.7734375,103.78125,1386.0
2025-06-05 13:22:00+00:00,103.77734375,103.77734375,103.77734375,103.77734375,1173.0
2025-06-05 13:23:00+00:00,103.77734375,103.78125,103.77734375,103.77734375,788.0
2025-06-05 13:24:00+00:00,103.77734375,103.77734375,103.77734375,103.77734375,281.0
2025-06-05 13:25:00+00:00,103.77734375,103.77734375,103.7734375,103.77734375,878.0
2025-06-05 13:26:00+00:00,103.78515625,103.78515625,103.77734375,103.77734375,4772.0
2025-06-05 13:27:00+00:00,103.78515625,103.78515625,103.78125,103.78515625,882.0
2025-06-05 13:28:00+00:00,103.78125,103.7890625,103.78125,103.78515625,529.0
2025-06-05 13:29:00+00:00,103.78125,103.78515625,103.78125,103.78125,769.0
2025-06-05 13:30:00+00:00,103.7734375,103.78125,103.7734375,103.78125,1857.0
2025-06-05 13:31:00+00:00,103.78125,103.78515625,103.77734375,103.77734375,973.0
2025-06-05 13:32:00+00:00,103.77734375,103.78515625,103.77734375,103.78515625,961.0
2025-06-05 13:33:00+00:00,103.78125,103.78125,103.78125,103.78125,1171.0
2025-06-05 13:34:00+00:00,103.78515625,103.7890625,103.78515625,103.78515625,901.0
2025-06-05 13:35:00+00:00,103.7890625,103.79296875,103.78515625,103.7890625,620.0
2025-06-05 13:39:00+00:00,103.796875,103.796875,103.7890625,103.796875,3258.0
2025-06-05 13:40:00+00:00,103.796875,103.80078125,103.79296875,103.79296875,1146.0
2025-06-05 13:42:00+00:00,103.8046875,103.8046875,103.796875,103.796875,3212.0
2025-06-05 13:43:00+00:00,103.8125,103.8125,103.8046875,103.80859375,1010.0
2025-06-05 13:44:00+00:00,103.8046875,103.8125,103.8046875,103.8125,1258.0
2025-06-05 13:45:00+00:00,103.8046875,103.80859375,103.8046875,103.8046875,1109.0
2025-06-05 13:46:00+00:00,103.8125,103.81640625,103.80859375,103.80859375,1720.0
2025-06-05 13:47:00+00:00,103.8125,103.81640625,103.80859375,103.81640625,827.0
2025-06-05 13:48:00+00:00,103.8046875,103.80859375,103.8046875,103.80859375,1305.0
2025-06-05 13:49:00+00:00,103.8046875,103.8046875,103.8046875,103.8046875,469.0
2025-06-05 13:50:00+00:00,103.80078125,103.8046875,103.796875,103.8046875,1399.0
2025-06-05 13:51:00+00:00,103.80859375,103.80859375,103.8046875,103.8046875,600.0
2025-06-05 13:52:00+00:00,103.80859375,103.80859375,103.80078125,103.8046875,1808.0
2025-06-05 13:53:00+00:00,103.80078125,103.8046875,103.80078125,103.8046875,60.0
2025-06-05 13:54:00+00:00,103.8046875,103.8046875,103.8046875,103.8046875,600.0
2025-06-05 13:55:00+00:00,103.80859375,103.80859375,103.80078125,103.80078125,596.0
2025-06-05 13:56:00+00:00,103.80859375,103.8125,103.8046875,103.80859375,692.0
2025-06-05 13:57:00+00:00,103.81640625,103.81640625,103.80859375,103.80859375,907.0
2025-06-05 13:58:00+00:00,103.81640625,103.8203125,103.81640625,103.81640625,431.0
2025-06-05 13:59:00+00:00,103.8125,103.81640625,103.80859375,103.81640625,407.0
2025-06-05 14:00:00+00:00,103.796875,103.80859375,103.796875,103.80859375,3101.0
2025-06-05 14:01:00+00:00,103.80078125,103.8046875,103.796875,103.80078125,888.0
2025-06-05 14:02:00+00:00,103.80859375,103.80859375,103.80078125,103.80078125,894.0
2025-06-05 14:03:00+00:00,103.8125,103.8125,103.8046875,103.80859375,814.0
2025-06-05 14:04:00+00:00,103.8125,103.8125,103.80859375,103.8125,474.0
2025-06-05 14:05:00+00:00,103.80078125,103.8125,103.80078125,103.80859375,350.0
2025-06-05 14:06:00+00:00,103.8046875,103.8125,103.80078125,103.8046875,6497.0
2025-06-05 14:07:00+00:00,103.796875,103.8046875,103.796875,103.8046875,1366.0
2025-06-05 14:08:00+00:00,103.80078125,103.80078125,103.796875,103.796875,838.0
2025-06-05 14:09:00+00:00,103.80078125,103.80078125,103.796875,103.80078125,2063.0
2025-06-05 14:16:00+00:00,103.8046875,103.8046875,103.80078125,103.80078125,4926.0
2025-06-05 14:17:00+00:00,103.80859375,103.8125,103.80859375,103.80859375,548.0
2025-06-05 14:18:00+00:00,103.80859375,103.8125,103.8046875,103.8125,2781.0
2025-06-05 14:19:00+00:00,103.8046875,103.8046875,103.8046875,103.8046875,445.0
2025-06-05 14:20:00+00:00,103.796875,103.8046875,103.796875,103.8046875,498.0
2025-06-05 14:21:00+00:00,103.80078125,103.80078125,103.796875,103.796875,91.0
2025-06-05 14:22:00+00:00,103.79296875,103.796875,103.79296875,103.796875,206.0
2025-06-05 14:23:00+00:00,103.7890625,103.79296875,103.78515625,103.79296875,1649.0
2025-06-05 14:24:00+00:00,103.7890625,103.7890625,103.7890625,103.7890625,481.0
2025-06-05 14:25:00+00:00,103.77734375,103.78515625,103.7734375,103.78515625,3508.0
2025-06-05 14:26:00+00:00,103.77734375,103.78125,103.7734375,103.77734375,1153.0
2025-06-05 14:27:00+00:00,103.77734375,103.77734375,103.77734375,103.77734375,265.0
2025-06-05 14:28:00+00:00,103.77734375,103.77734375,103.77734375,103.77734375,1515.0
2025-06-05 14:29:00+00:00,103.77734375,103.77734375,103.77734375,103.77734375,54.0
2025-06-05 14:30:00+00:00,103.7734375,103.7734375,103.7734375,103.7734375,1316.0
2025-06-05 14:31:00+00:00,103.76953125,103.7734375,103.765625,103.7734375,676.0
2025-06-05 14:32:00+00:00,103.76953125,103.7734375,103.765625,103.765625,1167.0
2025-06-05 14:33:00+00:00,103.76953125,103.76953125,103.765625,103.76953125,967.0
2025-06-05 14:34:00+00:00,103.765625,103.76953125,103.765625,103.76953125,748.0
2025-06-05 14:35:00+00:00,103.7734375,103.78125,103.765625,103.765625,2859.0
2025-06-05 14:36:00+00:00,103.7734375,103.77734375,103.7734375,103.77734375,2197.0
2025-06-05 14:37:00+00:00,103.76171875,103.7734375,103.7578125,103.7734375,2484.0
2025-06-05 14:38:00+00:00,103.75,103.76171875,103.75,103.76171875,3266.0
2025-06-05 14:39:00+00:00,103.7578125,103.7578125,103.75,103.75390625,4111.0
2025-06-05 14:40:00+00:00,103.765625,103.765625,103.7578125,103.7578125,2722.0
2025-06-05 14:41:00+00:00,103.75,103.765625,103.74609375,103.765625,1337.0
2025-06-05 14:42:00+00:00,103.75390625,103.75390625,103.74609375,103.74609375,3749.0
2025-06-05 14:43:00+00:00,103.7578125,103.7578125,103.75390625,103.75390625,331.0
2025-06-05 14:44:00+00:00,103.75390625,103.75390625,103.75,103.75390625,1176.0
2025-06-05 14:45:00+00:00,103.75390625,103.7578125,103.75390625,103.75390625,780.0
2025-06-05 14:46:00+00:00,103.73828125,103.75,103.73828125,103.75,2347.0
2025-06-05 14:47:00+00:00,103.73828125,103.7421875,103.734375,103.73828125,2696.0
2025-06-05 14:48:00+00:00,103.7421875,103.7421875,103.734375,103.73828125,1933.0
2025-06-05 14:51:00+00:00,103.7421875,103.74609375,103.7421875,103.7421875,4644.0
2025-06-05 14:52:00+00:00,103.75,103.75,103.7421875,103.7421875,1696.0
2025-06-05 14:53:00+00:00,103.74609375,103.75,103.74609375,103.75,1375.0
2025-06-05 14:54:00+00:00,103.7421875,103.74609375,103.73828125,103.74609375,940.0
2025-06-05 14:55:00+00:00,103.734375,103.73828125,103.734375,103.73828125,1269.0
2025-06-05 14:56:00+00:00,103.73046875,103.734375,103.7265625,103.734375,2317.0
2025-06-05 14:57:00+00:00,103.73046875,103.734375,103.7265625,103.73046875,1121.0
2025-06-05 14:58:00+00:00,103.734375,103.73828125,103.73046875,103.734375,1612.0
2025-06-05 14:59:00+00:00,103.734375,103.734375,103.734375,103.734375,931.0
2025-06-05 15:00:00+00:00,103.73046875,103.73828125,103.7265625,103.73828125,848.0
2025-06-05 15:01:00+00:00,103.7265625,103.73046875,103.72265625,103.73046875,1040.0
2025-06-05 15:02:00+00:00,103.7265625,103.73046875,103.72265625,103.73046875,1330.0
2025-06-05 15:03:00+00:00,103.72265625,103.7265625,103.72265625,103.72265625,300.0
2025-06-05 15:04:00+00:00,103.72265625,103.72265625,103.72265625,103.72265625,677.0
2025-06-05 15:05:00+00:00,103.72265625,103.72265625,103.72265625,103.72265625,727.0
2025-06-05 15:06:00+00:00,103.7265625,103.7265625,103.71875,103.72265625,2275.0
2025-06-05 15:07:00+00:00,103.72265625,103.73046875,103.72265625,103.7265625,1429.0
2025-06-05 15:08:00+00:00,103.7265625,103.7265625,103.72265625,103.7265625,602.0
2025-06-05 15:09:00+00:00,103.7265625,103.7265625,103.72265625,103.7265625,279.0
2025-06-05 15:10:00+00:00,103.73046875,103.73046875,103.7265625,103.7265625,914.0
2025-06-05 15:12:00+00:00,103.73046875,103.73046875,103.7265625,103.7265625,207.0
2025-06-05 15:13:00+00:00,103.73046875,103.73046875,103.7265625,103.73046875,517.0
2025-06-05 15:14:00+00:00,103.72265625,103.7265625,103.71875,103.7265625,2553.0
2025-06-05 15:15:00+00:00,103.72265625,103.72265625,103.72265625,103.72265625,214.0
2025-06-05 15:16:00+00:00,103.71875,103.71875,103.71875,103.71875,257.0
2025-06-05 15:17:00+00:00,103.71875,103.72265625,103.71875,103.72265625,1295.0
2025-06-05 15:18:00+00:00,103.7265625,103.7265625,103.71875,103.71875,855.0
2025-06-05 15:19:00+00:00,103.7265625,103.7265625,103.7265625,103.7265625,529.0
2025-06-05 15:20:00+00:00,103.73046875,103.73046875,103.7265625,103.7265625,423.0
2025-06-05 15:21:00+00:00,103.7265625,103.7265625,103.72265625,103.7265625,676.0
2025-06-05 15:22:00+00:00,103.73046875,103.73046875,103.72265625,103.72265625,1139.0
2025-06-05 15:23:00+00:00,103.7265625,103.7265625,103.7265625,103.7265625,627.0
2025-06-05 15:26:00+00:00,103.7265625,103.73046875,103.7265625,103.7265625,1867.0
2025-06-05 15:27:00+00:00,103.73046875,103.73046875,103.7265625,103.7265625,284.0
2025-06-05 15:28:00+00:00,103.73046875,103.73046875,103.7265625,103.7265625,930.0
2025-06-05 15:29:00+00:00,103.72265625,103.7265625,103.72265625,103.7265625,531.0
2025-06-05 15:30:00+00:00,103.72265625,103.7265625,103.72265625,103.72265625,477.0
2025-06-05 15:32:00+00:00,103.72265625,103.72265625,103.71875,103.71875,605.0
2025-06-05 15:33:00+00:00,103.71484375,103.71875,103.71484375,103.71875,262.0
2025-06-05 15:34:00+00:00,103.71484375,103.71484375,103.7109375,103.71484375,1123.0
2025-06-05 15:35:00+00:00,103.71875,103.71875,103.71484375,103.71484375,8.0
2025-06-05 15:36:00+00:00,103.71484375,103.71875,103.71484375,103.71484375,6.0
2025-06-05 15:37:00+00:00,103.71484375,103.71875,103.71484375,103.71875,74.0
2025-06-05 15:38:00+00:00,103.71875,103.71875,103.71484375,103.71484375,5.0
2025-06-05 15:39:00+00:00,103.71484375,103.71875,103.71484375,103.71875,4863.0
2025-06-05 15:40:00+00:00,103.7109375,103.71484375,103.7109375,103.71484375,803.0
2025-06-05 15:41:00+00:00,103.7109375,103.7109375,103.7109375,103.7109375,81.0
2025-06-05 15:42:00+00:00,103.70703125,103.7109375,103.70703125,103.7109375,564.0
2025-06-05 15:43:00+00:00,103.71875,103.71875,103.7109375,103.7109375,3560.0
2025-06-05 15:44:00+00:00,103.71484375,103.71484375,103.71484375,103.71484375,726.0
2025-06-05 15:45:00+00:00,103.7109375,103.71484375,103.7109375,103.71484375,628.0
2025-06-05 15:46:00+00:00,103.71484375,103.71484375,103.7109375,103.71484375,228.0
2025-06-05 15:47:00+00:00,103.7109375,103.7109375,103.7109375,103.7109375,581.0
2025-06-05 15:48:00+00:00,103.70703125,103.70703125,103.70703125,103.70703125,652.0
2025-06-05 15:49:00+00:00,103.70703125,103.7109375,103.70703125,103.7109375,3.0
2025-06-05 15:50:00+00:00,103.703125,103.70703125,103.703125,103.70703125,788.0
2025-06-05 15:51:00+00:00,103.70703125,103.70703125,103.703125,103.70703125,1623.0
2025-06-05 15:52:00+00:00,103.70703125,103.70703125,103.70703125,103.70703125,311.0
2025-06-05 15:53:00+00:00,103.70703125,103.70703125,103.703125,103.703125,28.0
2025-06-05 15:54:00+00:00,103.7109375,103.7109375,103.703125,103.70703125,4465.0
2025-06-05 15:55:00+00:00,103.7109375,103.7109375,103.7109375,103.7109375,1743.0
2025-06-05 15:56:00+00:00,103.70703125,103.7109375,103.70703125,103.7109375,1707.0
2025-06-05 15:58:00+00:00,103.7109375,103.7109375,103.70703125,103.70703125,3599.0
2025-06-05 15:59:00+00:00,103.7109375,103.71484375,103.7109375,103.71484375,538.0
2025-06-05 16:00:00+00:00,103.7109375,103.7109375,103.7109375,103.7109375,1417.0
2025-06-05 16:01:00+00:00,103.7109375,103.7109375,103.7109375,103.7109375,649.0
2025-06-05 16:02:00+00:00,103.71484375,103.71484375,103.70703125,103.70703125,294.0
2025-06-05 16:03:00+00:00,103.7109375,103.71484375,103.7109375,103.71484375,457.0
2025-06-05 16:07:00+00:00,103.71484375,103.71484375,103.71484375,103.71484375,3097.0
2025-06-05 16:08:00+00:00,103.71484375,103.71875,103.71484375,103.71875,119.0
2025-06-05 16:09:00+00:00,103.71875,103.71875,103.71484375,103.71484375,157.0
2025-06-05 16:10:00+00:00,103.71875,103.72265625,103.71875,103.71875,1842.0
2025-06-05 16:11:00+00:00,103.71875,103.72265625,103.71875,103.71875,134.0
2025-06-05 16:12:00+00:00,103.72265625,103.72265625,103.71875,103.72265625,2494.0
2025-06-05 16:13:00+00:00,103.72265625,103.72265625,103.72265625,103.72265625,68.0
2025-06-05 16:14:00+00:00,103.72265625,103.72265625,103.71875,103.71875,4046.0
2025-06-05 16:15:00+00:00,103.72265625,103.7265625,103.72265625,103.7265625,4194.0
2025-06-05 16:16:00+00:00,103.72265625,103.72265625,103.71875,103.72265625,2011.0
2025-06-05 16:17:00+00:00,103.7265625,103.7265625,103.7265625,103.7265625,833.0
2025-06-05 16:18:00+00:00,103.72265625,103.7265625,103.72265625,103.72265625,857.0
2025-06-05 16:19:00+00:00,103.7265625,103.7265625,103.72265625,103.72265625,676.0
2025-06-05 16:20:00+00:00,103.71875,103.72265625,103.71875,103.72265625,1815.0
2025-06-05 16:22:00+00:00,103.7265625,103.7265625,103.72265625,103.72265625,1836.0
2025-06-05 16:23:00+00:00,103.72265625,103.7265625,103.72265625,103.7265625,928.0
2025-06-05 16:25:00+00:00,103.71484375,103.71875,103.71484375,103.71875,284.0
2025-06-05 16:26:00+00:00,103.71875,103.71875,103.71875,103.71875,663.0
2025-06-05 16:27:00+00:00,103.71875,103.71875,103.71875,103.71875,472.0
2025-06-05 16:28:00+00:00,103.72265625,103.72265625,103.72265625,103.72265625,1113.0
2025-06-05 16:29:00+00:00,103.72265625,103.72265625,103.72265625,103.72265625,70.0
2025-06-05 16:30:00+00:00,103.72265625,103.72265625,103.72265625,103.72265625,298.0
2025-06-05 16:31:00+00:00,103.71875,103.71875,103.71875,103.71875,407.0
2025-06-05 16:32:00+00:00,103.71875,103.71875,103.71875,103.71875,14.0
2025-06-05 16:33:00+00:00,103.71875,103.72265625,103.71875,103.72265625,18.0
2025-06-05 16:34:00+00:00,103.72265625,103.72265625,103.72265625,103.72265625,492.0
2025-06-05 16:36:00+00:00,103.71875,103.72265625,103.71875,103.72265625,322.0
2025-06-05 16:37:00+00:00,103.71484375,103.71875,103.71484375,103.71875,400.0
2025-06-05 16:38:00+00:00,103.71875,103.71875,103.71875,103.71875,838.0
2025-06-05 16:39:00+00:00,103.71484375,103.71875,103.71484375,103.71875,258.0
2025-06-05 16:40:00+00:00,103.71484375,103.71484375,103.71484375,103.71484375,1187.0
2025-06-05 16:42:00+00:00,103.71875,103.71875,103.71875,103.71875,232.0
2025-06-05 16:43:00+00:00,103.71875,103.71875,103.71484375,103.71484375,1217.0
2025-06-05 16:44:00+00:00,103.71875,103.72265625,103.71875,103.71875,125.0
2025-06-05 16:45:00+00:00,103.72265625,103.72265625,103.72265625,103.72265625,795.0
2025-06-05 16:46:00+00:00,103.72265625,103.7265625,103.72265625,103.7265625,1677.0
2025-06-05 16:47:00+00:00,103.7265625,103.73046875,103.7265625,103.7265625,1578.0
2025-06-05 16:48:00+00:00,103.73046875,103.73046875,103.7265625,103.73046875,570.0
2025-06-05 16:49:00+00:00,103.73046875,103.73046875,103.7265625,103.73046875,237.0
2025-06-05 16:50:00+00:00,103.7265625,103.73046875,103.7265625,103.73046875,417.0
2025-06-05 16:51:00+00:00,103.7265625,103.7265625,103.7265625,103.7265625,445.0
2025-06-05 16:52:00+00:00,103.73046875,103.734375,103.7265625,103.7265625,281.0
2025-06-05 16:53:00+00:00,103.7265625,103.734375,103.7265625,103.73046875,716.0
2025-06-05 16:55:00+00:00,103.7265625,103.7265625,103.7265625,103.7265625,3275.0
2025-06-05 16:56:00+00:00,103.73046875,103.73046875,103.7265625,103.73046875,256.0
2025-06-05 16:57:00+00:00,103.73046875,103.73046875,103.7265625,103.73046875,421.0
2025-06-05 16:58:00+00:00,103.73046875,103.73046875,103.7265625,103.73046875,209.0
2025-06-05 16:59:00+00:00,103.72265625,103.73046875,103.71875,103.7265625,1937.0
2025-06-05 17:00:00+00:00,103.7265625,103.7265625,103.72265625,103.7265625,624.0
2025-06-05 17:01:00+00:00,103.71875,103.7265625,103.71875,103.72265625,337.0
2025-06-05 17:02:00+00:00,103.71875,103.72265625,103.71875,103.72265625,568.0
2025-06-05 17:03:00+00:00,103.71875,103.71875,103.71484375,103.71875,536.0
2025-06-05 17:04:00+00:00,103.71484375,103.71875,103.71484375,103.71484375,1179.0
2025-06-05 17:05:00+00:00,103.71484375,103.71484375,103.7109375,103.71484375,693.0
2025-06-05 17:06:00+00:00,103.71484375,103.71484375,103.70703125,103.71484375,1000.0
2025-06-05 17:07:00+00:00,103.71484375,103.71484375,103.7109375,103.7109375,796.0
2025-06-05 17:08:00+00:00,103.7109375,103.71484375,103.7109375,103.71484375,233.0
2025-06-05 17:09:00+00:00,103.7109375,103.7109375,103.70703125,103.7109375,603.0
2025-06-05 17:10:00+00:00,103.7109375,103.71484375,103.70703125,103.7109375,1874.0
2025-06-05 17:11:00+00:00,103.70703125,103.7109375,103.703125,103.7109375,3479.0
2025-06-05 17:12:00+00:00,103.69921875,103.70703125,103.6953125,103.70703125,1519.0
2025-06-05 17:13:00+00:00,103.68359375,103.6953125,103.68359375,103.6953125,4125.0
2025-06-05 17:14:00+00:00,103.6875,103.6875,103.68359375,103.68359375,1940.0
2025-06-05 17:15:00+00:00,103.69140625,103.69140625,103.6875,103.6875,396.0
2025-06-05 17:16:00+00:00,103.69140625,103.69140625,103.69140625,103.69140625,446.0
2025-06-05 17:17:00+00:00,103.6953125,103.6953125,103.69140625,103.69140625,2318.0
2025-06-05 17:18:00+00:00,103.69921875,103.69921875,103.69921875,103.69921875,129.0
2025-06-05 17:19:00+00:00,103.6953125,103.69921875,103.6953125,103.69921875,1472.0
2025-06-05 17:20:00+00:00,103.69140625,103.69140625,103.6875,103.69140625,2749.0
2025-06-05 17:21:00+00:00,103.69140625,103.69140625,103.69140625,103.69140625,974.0
2025-06-05 17:22:00+00:00,103.69140625,103.6953125,103.69140625,103.69140625,1048.0
2025-06-05 17:23:00+00:00,103.68359375,103.6875,103.68359375,103.6875,2550.0
2025-06-05 17:24:00+00:00,103.6875,103.69140625,103.68359375,103.68359375,4117.0
2025-06-05 17:25:00+00:00,103.6875,103.6875,103.68359375,103.68359375,256.0
2025-06-05 17:26:00+00:00,103.6875,103.6875,103.6875,103.6875,455.0
2025-06-05 17:27:00+00:00,103.6875,103.6875,103.6875,103.6875,940.0
2025-06-05 17:28:00+00:00,103.6875,103.6875,103.68359375,103.6875,98.0
2025-06-05 17:29:00+00:00,103.68359375,103.68359375,103.68359375,103.68359375,1.0
2025-06-05 17:30:00+00:00,103.68359375,103.6875,103.68359375,103.6875,1404.0
2025-06-05 17:31:00+00:00,103.6796875,103.68359375,103.6796875,103.6796875,589.0
2025-06-05 17:32:00+00:00,103.6796875,103.6796875,103.67578125,103.6796875,1273.0
2025-06-05 17:33:00+00:00,103.67578125,103.6796875,103.67578125,103.67578125,111.0
2025-06-05 17:34:00+00:00,103.67578125,103.6796875,103.67578125,103.67578125,712.0
2025-06-05 17:35:00+00:00,103.67578125,103.67578125,103.67578125,103.67578125,2266.0
2025-06-05 17:36:00+00:00,103.67578125,103.6796875,103.67578125,103.67578125,1199.0
2025-06-05 17:37:00+00:00,103.67578125,103.6796875,103.67578125,103.67578125,608.0
2025-06-05 17:38:00+00:00,103.67578125,103.6796875,103.67578125,103.67578125,528.0
2025-06-05 17:39:00+00:00,103.67578125,103.67578125,103.67578125,103.67578125,851.0
2025-06-05 17:40:00+00:00,103.67578125,103.6796875,103.67578125,103.67578125,382.0
2025-06-05 17:41:00+00:00,103.67578125,103.6796875,103.67578125,103.67578125,79.0
2025-06-05 17:42:00+00:00,103.6796875,103.6796875,103.67578125,103.67578125,807.0
2025-06-05 17:43:00+00:00,103.68359375,103.68359375,103.6796875,103.6796875,223.0
2025-06-05 17:44:00+00:00,103.6796875,103.68359375,103.6796875,103.6796875,69.0
2025-06-05 17:45:00+00:00,103.68359375,103.68359375,103.6796875,103.6796875,1912.0
2025-06-05 17:46:00+00:00,103.68359375,103.68359375,103.6796875,103.6796875,739.0
2025-06-05 17:47:00+00:00,103.68359375,103.68359375,103.6796875,103.6796875,456.0
2025-06-05 17:48:00+00:00,103.6796875,103.68359375,103.6796875,103.68359375,8.0
2025-06-05 17:49:00+00:00,103.6796875,103.6796875,103.6796875,103.6796875,42.0
2025-06-05 17:50:00+00:00,103.67578125,103.6796875,103.67578125,103.6796875,264.0
2025-06-05 17:54:00+00:00,103.6796875,103.6796875,103.67578125,103.67578125,1008.0
2025-06-05 17:55:00+00:00,103.67578125,103.67578125,103.67578125,103.67578125,1147.0
2025-06-05 17:56:00+00:00,103.67578125,103.67578125,103.67578125,103.67578125,32.0
2025-06-05 17:57:00+00:00,103.6796875,103.6796875,103.67578125,103.67578125,450.0
2025-06-05 17:58:00+00:00,103.6796875,103.68359375,103.6796875,103.68359375,241.0
2025-06-05 17:59:00+00:00,103.6796875,103.6796875,103.67578125,103.6796875,411.0
2025-06-05 18:00:00+00:00,103.6796875,103.6796875,103.67578125,103.6796875,110.0
2025-06-05 18:01:00+00:00,103.6796875,103.6796875,103.67578125,103.6796875,1209.0
2025-06-05 18:02:00+00:00,103.6796875,103.68359375,103.6796875,103.68359375,3.0
2025-06-05 18:03:00+00:00,103.6796875,103.68359375,103.6796875,103.68359375,109.0
2025-06-05 18:04:00+00:00,103.6796875,103.68359375,103.67578125,103.6796875,536.0
2025-06-05 18:05:00+00:00,103.68359375,103.68359375,103.6796875,103.6796875,351.0
2025-06-05 18:06:00+00:00,103.68359375,103.68359375,103.6796875,103.68359375,780.0
2025-06-05 18:08:00+00:00,103.68359375,103.68359375,103.6796875,103.68359375,966.0
2025-06-05 18:09:00+00:00,103.68359375,103.68359375,103.6796875,103.68359375,226.0
2025-06-05 18:10:00+00:00,103.68359375,103.68359375,103.6796875,103.6796875,155.0
2025-06-05 18:11:00+00:00,103.6796875,103.6796875,103.6796875,103.6796875,9.0
2025-06-05 18:12:00+00:00,103.6796875,103.68359375,103.6796875,103.6796875,223.0
2025-06-05 18:13:00+00:00,103.6796875,103.6796875,103.6796875,103.6796875,6.0
2025-06-05 18:14:00+00:00,103.6796875,103.6796875,103.6796875,103.6796875,157.0
2025-06-05 18:15:00+00:00,103.68359375,103.68359375,103.6796875,103.6796875,634.0
2025-06-05 18:16:00+00:00,103.68359375,103.68359375,103.6796875,103.6796875,992.0
2025-06-05 18:17:00+00:00,103.6875,103.6875,103.68359375,103.6875,323.0
2025-06-05 18:18:00+00:00,103.68359375,103.68359375,103.68359375,103.68359375,283.0
2025-06-05 18:20:00+00:00,103.68359375,103.68359375,103.6796875,103.6796875,361.0
2025-06-05 18:21:00+00:00,103.6796875,103.68359375,103.6796875,103.6796875,504.0
2025-06-05 18:22:00+00:00,103.68359375,103.68359375,103.6796875,103.6796875,590.0
2025-06-05 18:23:00+00:00,103.6796875,103.68359375,103.6796875,103.68359375,234.0
2025-06-05 18:24:00+00:00,103.6796875,103.6796875,103.6796875,103.6796875,17.0
2025-06-05 18:25:00+00:00,103.6796875,103.6796875,103.6796875,103.6796875,118.0
2025-06-05 18:26:00+00:00,103.6796875,103.6796875,103.6796875,103.6796875,63.0
2025-06-05 18:27:00+00:00,103.6796875,103.6796875,103.6796875,103.6796875,136.0
2025-06-05 18:28:00+00:00,103.68359375,103.68359375,103.6796875,103.6796875,4.0
2025-06-05 18:29:00+00:00,103.6796875,103.68359375,103.6796875,103.6796875,664.0
2025-06-05 18:30:00+00:00,103.6796875,103.68359375,103.67578125,103.68359375,1094.0
2025-06-05 18:31:00+00:00,103.67578125,103.67578125,103.67578125,103.67578125,1150.0
2025-06-05 18:32:00+00:00,103.6796875,103.6796875,103.67578125,103.67578125,6.0
2025-06-05 18:33:00+00:00,103.67578125,103.6796875,103.67578125,103.6796875,13.0
2025-06-05 18:36:00+00:00,103.671875,103.671875,103.671875,103.671875,3265.0
2025-06-05 18:37:00+00:00,103.67578125,103.6796875,103.671875,103.671875,1837.0
2025-06-05 18:38:00+00:00,103.67578125,103.67578125,103.671875,103.67578125,1512.0
2025-06-05 18:39:00+00:00,103.671875,103.67578125,103.671875,103.67578125,207.0
2025-06-05 18:40:00+00:00,103.6796875,103.6796875,103.67578125,103.67578125,1227.0
2025-06-05 18:41:00+00:00,103.6796875,103.6796875,103.67578125,103.67578125,1082.0
2025-06-05 18:42:00+00:00,103.6796875,103.6796875,103.67578125,103.67578125,70.0
2025-06-05 18:43:00+00:00,103.6796875,103.6796875,103.6796875,103.6796875,87.0
2025-06-05 18:44:00+00:00,103.6796875,103.68359375,103.6796875,103.6796875,626.0
2025-06-05 18:45:00+00:00,103.6796875,103.68359375,103.6796875,103.6796875,781.0
2025-06-05 18:46:00+00:00,103.67578125,103.6796875,103.67578125,103.6796875,558.0
2025-06-05 18:47:00+00:00,103.6796875,103.6796875,103.67578125,103.6796875,385.0
2025-06-05 18:49:00+00:00,103.68359375,103.68359375,103.68359375,103.68359375,8.0
2025-06-05 18:50:00+00:00,103.6796875,103.68359375,103.6796875,103.68359375,140.0
2025-06-05 18:51:00+00:00,103.6796875,103.6796875,103.6796875,103.6796875,221.0
2025-06-05 18:52:00+00:00,103.6875,103.6875,103.68359375,103.68359375,1013.0
2025-06-05 18:53:00+00:00,103.68359375,103.68359375,103.68359375,103.68359375,2.0
2025-06-05 18:54:00+00:00,103.69140625,103.69140625,103.6875,103.6875,512.0
2025-06-05 18:55:00+00:00,103.6796875,103.6875,103.6796875,103.6875,1083.0
2025-06-05 18:56:00+00:00,103.68359375,103.68359375,103.67578125,103.6796875,1071.0
2025-06-05 18:57:00+00:00,103.68359375,103.68359375,103.6796875,103.6796875,62.0
2025-06-05 18:58:00+00:00,103.6796875,103.68359375,103.6796875,103.6796875,120.0
2025-06-05 18:59:00+00:00,103.68359375,103.6875,103.6796875,103.6796875,4065.0
2025-06-05 19:00:00+00:00,103.6796875,103.6875,103.6796875,103.68359375,983.0
2025-06-05 19:01:00+00:00,103.6796875,103.68359375,103.67578125,103.6796875,935.0
2025-06-05 19:02:00+00:00,103.68359375,103.68359375,103.67578125,103.6796875,389.0
2025-06-05 19:03:00+00:00,103.68359375,103.68359375,103.6796875,103.6796875,116.0
2025-06-05 19:04:00+00:00,103.6875,103.6875,103.6796875,103.68359375,782.0
2025-06-05 19:05:00+00:00,103.6796875,103.68359375,103.6796875,103.68359375,501.0
2025-06-05 19:06:00+00:00,103.68359375,103.68359375,103.6796875,103.6796875,1430.0
2025-06-05 19:07:00+00:00,103.6796875,103.68359375,103.6796875,103.6796875,134.0
2025-06-05 19:08:00+00:00,103.6796875,103.68359375,103.67578125,103.6796875,1456.0
2025-06-05 19:09:00+00:00,103.6796875,103.6796875,103.67578125,103.6796875,224.0
2025-06-05 19:10:00+00:00,103.6796875,103.6796875,103.6796875,103.6796875,332.0
2025-06-05 19:11:00+00:00,103.68359375,103.68359375,103.6796875,103.6796875,982.0
2025-06-05 19:12:00+00:00,103.6796875,103.6796875,103.67578125,103.6796875,804.0
2025-06-05 19:13:00+00:00,103.6796875,103.6796875,103.6796875,103.6796875,529.0
2025-06-05 19:14:00+00:00,103.68359375,103.68359375,103.6796875,103.6796875,366.0
2025-06-05 19:15:00+00:00,103.6796875,103.6796875,103.67578125,103.6796875,1549.0
2025-06-05 19:16:00+00:00,103.6796875,103.6796875,103.67578125,103.6796875,609.0
2025-06-05 19:17:00+00:00,103.6796875,103.68359375,103.6796875,103.6796875,2190.0
2025-06-05 19:18:00+00:00,103.6796875,103.68359375,103.6796875,103.68359375,18.0
2025-06-05 19:19:00+00:00,103.68359375,103.6875,103.6796875,103.68359375,1429.0
2025-06-05 19:20:00+00:00,103.68359375,103.6875,103.6796875,103.6796875,1161.0
2025-06-05 19:21:00+00:00,103.68359375,103.6875,103.6796875,103.68359375,3216.0
2025-06-05 19:22:00+00:00,103.68359375,103.6875,103.68359375,103.6875,362.0
2025-06-05 19:23:00+00:00,103.6796875,103.68359375,103.6796875,103.68359375,2303.0
2025-06-05 19:24:00+00:00,103.68359375,103.68359375,103.6796875,103.6796875,1580.0
2025-06-05 19:26:00+00:00,103.67578125,103.67578125,103.67578125,103.67578125,0.0
2025-06-05 19:27:00+00:00,103.67578125,103.67578125,103.671875,103.67578125,685875.0
2025-06-05 19:28:00+00:00,103.67578125,103.6796875,103.671875,103.67578125,2100.0
2025-06-05 19:29:00+00:00,103.67578125,103.67578125,103.671875,103.67578125,1174.0
2025-06-05 19:30:00+00:00,103.671875,103.671875,103.671875,103.671875,1042.0
2025-06-05 19:31:00+00:00,103.671875,103.671875,103.671875,103.671875,229.0
2025-06-05 19:32:00+00:00,103.66796875,103.671875,103.66796875,103.66796875,449.0
2025-06-05 19:33:00+00:00,103.671875,103.671875,103.66796875,103.66796875,627.0
2025-06-05 19:34:00+00:00,103.671875,103.671875,103.671875,103.671875,928.0
2025-06-05 19:35:00+00:00,103.66796875,103.671875,103.66796875,103.671875,1401.0
2025-06-05 19:36:00+00:00,103.66796875,103.671875,103.66796875,103.66796875,830.0
2025-06-05 19:37:00+00:00,103.6640625,103.66796875,103.6640625,103.66796875,216.0
2025-06-05 19:38:00+00:00,103.6640625,103.6640625,103.6640625,103.6640625,2796.0
2025-06-05 19:39:00+00:00,103.6640625,103.6640625,103.6640625,103.6640625,1259.0
2025-06-05 19:40:00+00:00,103.671875,103.671875,103.6640625,103.6640625,306.0
2025-06-05 19:41:00+00:00,103.66796875,103.671875,103.66796875,103.671875,502.0
2025-06-05 19:42:00+00:00,103.66796875,103.671875,103.66796875,103.671875,126.0
2025-06-05 19:44:00+00:00,103.67578125,103.67578125,103.671875,103.671875,2918.0
2025-06-05 19:45:00+00:00,103.671875,103.67578125,103.66796875,103.67578125,1554.0
2025-06-05 19:47:00+00:00,103.67578125,103.6796875,103.671875,103.67578125,4204.0
2025-06-05 19:48:00+00:00,103.67578125,103.6796875,103.67578125,103.67578125,31.0
2025-06-05 19:49:00+00:00,103.671875,103.6796875,103.671875,103.67578125,1365.0
2025-06-05 19:50:00+00:00,103.671875,103.67578125,103.671875,103.67578125,3786.0
2025-06-05 19:51:00+00:00,103.671875,103.67578125,103.671875,103.671875,685.0
2025-06-05 19:54:00+00:00,103.67578125,103.6796875,103.67578125,103.6796875,1472.0
2025-06-05 19:55:00+00:00,103.6796875,103.6796875,103.67578125,103.6796875,206.0
2025-06-05 19:56:00+00:00,103.68359375,103.68359375,103.67578125,103.67578125,1641.0
2025-06-05 19:57:00+00:00,103.6875,103.6875,103.6796875,103.68359375,86.0
2025-06-05 19:58:00+00:00,103.68359375,103.6875,103.68359375,103.68359375,1020.0
2025-06-05 19:59:00+00:00,103.6796875,103.6875,103.67578125,103.68359375,2424.0
2025-06-05 20:00:00+00:00,103.671875,103.6796875,103.66796875,103.67578125,1760.0
2025-06-05 20:01:00+00:00,103.66796875,103.671875,103.66796875,103.671875,1166.0
2025-06-05 20:02:00+00:00,103.67578125,103.67578125,103.671875,103.671875,1064.0
2025-06-05 20:03:00+00:00,103.671875,103.67578125,103.671875,103.67578125,2189.0
2025-06-05 20:04:00+00:00,103.671875,103.671875,103.66796875,103.671875,943.0
2025-06-05 20:05:00+00:00,103.671875,103.671875,103.671875,103.671875,489.0
2025-06-05 20:06:00+00:00,103.671875,103.671875,103.671875,103.671875,467.0
2025-06-05 20:07:00+00:00,103.671875,103.67578125,103.671875,103.671875,1218.0
2025-06-05 20:08:00+00:00,103.671875,103.671875,103.66796875,103.671875,2039.0
2025-06-05 20:09:00+00:00,103.66796875,103.671875,103.66796875,103.671875,1128.0
2025-06-05 20:10:00+00:00,103.671875,103.671875,103.671875,103.671875,182.0
2025-06-05 20:11:00+00:00,103.671875,103.671875,103.671875,103.671875,164.0
2025-06-05 20:12:00+00:00,103.671875,103.671875,103.671875,103.671875,984.0
2025-06-05 20:13:00+00:00,103.6796875,103.6796875,103.671875,103.671875,41.0
2025-06-05 20:15:00+00:00,103.67578125,103.68359375,103.67578125,103.6796875,1652.0
2025-06-05 20:16:00+00:00,103.67578125,103.67578125,103.67578125,103.67578125,387.0
2025-06-05 20:17:00+00:00,103.67578125,103.67578125,103.671875,103.67578125,197.0
2025-06-05 20:18:00+00:00,103.67578125,103.6796875,103.671875,103.6796875,6310.0
2025-06-05 20:19:00+00:00,103.67578125,103.67578125,103.67578125,103.67578125,2309.0
2025-06-05 20:20:00+00:00,103.6796875,103.6796875,103.6796875,103.6796875,2889.0
2025-06-05 20:21:00+00:00,103.6796875,103.6796875,103.6796875,103.6796875,1514.0
2025-06-05 20:22:00+00:00,103.6796875,103.6796875,103.6796875,103.6796875,292.0
2025-06-05 20:23:00+00:00,103.68359375,103.68359375,103.68359375,103.68359375,1227.0
2025-06-05 20:24:00+00:00,103.68359375,103.68359375,103.68359375,103.68359375,528.0
2025-06-05 20:25:00+00:00,103.68359375,103.68359375,103.68359375,103.68359375,335.0
2025-06-05 20:27:00+00:00,103.68359375,103.6875,103.68359375,103.6875,43.0
2025-06-05 20:28:00+00:00,103.6796875,103.68359375,103.6796875,103.68359375,632.0
2025-06-05 20:29:00+00:00,103.6796875,103.6796875,103.6796875,103.6796875,45.0
2025-06-05 20:30:00+00:00,103.68359375,103.6875,103.68359375,103.68359375,772.0
2025-06-05 20:31:00+00:00,103.68359375,103.68359375,103.6796875,103.6796875,411.0
2025-06-05 20:32:00+00:00,103.68359375,103.68359375,103.68359375,103.68359375,828.0
2025-06-05 20:33:00+00:00,103.69140625,103.69140625,103.6875,103.6875,1050.0
2025-06-05 20:34:00+00:00,103.69140625,103.69140625,103.6875,103.69140625,258.0
2025-06-05 20:35:00+00:00,103.6875,103.6875,103.6875,103.6875,48.0
2025-06-05 20:36:00+00:00,103.6875,103.6875,103.6875,103.6875,11.0
2025-06-05 20:37:00+00:00,103.6875,103.69140625,103.6875,103.6875,136.0
2025-06-05 20:39:00+00:00,103.6875,103.69140625,103.6875,103.6875,80.0
2025-06-05 20:40:00+00:00,103.69140625,103.69140625,103.6875,103.6875,17.0
2025-06-05 20:41:00+00:00,103.6875,103.69140625,103.6875,103.6875,47.0
2025-06-05 20:42:00+00:00,103.69140625,103.69140625,103.6875,103.69140625,117.0
2025-06-05 20:43:00+00:00,103.69140625,103.69140625,103.6875,103.69140625,396.0
2025-06-05 20:44:00+00:00,103.69140625,103.6953125,103.69140625,103.6953125,370.0
2025-06-05 20:47:00+00:00,103.6875,103.69140625,103.6875,103.69140625,1028.0
2025-06-05 20:48:00+00:00,103.6875,103.6875,103.6875,103.6875,33.0
2025-06-05 20:49:00+00:00,103.69140625,103.69140625,103.6875,103.6875,328.0
2025-06-05 20:50:00+00:00,103.6875,103.69140625,103.6875,103.69140625,77.0
2025-06-05 20:51:00+00:00,103.69140625,103.69140625,103.69140625,103.69140625,951.0
2025-06-05 20:52:00+00:00,103.69140625,103.69140625,103.69140625,103.69140625,304.0
2025-06-05 20:53:00+00:00,103.6875,103.69140625,103.6875,103.69140625,41.0
2025-06-05 20:54:00+00:00,103.69140625,103.69140625,103.6875,103.69140625,176.0
2025-06-05 20:55:00+00:00,103.6875,103.69140625,103.6875,103.69140625,7.0
2025-06-05 20:56:00+00:00,103.6875,103.6875,103.6875,103.6875,3.0
2025-06-05 20:57:00+00:00,103.6875,103.69140625,103.6875,103.6875,390.0
2025-06-05 20:58:00+00:00,103.69140625,103.69140625,103.6875,103.6875,271.0
2025-06-05 20:59:00+00:00,103.69140625,103.69140625,103.6875,103.6875,508.0
2025-06-05 21:00:00+00:00,103.69140625,103.69140625,103.69140625,103.69140625,0.0
2025-06-05 22:00:00+00:00,103.69140625,103.69140625,103.6875,103.6875,183.0
2025-06-05 22:01:00+00:00,103.6875,103.69140625,103.6875,103.69140625,106.0
2025-06-05 22:02:00+00:00,103.69140625,103.69140625,103.69140625,103.69140625,315.0
2025-06-05 22:04:00+00:00,103.69140625,103.69140625,103.69140625,103.69140625,6.0
2025-06-05 22:08:00+00:00,103.6953125,103.6953125,103.69140625,103.69140625,5.0
2025-06-05 22:11:00+00:00,103.6953125,103.6953125,103.6953125,103.6953125,519.0
2025-06-05 22:12:00+00:00,103.6953125,103.6953125,103.6953125,103.6953125,4.0
2025-06-05 22:15:00+00:00,103.6953125,103.6953125,103.6953125,103.6953125,50.0
2025-06-05 22:18:00+00:00,103.69921875,103.69921875,103.69921875,103.69921875,568.0
2025-06-05 22:19:00+00:00,103.6953125,103.69921875,103.6953125,103.69921875,87.0
2025-06-05 22:21:00+00:00,103.6953125,103.6953125,103.6953125,103.6953125,704.0
2025-06-05 22:31:00+00:00,103.6953125,103.6953125,103.6953125,103.6953125,372.0
2025-06-05 22:45:00+00:00,103.6953125,103.6953125,103.6953125,103.6953125,6.0
2025-06-05 22:46:00+00:00,103.69921875,103.69921875,103.69921875,103.69921875,10.0
2025-06-05 22:53:00+00:00,103.69921875,103.69921875,103.69921875,103.69921875,235.0
2025-06-05 22:59:00+00:00,103.69921875,103.69921875,103.69921875,103.69921875,297.0
2025-06-05 23:02:00+00:00,103.6953125,103.6953125,103.6953125,103.6953125,381.0
2025-06-05 23:05:00+00:00,103.69921875,103.69921875,103.6953125,103.6953125,8.0
2025-06-05 23:06:00+00:00,103.69921875,103.69921875,103.69921875,103.69921875,436.0
2025-06-05 23:08:00+00:00,103.69921875,103.69921875,103.69921875,103.69921875,258.0
2025-06-05 23:19:00+00:00,103.703125,103.703125,103.703125,103.703125,247.0
2025-06-05 23:20:00+00:00,103.703125,103.703125,103.703125,103.703125,103.0
2025-06-05 23:21:00+00:00,103.69921875,103.69921875,103.69921875,103.69921875,193.0
2025-06-05 23:28:00+00:00,103.69921875,103.69921875,103.69921875,103.69921875,301.0
2025-06-05 23:33:00+00:00,103.69921875,103.69921875,103.69921875,103.69921875,76.0
2025-06-05 23:42:00+00:00,103.6953125,103.6953125,103.6953125,103.6953125,202.0
2025-06-05 23:43:00+00:00,103.6953125,103.6953125,103.6953125,103.6953125,412.0
2025-06-05 23:44:00+00:00,103.6953125,103.6953125,103.6953125,103.6953125,69.0
2025-06-05 23:46:00+00:00,103.703125,103.703125,103.69921875,103.69921875,73.0
2025-06-05 23:51:00+00:00,103.69921875,103.69921875,103.69921875,103.69921875,38.0
2025-06-05 23:52:00+00:00,103.69921875,103.69921875,103.69921875,103.69921875,74.0
2025-06-06 00:00:00+00:00,103.69921875,103.69921875,103.6953125,103.69921875,41.0
2025-06-06 00:01:00+00:00,103.69921875,103.69921875,103.69921875,103.69921875,35.0
2025-06-06 00:03:00+00:00,103.69921875,103.69921875,103.69921875,103.69921875,105.0
2025-06-06 00:04:00+00:00,103.69921875,103.69921875,103.69921875,103.69921875,19.0
2025-06-06 00:05:00+00:00,103.69921875,103.69921875,103.69921875,103.69921875,48.0
2025-06-06 00:06:00+00:00,103.69921875,103.69921875,103.69921875,103.69921875,63.0
2025-06-06 00:12:00+00:00,103.69921875,103.69921875,103.69921875,103.69921875,37.0
2025-06-06 00:13:00+00:00,103.69921875,103.69921875,103.69921875,103.69921875,5.0
2025-06-06 00:15:00+00:00,103.69921875,103.69921875,103.69921875,103.69921875,13.0
2025-06-06 00:16:00+00:00,103.6953125,103.69921875,103.6953125,103.69921875,30.0
2025-06-06 00:18:00+00:00,103.69921875,103.69921875,103.69921875,103.69921875,46.0
2025-06-06 00:22:00+00:00,103.703125,103.703125,103.69921875,103.69921875,80.0
2025-06-06 00:24:00+00:00,103.69921875,103.69921875,103.69921875,103.69921875,128.0
2025-06-06 00:29:00+00:00,103.69921875,103.69921875,103.69921875,103.69921875,15.0
2025-06-06 00:34:00+00:00,103.703125,103.703125,103.703125,103.703125,501.0
2025-06-06 00:35:00+00:00,103.703125,103.703125,103.703125,103.703125,71.0
2025-06-06 00:36:00+00:00,103.703125,103.703125,103.703125,103.703125,28.0
2025-06-06 00:37:00+00:00,103.703125,103.703125,103.703125,103.703125,30.0
2025-06-06 00:40:00+00:00,103.703125,103.703125,103.703125,103.703125,110.0
2025-06-06 00:42:00+00:00,103.69921875,103.703125,103.69921875,103.703125,113.0
2025-06-06 00:47:00+00:00,103.703125,103.703125,103.703125,103.703125,285.0
2025-06-06 00:57:00+00:00,103.703125,103.703125,103.703125,103.703125,10.0
2025-06-06 01:00:00+00:00,103.69921875,103.69921875,103.69921875,103.69921875,912.0
2025-06-06 01:01:00+00:00,103.69921875,103.69921875,103.69921875,103.69921875,267.0
2025-06-06 01:04:00+00:00,103.6953125,103.6953125,103.6953125,103.6953125,35.0
2025-06-06 01:05:00+00:00,103.6953125,103.6953125,103.6953125,103.6953125,198.0
2025-06-06 01:09:00+00:00,103.69921875,103.69921875,103.69921875,103.69921875,17.0
2025-06-06 01:10:00+00:00,103.69921875,103.69921875,103.69921875,103.69921875,39.0
2025-06-06 01:12:00+00:00,103.69921875,103.69921875,103.69921875,103.69921875,11.0
2025-06-06 01:24:00+00:00,103.69921875,103.69921875,103.69921875,103.69921875,338.0
2025-06-06 01:25:00+00:00,103.69921875,103.69921875,103.69921875,103.69921875,14.0
2025-06-06 01:26:00+00:00,103.69921875,103.69921875,103.69921875,103.69921875,380.0
2025-06-06 01:33:00+00:00,103.703125,103.703125,103.703125,103.703125,278.0
2025-06-06 01:34:00+00:00,103.703125,103.703125,103.703125,103.703125,176.0
2025-06-06 01:39:00+00:00,103.70703125,103.70703125,103.70703125,103.70703125,151.0
2025-06-06 01:47:00+00:00,103.70703125,103.70703125,103.70703125,103.70703125,5.0
2025-06-06 01:48:00+00:00,103.703125,103.703125,103.703125,103.703125,147.0
2025-06-06 01:49:00+00:00,103.703125,103.703125,103.703125,103.703125,263.0
2025-06-06 01:50:00+00:00,103.703125,103.703125,103.703125,103.703125,6.0
2025-06-06 01:56:00+00:00,103.70703125,103.70703125,103.70703125,103.70703125,251.0
2025-06-06 01:57:00+00:00,103.70703125,103.70703125,103.70703125,103.70703125,107.0
2025-06-06 01:59:00+00:00,103.70703125,103.70703125,103.70703125,103.70703125,67.0
2025-06-06 02:00:00+00:00,103.70703125,103.70703125,103.70703125,103.70703125,44.0
2025-06-06 02:01:00+00:00,103.70703125,103.70703125,103.70703125,103.70703125,136.0
2025-06-06 02:03:00+00:00,103.703125,103.703125,103.703125,103.703125,24.0
2025-06-06 02:04:00+00:00,103.703125,103.703125,103.703125,103.703125,232.0
2025-06-06 02:06:00+00:00,103.703125,103.703125,103.703125,103.703125,70.0
2025-06-06 02:07:00+00:00,103.703125,103.70703125,103.703125,103.703125,27.0
2025-06-06 02:17:00+00:00,103.69921875,103.703125,103.69921875,103.69921875,117.0
2025-06-06 02:23:00+00:00,103.703125,103.703125,103.703125,103.703125,130.0
2025-06-06 02:35:00+00:00,103.70703125,103.70703125,103.70703125,103.70703125,2.0
2025-06-06 02:43:00+00:00,103.70703125,103.70703125,103.70703125,103.70703125,1843.0
2025-06-06 02:52:00+00:00,103.703125,103.703125,103.703125,103.703125,44.0
2025-06-06 02:54:00+00:00,103.703125,103.703125,103.703125,103.703125,34.0
2025-06-06 02:55:00+00:00,103.703125,103.703125,103.703125,103.703125,100.0
2025-06-06 02:56:00+00:00,103.703125,103.703125,103.703125,103.703125,37.0
2025-06-06 03:07:00+00:00,103.703125,103.703125,103.69921875,103.69921875,9.0
2025-06-06 03:09:00+00:00,103.703125,103.703125,103.703125,103.703125,102.0
2025-06-06 03:10:00+00:00,103.703125,103.703125,103.703125,103.703125,266.0
2025-06-06 03:18:00+00:00,103.703125,103.703125,103.703125,103.703125,51.0
2025-06-06 03:20:00+00:00,103.703125,103.703125,103.703125,103.703125,152.0
2025-06-06 03:24:00+00:00,103.703125,103.703125,103.703125,103.703125,40.0
2025-06-06 03:28:00+00:00,103.703125,103.703125,103.703125,103.703125,105.0
2025-06-06 03:31:00+00:00,103.703125,103.703125,103.703125,103.703125,284.0
2025-06-06 03:32:00+00:00,103.703125,103.703125,103.703125,103.703125,143.0
2025-06-06 03:33:00+00:00,103.703125,103.703125,103.703125,103.703125,11.0
2025-06-06 03:34:00+00:00,103.703125,103.703125,103.703125,103.703125,7.0
2025-06-06 03:35:00+00:00,103.703125,103.703125,103.703125,103.703125,45.0
2025-06-06 03:46:00+00:00,103.703125,103.703125,103.703125,103.703125,189.0
2025-06-06 03:50:00+00:00,103.69921875,103.69921875,103.69921875,103.69921875,251.0
2025-06-06 04:03:00+00:00,103.69921875,103.69921875,103.69921875,103.69921875,29.0
2025-06-06 04:05:00+00:00,103.69921875,103.69921875,103.69921875,103.69921875,101.0
2025-06-06 04:39:00+00:00,103.69921875,103.69921875,103.69921875,103.69921875,93.0
2025-06-06 04:50:00+00:00,103.69921875,103.69921875,103.69921875,103.69921875,7.0
2025-06-06 04:58:00+00:00,103.69921875,103.69921875,103.69921875,103.69921875,25.0
2025-06-06 05:03:00+00:00,103.69921875,103.69921875,103.6953125,103.6953125,41.0
2025-06-06 05:04:00+00:00,103.6953125,103.6953125,103.6953125,103.6953125,123.0
2025-06-06 05:06:00+00:00,103.6953125,103.6953125,103.6953125,103.6953125,205.0
2025-06-06 05:09:00+00:00,103.6953125,103.6953125,103.6953125,103.6953125,75.0
2025-06-06 05:11:00+00:00,103.6953125,103.6953125,103.6953125,103.6953125,121.0
2025-06-06 05:24:00+00:00,103.69921875,103.69921875,103.69921875,103.69921875,305.0
2025-06-06 05:31:00+00:00,103.703125,103.703125,103.703125,103.703125,200.0
2025-06-06 05:35:00+00:00,103.703125,103.703125,103.703125,103.703125,556.0
2025-06-06 05:42:00+00:00,103.703125,103.703125,103.703125,103.703125,129.0
2025-06-06 05:44:00+00:00,103.69921875,103.69921875,103.69921875,103.69921875,127.0
2025-06-06 05:56:00+00:00,103.6953125,103.6953125,103.6953125,103.6953125,31.0
2025-06-06 05:59:00+00:00,103.69921875,103.69921875,103.69921875,103.69921875,200.0
2025-06-06 06:02:00+00:00,103.6953125,103.6953125,103.6953125,103.6953125,19.0
2025-06-06 06:03:00+00:00,103.6953125,103.6953125,103.6953125,103.6953125,130.0
2025-06-06 06:04:00+00:00,103.6953125,103.6953125,103.6953125,103.6953125,558.0
2025-06-06 06:06:00+00:00,103.69921875,103.69921875,103.6953125,103.6953125,1897.0
2025-06-06 06:09:00+00:00,103.69921875,103.69921875,103.69921875,103.69921875,581.0
2025-06-06 06:15:00+00:00,103.6953125,103.6953125,103.69140625,103.6953125,514.0
2025-06-06 06:16:00+00:00,103.6953125,103.6953125,103.6953125,103.6953125,151.0
2025-06-06 06:18:00+00:00,103.69140625,103.69140625,103.69140625,103.69140625,1159.0
2025-06-06 06:20:00+00:00,103.6953125,103.6953125,103.69140625,103.69140625,619.0
2025-06-06 06:23:00+00:00,103.69140625,103.69140625,103.69140625,103.69140625,172.0
2025-06-06 06:24:00+00:00,103.69140625,103.69140625,103.69140625,103.69140625,22.0
2025-06-06 06:25:00+00:00,103.69140625,103.69140625,103.69140625,103.69140625,20.0
2025-06-06 06:29:00+00:00,103.6875,103.6875,103.6875,103.6875,149.0
2025-06-06 06:30:00+00:00,103.68359375,103.6875,103.68359375,103.6875,206.0
2025-06-06 06:31:00+00:00,103.68359375,103.68359375,103.68359375,103.68359375,17.0
2025-06-06 06:32:00+00:00,103.68359375,103.68359375,103.68359375,103.68359375,198.0
2025-06-06 06:33:00+00:00,103.68359375,103.68359375,103.68359375,103.68359375,74.0
2025-06-06 06:34:00+00:00,103.68359375,103.68359375,103.68359375,103.68359375,158.0
2025-06-06 06:35:00+00:00,103.68359375,103.68359375,103.68359375,103.68359375,11.0
2025-06-06 06:36:00+00:00,103.68359375,103.68359375,103.68359375,103.68359375,101.0
2025-06-06 06:37:00+00:00,103.68359375,103.68359375,103.68359375,103.68359375,46.0
2025-06-06 06:39:00+00:00,103.68359375,103.68359375,103.68359375,103.68359375,361.0
2025-06-06 06:41:00+00:00,103.6875,103.6875,103.6875,103.6875,241.0
2025-06-06 06:42:00+00:00,103.6875,103.6875,103.6875,103.6875,99.0
2025-06-06 06:43:00+00:00,103.6875,103.6875,103.6875,103.6875,71.0
2025-06-06 06:46:00+00:00,103.6875,103.6875,103.6875,103.6875,95.0
2025-06-06 06:54:00+00:00,103.6953125,103.6953125,103.6953125,103.6953125,728.0
2025-06-06 06:56:00+00:00,103.69140625,103.69140625,103.69140625,103.69140625,466.0
2025-06-06 06:58:00+00:00,103.69140625,103.69140625,103.69140625,103.69140625,251.0
2025-06-06 06:59:00+00:00,103.69140625,103.69140625,103.69140625,103.69140625,76.0
2025-06-06 07:00:00+00:00,103.6875,103.69140625,103.6875,103.69140625,490.0
2025-06-06 07:01:00+00:00,103.68359375,103.6875,103.68359375,103.6875,88.0
2025-06-06 07:02:00+00:00,103.6875,103.6875,103.68359375,103.6875,371.0
2025-06-06 07:03:00+00:00,103.68359375,103.69140625,103.68359375,103.6875,712.0
2025-06-06 07:04:00+00:00,103.6875,103.69140625,103.68359375,103.68359375,347.0
2025-06-06 07:05:00+00:00,103.69140625,103.69140625,103.6875,103.6875,310.0
2025-06-06 07:06:00+00:00,103.6875,103.6875,103.6875,103.6875,9.0
2025-06-06 07:08:00+00:00,103.69140625,103.69140625,103.69140625,103.69140625,577.0
2025-06-06 07:09:00+00:00,103.69140625,103.6953125,103.69140625,103.6953125,18.0
2025-06-06 07:10:00+00:00,103.6953125,103.69921875,103.6953125,103.6953125,294.0
2025-06-06 07:11:00+00:00,103.69921875,103.703125,103.6953125,103.6953125,558.0
2025-06-06 07:15:00+00:00,103.69921875,103.69921875,103.6953125,103.69921875,833.0
2025-06-06 07:17:00+00:00,103.69921875,103.69921875,103.69921875,103.69921875,268.0
2025-06-06 07:19:00+00:00,103.69921875,103.703125,103.69921875,103.703125,101.0
2025-06-06 07:21:00+00:00,103.703125,103.70703125,103.69921875,103.69921875,1195.0
2025-06-06 07:22:00+00:00,103.70703125,103.70703125,103.703125,103.70703125,283.0
2025-06-06 07:23:00+00:00,103.70703125,103.70703125,103.70703125,103.70703125,128.0
2025-06-06 07:24:00+00:00,103.703125,103.70703125,103.703125,103.70703125,159.0
2025-06-06 07:26:00+00:00,103.703125,103.703125,103.703125,103.703125,218.0
2025-06-06 07:28:00+00:00,103.69921875,103.703125,103.69921875,103.703125,3.0
2025-06-06 07:29:00+00:00,103.703125,103.703125,103.703125,103.703125,182.0
2025-06-06 07:31:00+00:00,103.69921875,103.703125,103.69921875,103.703125,175.0
2025-06-06 07:32:00+00:00,103.70703125,103.70703125,103.703125,103.703125,204.0
2025-06-06 07:34:00+00:00,103.7109375,103.7109375,103.7109375,103.7109375,14.0
2025-06-06 07:35:00+00:00,103.7109375,103.7109375,103.7109375,103.7109375,569.0
2025-06-06 07:38:00+00:00,103.7109375,103.7109375,103.7109375,103.7109375,177.0
2025-06-06 07:39:00+00:00,103.7109375,103.7109375,103.7109375,103.7109375,278.0
2025-06-06 07:40:00+00:00,103.7109375,103.7109375,103.70703125,103.70703125,207.0
2025-06-06 07:41:00+00:00,103.70703125,103.7109375,103.70703125,103.70703125,13.0
2025-06-06 07:42:00+00:00,103.70703125,103.7109375,103.70703125,103.70703125,363.0
2025-06-06 07:43:00+00:00,103.7109375,103.7109375,103.7109375,103.7109375,472.0
2025-06-06 07:44:00+00:00,103.7109375,103.7109375,103.7109375,103.7109375,677.0
2025-06-06 07:45:00+00:00,103.7109375,103.7109375,103.7109375,103.7109375,718.0
2025-06-06 07:47:00+00:00,103.7109375,103.7109375,103.7109375,103.7109375,88.0
2025-06-06 07:49:00+00:00,103.7109375,103.7109375,103.7109375,103.7109375,25.0
2025-06-06 07:50:00+00:00,103.7109375,103.71484375,103.7109375,103.71484375,437.0
2025-06-06 07:52:00+00:00,103.71484375,103.71484375,103.71484375,103.71484375,299.0
2025-06-06 07:53:00+00:00,103.71484375,103.71875,103.71484375,103.71484375,110.0
2025-06-06 07:54:00+00:00,103.71484375,103.71484375,103.71484375,103.71484375,30.0
2025-06-06 07:55:00+00:00,103.70703125,103.7109375,103.70703125,103.7109375,205.0
2025-06-06 07:56:00+00:00,103.70703125,103.7109375,103.70703125,103.7109375,287.0
2025-06-06 08:00:00+00:00,103.70703125,103.7109375,103.70703125,103.70703125,338.0
2025-06-06 08:04:00+00:00,103.70703125,103.7109375,103.70703125,103.70703125,193.0
2025-06-06 08:05:00+00:00,103.71484375,103.71484375,103.70703125,103.70703125,263.0
2025-06-06 08:06:00+00:00,103.7109375,103.71484375,103.7109375,103.7109375,137.0
2025-06-06 08:07:00+00:00,103.7109375,103.71484375,103.7109375,103.71484375,17.0
2025-06-06 08:08:00+00:00,103.7109375,103.71484375,103.7109375,103.71484375,4.0
2025-06-06 08:09:00+00:00,103.7109375,103.7109375,103.7109375,103.7109375,108.0
2025-06-06 08:23:00+00:00,103.7109375,103.71099853515625,103.70703125,103.71099853515625,1102.0
2025-06-06 08:24:00+00:00,103.7109375,103.7109375,103.7109375,103.7109375,51.0
2025-06-06 08:28:00+00:00,103.7109375,103.7109375,103.7109375,103.7109375,78.0
2025-06-06 08:29:00+00:00,103.70703125,103.7109375,103.70703125,103.7109375,44.0
2025-06-06 08:30:00+00:00,103.7109375,103.7109375,103.7109375,103.7109375,222.0
2025-06-06 08:34:00+00:00,103.70703125,103.70703125,103.70703125,103.70703125,206.0
2025-06-06 08:35:00+00:00,103.703125,103.70703125,103.703125,103.70703125,779.0
2025-06-06 08:36:00+00:00,103.703125,103.70703125,103.703125,103.703125,18.0
2025-06-06 08:37:00+00:00,103.70703125,103.70703125,103.70703125,103.70703125,92.0
2025-06-06 08:38:00+00:00,103.70703125,103.70703125,103.70703125,103.70703125,135.0
2025-06-06 08:42:00+00:00,103.70703125,103.7109375,103.70703125,103.7109375,103.0
2025-06-06 08:46:00+00:00,103.70703125,103.70703125,103.70703125,103.70703125,75.0
2025-06-06 08:47:00+00:00,103.70703125,103.70703125,103.70703125,103.70703125,4.0
2025-06-06 08:50:00+00:00,103.70703125,103.70703125,103.70703125,103.70703125,9.0
2025-06-06 08:55:00+00:00,103.703125,103.70703125,103.703125,103.70703125,153.0
2025-06-06 08:56:00+00:00,103.703125,103.70703125,103.703125,103.703125,292.0
2025-06-06 08:57:00+00:00,103.703125,103.703125,103.703125,103.703125,39.0
2025-06-06 08:58:00+00:00,103.70703125,103.7109375,103.70703125,103.70703125,1229.0
2025-06-06 09:00:00+00:00,103.703125,103.70703125,103.703125,103.70703125,232.0
2025-06-06 09:03:00+00:00,103.69921875,103.69921875,103.69921875,103.69921875,34.0
2025-06-06 09:04:00+00:00,103.70703125,103.70703125,103.69921875,103.69921875,439.0
2025-06-06 09:05:00+00:00,103.703125,103.70703125,103.703125,103.703125,20.0
2025-06-06 09:06:00+00:00,103.70703125,103.70703125,103.703125,103.70703125,11.0
2025-06-06 09:07:00+00:00,103.69921875,103.703125,103.69921875,103.703125,429.0
2025-06-06 09:09:00+00:00,103.703125,103.703125,103.69921875,103.69921875,69.0
2025-06-06 09:10:00+00:00,103.69921875,103.69921875,103.69921875,103.69921875,139.0
2025-06-06 09:11:00+00:00,103.69921875,103.69921875,103.69921875,103.69921875,397.0
2025-06-06 09:12:00+00:00,103.69140625,103.6953125,103.69140625,103.6953125,162.0
2025-06-06 09:13:00+00:00,103.6875,103.69140625,103.6875,103.69140625,525.0
2025-06-06 09:14:00+00:00,103.69140625,103.69140625,103.6875,103.69140625,75.0
2025-06-06 09:16:00+00:00,103.6875,103.6875,103.6875,103.6875,20.0
2025-06-06 09:17:00+00:00,103.6875,103.69140625,103.6875,103.6875,411.0
2025-06-06 09:18:00+00:00,103.6875,103.69140625,103.6875,103.69140625,186.0
2025-06-06 09:19:00+00:00,103.69140625,103.69140625,103.69140625,103.69140625,335.0
2025-06-06 09:20:00+00:00,103.69140625,103.69140625,103.69140625,103.69140625,21.0
2025-06-06 09:21:00+00:00,103.69140625,103.6953125,103.69140625,103.69140625,12.0
2025-06-06 09:23:00+00:00,103.69140625,103.69140625,103.69140625,103.69140625,3.0
2025-06-06 09:24:00+00:00,103.6953125,103.6953125,103.6953125,103.6953125,416.0
2025-06-06 09:25:00+00:00,103.69921875,103.69921875,103.6953125,103.6953125,98.0
2025-06-06 09:26:00+00:00,103.6953125,103.69921875,103.6953125,103.69921875,73.0
2025-06-06 09:28:00+00:00,103.69140625,103.6953125,103.69140625,103.6953125,117.0
2025-06-06 09:29:00+00:00,103.6953125,103.6953125,103.69140625,103.69140625,229.0
2025-06-06 09:31:00+00:00,103.69921875,103.69921875,103.6953125,103.6953125,15.0
2025-06-06 09:32:00+00:00,103.6953125,103.6953125,103.6953125,103.6953125,346.0
2025-06-06 09:37:00+00:00,103.6953125,103.69921875,103.6953125,103.69921875,31.0
2025-06-06 09:39:00+00:00,103.6953125,103.6953125,103.6953125,103.6953125,232.0
2025-06-06 09:41:00+00:00,103.69921875,103.69921875,103.6953125,103.6953125,246.0
2025-06-06 09:42:00+00:00,103.703125,103.703125,103.703125,103.703125,545.0
2025-06-06 09:43:00+00:00,103.70703125,103.70703125,103.703125,103.703125,1341.0
2025-06-06 09:44:00+00:00,103.703125,103.703125,103.703125,103.703125,4.0
2025-06-06 09:45:00+00:00,103.70703125,103.70703125,103.70703125,103.70703125,327.0
2025-06-06 09:46:00+00:00,103.70703125,103.70703125,103.70703125,103.70703125,558.0
2025-06-06 09:47:00+00:00,103.70703125,103.70703125,103.703125,103.703125,794.0
2025-06-06 09:48:00+00:00,103.70703125,103.70703125,103.70703125,103.70703125,142.0
2025-06-06 09:49:00+00:00,103.7109375,103.7109375,103.70703125,103.70703125,280.0
2025-06-06 09:52:00+00:00,103.703125,103.70703125,103.703125,103.70703125,46.0
2025-06-06 09:53:00+00:00,103.70703125,103.70703125,103.703125,103.703125,52.0
2025-06-06 09:55:00+00:00,103.703125,103.70703125,103.703125,103.703125,61.0
2025-06-06 09:56:00+00:00,103.703125,103.70703125,103.703125,103.703125,213.0
2025-06-06 09:57:00+00:00,103.70703125,103.70703125,103.703125,103.703125,4.0
2025-06-06 09:58:00+00:00,103.703125,103.703125,103.703125,103.703125,371.0
2025-06-06 10:00:00+00:00,103.703125,103.70703125,103.703125,103.703125,221.0
2025-06-06 10:02:00+00:00,103.703125,103.70703125,103.703125,103.703125,975.0
2025-06-06 10:04:00+00:00,103.703125,103.703125,103.703125,103.703125,4657.0
2025-06-06 10:05:00+00:00,103.703125,103.703125,103.703125,103.703125,178.0
2025-06-06 10:06:00+00:00,103.703125,103.703125,103.69921875,103.703125,698.0
2025-06-06 10:07:00+00:00,103.703125,103.703125,103.703125,103.703125,376.0
2025-06-06 10:21:00+00:00,103.69921875,103.69921875,103.6989974975586,103.6989974975586,4497.0
2025-06-06 10:23:00+00:00,103.69140625,103.69140625,103.69140625,103.69140625,7.0
2025-06-06 10:24:00+00:00,103.6953125,103.6953125,103.6953125,103.6953125,145.0
2025-06-06 10:26:00+00:00,103.69140625,103.6953125,103.69140625,103.69140625,660.0
2025-06-06 10:27:00+00:00,103.69921875,103.69921875,103.6953125,103.6953125,5930.0
2025-06-06 10:28:00+00:00,103.69921875,103.69921875,103.69921875,103.69921875,181.0
2025-06-06 10:29:00+00:00,103.69921875,103.69921875,103.69921875,103.69921875,619.0
2025-06-06 10:31:00+00:00,103.6953125,103.69921875,103.6953125,103.69921875,403.0
2025-06-06 10:32:00+00:00,103.703125,103.703125,103.69921875,103.69921875,989.0
2025-06-06 10:33:00+00:00,103.703125,103.703125,103.703125,103.703125,336.0
2025-06-06 10:34:00+00:00,103.703125,103.703125,103.703125,103.703125,299.0
2025-06-06 10:35:00+00:00,103.69921875,103.69921875,103.69921875,103.69921875,33.0
2025-06-06 10:36:00+00:00,103.703125,103.703125,103.703125,103.703125,243.0
2025-06-06 10:38:00+00:00,103.703125,103.703125,103.703125,103.703125,58.0
2025-06-06 10:40:00+00:00,103.69921875,103.70703125,103.69921875,103.70703125,299.0
2025-06-06 10:41:00+00:00,103.69921875,103.69921875,103.69921875,103.69921875,42.0
2025-06-06 10:42:00+00:00,103.703125,103.703125,103.69921875,103.69921875,210.0
2025-06-06 10:43:00+00:00,103.703125,103.703125,103.703125,103.703125,658.0
2025-06-06 10:44:00+00:00,103.703125,103.703125,103.703125,103.703125,198.0
2025-06-06 10:45:00+00:00,103.69921875,103.703125,103.69921875,103.703125,36.0
2025-06-06 10:47:00+00:00,103.703125,103.703125,103.69921875,103.69921875,75.0
2025-06-06 10:49:00+00:00,103.70703125,103.70703125,103.703125,103.703125,3.0
2025-06-06 10:51:00+00:00,103.69921875,103.703125,103.69921875,103.703125,232.0
2025-06-06 10:52:00+00:00,103.703125,103.703125,103.69921875,103.69921875,52.0
2025-06-06 10:53:00+00:00,103.7109375,103.7109375,103.703125,103.703125,185.0
2025-06-06 10:54:00+00:00,103.70703125,103.70703125,103.70703125,103.70703125,737.0
2025-06-06 10:55:00+00:00,103.69921875,103.70703125,103.69921875,103.70703125,3985.0
2025-06-06 10:58:00+00:00,103.69921875,103.69921875,103.6953125,103.69921875,83.0
2025-06-06 10:59:00+00:00,103.69921875,103.69921875,103.69921875,103.69921875,155.0
2025-06-06 11:00:00+00:00,103.703125,103.703125,103.69921875,103.69921875,5.0
2025-06-06 11:01:00+00:00,103.703125,103.703125,103.703125,103.703125,615.0
2025-06-06 11:02:00+00:00,103.703125,103.703125,103.69921875,103.69921875,144.0
2025-06-06 11:04:00+00:00,103.703125,103.703125,103.69921875,103.69921875,375.0
2025-06-06 11:05:00+00:00,103.703125,103.703125,103.703125,103.703125,839.0
2025-06-06 11:06:00+00:00,103.703125,103.703125,103.703125,103.703125,23.0
2025-06-06 11:07:00+00:00,103.69921875,103.69921875,103.69921875,103.69921875,114.0
2025-06-06 11:08:00+00:00,103.69921875,103.69921875,103.69921875,103.69921875,711.0
2025-06-06 11:09:00+00:00,103.69921875,103.69921875,103.69921875,103.69921875,282.0
2025-06-06 11:10:00+00:00,103.703125,103.703125,103.703125,103.703125,20.0
2025-06-06 11:11:00+00:00,103.703125,103.703125,103.703125,103.703125,1324.0
2025-06-06 11:13:00+00:00,103.70703125,103.70703125,103.703125,103.70703125,21.0
2025-06-06 11:14:00+00:00,103.7109375,103.7109375,103.703125,103.70703125,175.0
2025-06-06 11:16:00+00:00,103.703125,103.70703125,103.703125,103.70703125,247.0
2025-06-06 11:17:00+00:00,103.703125,103.703125,103.69921875,103.703125,446.0
2025-06-06 11:18:00+00:00,103.703125,103.703125,103.703125,103.703125,140.0
2025-06-06 11:19:00+00:00,103.703125,103.703125,103.703125,103.703125,141.0
2025-06-06 11:20:00+00:00,103.703125,103.703125,103.69921875,103.69921875,632.0
2025-06-06 11:22:00+00:00,103.6953125,103.69921875,103.6953125,103.69921875,260.0
2025-06-06 11:23:00+00:00,103.6953125,103.6953125,103.6953125,103.6953125,626.0
2025-06-06 11:24:00+00:00,103.6953125,103.69921875,103.69140625,103.6953125,1162.0
2025-06-06 11:25:00+00:00,103.69921875,103.69921875,103.6953125,103.6953125,543.0
2025-06-06 11:26:00+00:00,103.69921875,103.69921875,103.6953125,103.69921875,125.0
2025-06-06 11:28:00+00:00,103.6953125,103.69921875,103.6953125,103.69921875,41.0
2025-06-06 11:29:00+00:00,103.69921875,103.69921875,103.69921875,103.69921875,16.0
2025-06-06 11:30:00+00:00,103.69140625,103.6953125,103.69140625,103.6953125,600.0
2025-06-06 11:31:00+00:00,103.69140625,103.69140625,103.69140625,103.69140625,90.0
2025-06-06 11:32:00+00:00,103.69140625,103.69140625,103.6875,103.69140625,709.0
2025-06-06 11:33:00+00:00,103.69140625,103.6953125,103.69140625,103.69140625,314.0
2025-06-06 11:34:00+00:00,103.69140625,103.69140625,103.69140625,103.69140625,88.0
2025-06-06 11:35:00+00:00,103.6953125,103.6953125,103.6953125,103.6953125,1041.0
2025-06-06 11:36:00+00:00,103.6953125,103.6953125,103.6953125,103.6953125,471.0
2025-06-06 11:37:00+00:00,103.6953125,103.69921875,103.6953125,103.6953125,1501.0
2025-06-06 11:38:00+00:00,103.69921875,103.69921875,103.6953125,103.6953125,5983.0
2025-06-06 11:39:00+00:00,103.6953125,103.69921875,103.69140625,103.69921875,1382.0
2025-06-06 11:40:00+00:00,103.6875,103.69140625,103.6875,103.69140625,482.0
2025-06-06 11:41:00+00:00,103.67578125,103.6875,103.671875,103.6875,6290.0
2025-06-06 11:42:00+00:00,103.67578125,103.67578125,103.67578125,103.67578125,815.0
2025-06-06 11:43:00+00:00,103.671875,103.67578125,103.671875,103.67578125,441.0
2025-06-06 11:44:00+00:00,103.67578125,103.67578125,103.67578125,103.67578125,1.0
2025-06-06 11:45:00+00:00,103.671875,103.671875,103.66796875,103.671875,1444.0
2025-06-06 11:46:00+00:00,103.671875,103.671875,103.671875,103.671875,285.0
2025-06-06 11:47:00+00:00,103.66796875,103.66796875,103.6640625,103.66796875,1340.0
2025-06-06 11:48:00+00:00,103.671875,103.67578125,103.671875,103.671875,307.0
2025-06-06 11:49:00+00:00,103.66796875,103.671875,103.66796875,103.671875,826.0
2025-06-06 11:50:00+00:00,103.66796875,103.66796875,103.6640625,103.66796875,765.0
2025-06-06 11:51:00+00:00,103.6640625,103.6640625,103.6640625,103.6640625,1458.0
2025-06-06 11:52:00+00:00,103.66796875,103.66796875,103.66015625,103.66015625,1006.0
2025-06-06 11:53:00+00:00,103.66015625,103.6640625,103.66015625,103.6640625,1843.0
2025-06-06 11:54:00+00:00,103.6640625,103.6640625,103.66015625,103.66015625,407.0
2025-06-06 11:55:00+00:00,103.6640625,103.6640625,103.6640625,103.6640625,544.0
2025-06-06 11:56:00+00:00,103.6640625,103.6640625,103.66015625,103.6640625,414.0
2025-06-06 11:57:00+00:00,103.66015625,103.6640625,103.66015625,103.66015625,452.0
2025-06-06 11:58:00+00:00,103.6640625,103.6640625,103.6640625,103.6640625,208.0
2025-06-06 11:59:00+00:00,103.66015625,103.66015625,103.66015625,103.66015625,16.0
2025-06-06 12:00:00+00:00,103.66015625,103.6640625,103.66015625,103.6640625,147.0
2025-06-06 12:01:00+00:00,103.6640625,103.6640625,103.66015625,103.66015625,19.0
2025-06-06 12:02:00+00:00,103.65625,103.66015625,103.65625,103.66015625,608.0
2025-06-06 12:03:00+00:00,103.66015625,103.66015625,103.65625,103.65625,3.0
2025-06-06 12:04:00+00:00,103.66015625,103.66015625,103.65625,103.65625,2567.0
2025-06-06 12:05:00+00:00,103.66015625,103.66015625,103.66015625,103.66015625,959.0
2025-06-06 12:06:00+00:00,103.65625,103.66015625,103.65625,103.65625,99.0
2025-06-06 12:07:00+00:00,103.65625,103.65625,103.65625,103.65625,160.0
2025-06-06 12:09:00+00:00,103.65234375,103.65625,103.65234375,103.65625,4687.0
2025-06-06 12:10:00+00:00,103.64453125,103.65234375,103.64453125,103.65234375,4871.0
2025-06-06 12:11:00+00:00,103.6484375,103.6484375,103.64453125,103.64453125,1221.0
2025-06-06 12:12:00+00:00,103.6484375,103.6484375,103.64453125,103.64453125,1689.0
2025-06-06 12:13:00+00:00,103.64453125,103.6484375,103.64453125,103.6484375,396.0
2025-06-06 12:14:00+00:00,103.640625,103.64453125,103.640625,103.64453125,513.0
2025-06-06 12:15:00+00:00,103.640625,103.64453125,103.63671875,103.640625,1145.0
2025-06-06 12:16:00+00:00,103.64453125,103.64453125,103.640625,103.640625,401.0
2025-06-06 12:17:00+00:00,103.64453125,103.6484375,103.64453125,103.64453125,2384.0
2025-06-06 12:18:00+00:00,103.6484375,103.6484375,103.64453125,103.64453125,567.0
2025-06-06 12:19:00+00:00,103.6484375,103.65234375,103.64453125,103.6484375,1571.0
2025-06-06 12:20:00+00:00,103.6484375,103.6484375,103.640625,103.6484375,2591.0
2025-06-06 12:21:00+00:00,103.65234375,103.65234375,103.6484375,103.6484375,3901.0
2025-06-06 12:22:00+00:00,103.65234375,103.65234375,103.6484375,103.65234375,1771.0
2025-06-06 12:23:00+00:00,103.6484375,103.6484375,103.64453125,103.6484375,1222.0
2025-06-06 12:26:00+00:00,103.640625,103.64453125,103.63671875,103.640625,5068.0
2025-06-06 12:27:00+00:00,103.63671875,103.640625,103.63671875,103.640625,1317.0
2025-06-06 12:28:00+00:00,103.6328125,103.640625,103.6328125,103.640625,911.0
2025-06-06 12:29:00+00:00,103.6328125,103.63671875,103.62890625,103.63671875,1541.0
2025-06-06 12:30:00+00:00,103.578125,103.6328125,103.53515625,103.62890625,25703.0
2025-06-06 12:31:00+00:00,103.578125,103.59375,103.56640625,103.578125,18320.0
2025-06-06 12:32:00+00:00,103.58984375,103.609375,103.58203125,103.58203125,11432.0
2025-06-06 12:33:00+00:00,103.60546875,103.61328125,103.58984375,103.58984375,8870.0
2025-06-06 12:34:00+00:00,103.6015625,103.62109375,103.59375,103.60546875,11928.0
2025-06-06 12:35:00+00:00,103.59765625,103.60546875,103.59375,103.6015625,8619.0
2025-06-06 12:36:00+00:00,103.59765625,103.6015625,103.58984375,103.59375,3465.0
2025-06-06 12:37:00+00:00,103.578125,103.59765625,103.57421875,103.59765625,3469.0
2025-06-06 12:38:00+00:00,103.5625,103.578125,103.55859375,103.578125,11205.0
2025-06-06 12:39:00+00:00,103.55078125,103.5625,103.546875,103.5625,7239.0
2025-06-06 12:40:00+00:00,103.55859375,103.56640625,103.54296875,103.55078125,7712.0
2025-06-06 12:41:00+00:00,103.55078125,103.56640625,103.55078125,103.5546875,7900.0
2025-06-06 12:42:00+00:00,103.546875,103.546875,103.5390625,103.546875,4333.0
2025-06-06 12:43:00+00:00,103.55078125,103.55078125,103.5390625,103.546875,5347.0
2025-06-06 12:44:00+00:00,103.5546875,103.5546875,103.546875,103.55078125,3852.0
2025-06-06 12:45:00+00:00,103.546875,103.55859375,103.5390625,103.55859375,3538.0
2025-06-06 12:46:00+00:00,103.55078125,103.55078125,103.54296875,103.546875,3317.0
2025-06-06 12:47:00+00:00,103.52734375,103.55859375,103.52734375,103.546875,10484.0
2025-06-06 12:48:00+00:00,103.53125,103.5390625,103.52734375,103.53125,4069.0
2025-06-06 12:49:00+00:00,103.52734375,103.54296875,103.52734375,103.53125,3968.0
2025-06-06 12:50:00+00:00,103.53125,103.5390625,103.5234375,103.52734375,3408.0
2025-06-06 12:51:00+00:00,103.53125,103.53515625,103.52734375,103.52734375,1926.0
2025-06-06 12:52:00+00:00,103.53515625,103.5390625,103.52734375,103.53125,1475.0
2025-06-06 12:53:00+00:00,103.54296875,103.546875,103.53515625,103.53515625,2274.0
2025-06-06 12:54:00+00:00,103.54296875,103.55078125,103.5390625,103.546875,3132.0
2025-06-06 12:55:00+00:00,103.53515625,103.546875,103.53515625,103.54296875,2620.0
2025-06-06 12:56:00+00:00,103.53515625,103.53515625,103.53125,103.53125,1482.0
2025-06-06 12:57:00+00:00,103.53125,103.53515625,103.52734375,103.53125,2404.0
2025-06-06 12:58:00+00:00,103.53515625,103.53515625,103.52734375,103.52734375,1053.0
2025-06-06 12:59:00+00:00,103.53515625,103.53515625,103.52734375,103.53125,2326.0
2025-06-06 13:00:00+00:00,103.53515625,103.54296875,103.53125,103.53515625,4002.0
2025-06-06 13:01:00+00:00,103.52734375,103.53515625,103.52734375,103.53125,833.0
2025-06-06 13:02:00+00:00,103.515625,103.53125,103.515625,103.53125,6512.0
2025-06-06 13:03:00+00:00,103.53125,103.53125,103.515625,103.515625,4438.0
2025-06-06 13:05:00+00:00,103.52734375,103.52734375,103.5234375,103.5234375,4185.0
2025-06-06 13:06:00+00:00,103.53125,103.53515625,103.5234375,103.5234375,1891.0
2025-06-06 13:07:00+00:00,103.53125,103.53515625,103.53125,103.53125,1221.0
2025-06-06 13:08:00+00:00,103.5390625,103.5390625,103.53125,103.53125,2607.0
2025-06-06 13:09:00+00:00,103.5390625,103.54296875,103.53515625,103.5390625,1738.0
2025-06-06 13:10:00+00:00,103.53515625,103.54296875,103.53515625,103.5390625,1086.0
2025-06-06 13:11:00+00:00,103.5390625,103.54296875,103.53515625,103.53515625,2032.0
2025-06-06 13:12:00+00:00,103.5390625,103.5390625,103.53515625,103.5390625,921.0
2025-06-06 13:13:00+00:00,103.5390625,103.5390625,103.53515625,103.5390625,1130.0
2025-06-06 13:14:00+00:00,103.53125,103.54296875,103.53125,103.5390625,951.0
2025-06-06 13:15:00+00:00,103.53515625,103.53515625,103.52734375,103.53125,1799.0
2025-06-06 13:16:00+00:00,103.5234375,103.53515625,103.5234375,103.53125,2815.0
2025-06-06 13:17:00+00:00,103.5234375,103.52734375,103.5234375,103.52734375,1190.0
2025-06-06 13:18:00+00:00,103.51171875,103.52734375,103.51171875,103.52734375,4151.0
2025-06-06 13:19:00+00:00,103.5078125,103.51171875,103.50390625,103.51171875,5591.0
2025-06-06 13:20:00+00:00,103.5078125,103.5078125,103.5078125,103.5078125,1967.0
2025-06-06 13:23:00+00:00,103.5078125,103.51171875,103.5078125,103.51171875,10905.0
2025-06-06 13:24:00+00:00,103.5078125,103.51171875,103.50390625,103.5078125,1326.0
2025-06-06 13:25:00+00:00,103.49609375,103.5078125,103.49609375,103.5078125,3272.0
2025-06-06 13:26:00+00:00,103.48828125,103.5,103.48828125,103.49609375,8626.0
2025-06-06 13:27:00+00:00,103.484375,103.48828125,103.484375,103.48828125,2973.0
2025-06-06 13:28:00+00:00,103.4921875,103.49609375,103.484375,103.484375,2296.0
2025-06-06 13:29:00+00:00,103.484375,103.4921875,103.48046875,103.48828125,3389.0
2025-06-06 13:30:00+00:00,103.484375,103.48828125,103.484375,103.484375,2131.0
2025-06-06 13:31:00+00:00,103.48046875,103.484375,103.4765625,103.484375,5447.0
2025-06-06 13:32:00+00:00,103.49609375,103.5,103.48046875,103.48046875,3378.0
2025-06-06 13:33:00+00:00,103.49609375,103.5,103.4921875,103.49609375,2606.0
2025-06-06 13:34:00+00:00,103.50390625,103.5078125,103.49609375,103.49609375,9123.0
2025-06-06 13:37:00+00:00,103.49609375,103.49609375,103.49609375,103.49609375,5199.0
2025-06-06 13:38:00+00:00,103.49609375,103.5,103.4921875,103.49609375,875.0
2025-06-06 13:39:00+00:00,103.4921875,103.49609375,103.48828125,103.49609375,2420.0
2025-06-06 13:40:00+00:00,103.4921875,103.4921875,103.484375,103.4921875,1898.0
2025-06-06 13:42:00+00:00,103.4921875,103.5,103.48828125,103.4921875,3885.0
2025-06-06 13:43:00+00:00,103.4921875,103.49609375,103.4921875,103.4921875,888.0
2025-06-06 13:44:00+00:00,103.484375,103.4921875,103.484375,103.4921875,445.0
2025-06-06 13:46:00+00:00,103.47265625,103.47265625,103.46875,103.47265625,4629.0
2025-06-06 13:47:00+00:00,103.48046875,103.48046875,103.46875,103.47265625,2606.0
2025-06-06 13:48:00+00:00,103.47265625,103.48046875,103.47265625,103.4765625,1192.0
2025-06-06 13:49:00+00:00,103.48046875,103.48046875,103.47265625,103.4765625,1053.0
2025-06-06 13:50:00+00:00,103.48046875,103.484375,103.4765625,103.4765625,1832.0
2025-06-06 13:51:00+00:00,103.48828125,103.48828125,103.48046875,103.48046875,1424.0
2025-06-06 13:52:00+00:00,103.48828125,103.48828125,103.484375,103.48828125,966.0
2025-06-06 13:53:00+00:00,103.48828125,103.48828125,103.484375,103.48828125,818.0
2025-06-06 13:54:00+00:00,103.484375,103.484375,103.484375,103.484375,295.0
2025-06-06 13:55:00+00:00,103.484375,103.48828125,103.48046875,103.48828125,3979.0
2025-06-06 13:56:00+00:00,103.484375,103.48828125,103.484375,103.48828125,1245.0
2025-06-06 13:57:00+00:00,103.48828125,103.4921875,103.484375,103.484375,617.0
2025-06-06 13:58:00+00:00,103.48046875,103.48828125,103.48046875,103.48828125,942.0
2025-06-06 13:59:00+00:00,103.4765625,103.48046875,103.4765625,103.48046875,1493.0
2025-06-06 14:00:00+00:00,103.47265625,103.4765625,103.46875,103.47265625,1031.0
2025-06-06 14:01:00+00:00,103.4609375,103.47265625,103.45703125,103.47265625,6169.0
2025-06-06 14:02:00+00:00,103.4609375,103.46484375,103.45703125,103.45703125,2666.0
2025-06-06 14:03:00+00:00,103.46484375,103.46484375,103.4609375,103.4609375,1573.0
2025-06-06 14:04:00+00:00,103.46875,103.47265625,103.4609375,103.46484375,1359.0
2025-06-06 14:05:00+00:00,103.48046875,103.484375,103.46484375,103.46875,9235.0
2025-06-06 14:06:00+00:00,103.484375,103.48828125,103.4765625,103.484375,3431.0
2025-06-06 14:07:00+00:00,103.48046875,103.484375,103.4765625,103.48046875,3067.0
2025-06-06 14:10:00+00:00,103.484375,103.48828125,103.48046875,103.484375,7774.0
2025-06-06 14:11:00+00:00,103.48828125,103.48828125,103.484375,103.484375,1754.0
2025-06-06 14:12:00+00:00,103.484375,103.48828125,103.484375,103.48828125,1474.0
2025-06-06 14:13:00+00:00,103.48046875,103.484375,103.48046875,103.484375,1296.0
2025-06-06 14:14:00+00:00,103.4921875,103.4921875,103.48046875,103.48046875,3397.0
2025-06-06 14:15:00+00:00,103.4921875,103.4921875,103.484375,103.48828125,2086.0
2025-06-06 14:16:00+00:00,103.48828125,103.4921875,103.48828125,103.48828125,1975.0
2025-06-06 14:17:00+00:00,103.4921875,103.4921875,103.48828125,103.48828125,1429.0
2025-06-06 14:18:00+00:00,103.48828125,103.49609375,103.48828125,103.4921875,999.0
2025-06-06 14:19:00+00:00,103.4921875,103.4921875,103.48828125,103.48828125,467.0
2025-06-06 14:21:00+00:00,103.5,103.5,103.4921875,103.4921875,4693.0
2025-06-06 14:22:00+00:00,103.49609375,103.5,103.4921875,103.49609375,4373.0
2025-06-06 14:23:00+00:00,103.49609375,103.50390625,103.49609375,103.49609375,2683.0
2025-06-06 14:24:00+00:00,103.5,103.5,103.49609375,103.49609375,1025.0
2025-06-06 14:25:00+00:00,103.5,103.5,103.49609375,103.5,754.0
2025-06-06 14:26:00+00:00,103.5,103.50390625,103.49609375,103.5,1650.0
2025-06-06 14:27:00+00:00,103.50390625,103.50390625,103.5,103.5,699.0
2025-06-06 14:28:00+00:00,103.50390625,103.50390625,103.5,103.5,1004.0
2025-06-06 14:29:00+00:00,103.50390625,103.51171875,103.50390625,103.50390625,3186.0
2025-06-06 14:30:00+00:00,103.50390625,103.50390625,103.5,103.50390625,2207.0
2025-06-06 14:31:00+00:00,103.50390625,103.5078125,103.50390625,103.5078125,68.0
2025-06-06 14:32:00+00:00,103.5078125,103.5078125,103.50390625,103.5078125,1553.0
2025-06-06 14:33:00+00:00,103.5078125,103.5078125,103.50390625,103.5078125,1466.0
2025-06-06 14:34:00+00:00,103.5078125,103.51171875,103.50390625,103.50390625,1024.0
2025-06-06 14:35:00+00:00,103.50390625,103.5078125,103.50390625,103.5078125,1207.0
2025-06-06 14:36:00+00:00,103.50390625,103.50390625,103.50390625,103.50390625,556.0
2025-06-06 14:37:00+00:00,103.50390625,103.50390625,103.5,103.50390625,428.0
2025-06-06 14:38:00+00:00,103.50390625,103.50390625,103.5,103.50390625,2949.0
2025-06-06 14:41:00+00:00,103.5,103.5,103.5,103.5,3507.0
2025-06-06 14:42:00+00:00,103.50390625,103.5078125,103.5,103.50390625,3496.0
2025-06-06 14:43:00+00:00,103.5,103.5078125,103.5,103.50390625,1871.0
2025-06-06 14:44:00+00:00,103.5,103.50390625,103.5,103.50390625,990.0
2025-06-06 14:45:00+00:00,103.49609375,103.5,103.4921875,103.5,3040.0
2025-06-06 14:46:00+00:00,103.49609375,103.49609375,103.4921875,103.4921875,614.0
2025-06-06 14:47:00+00:00,103.49609375,103.5,103.49609375,103.5,195.0
2025-06-06 14:48:00+00:00,103.49609375,103.5,103.49609375,103.49609375,1585.0
2025-06-06 14:49:00+00:00,103.49609375,103.5,103.4921875,103.49609375,1916.0
2025-06-06 14:50:00+00:00,103.49609375,103.5,103.4921875,103.49609375,599.0
2025-06-06 14:51:00+00:00,103.4921875,103.49609375,103.4921875,103.49609375,973.0
2025-06-06 14:52:00+00:00,103.49609375,103.49609375,103.4921875,103.4921875,501.0
2025-06-06 14:53:00+00:00,103.50390625,103.50390625,103.49609375,103.49609375,1113.0
2025-06-06 14:54:00+00:00,103.50390625,103.50390625,103.5,103.5,3926.0
2025-06-06 14:57:00+00:00,103.49609375,103.5,103.4921875,103.49609375,2576.0
2025-06-06 14:58:00+00:00,103.49609375,103.49609375,103.4921875,103.4921875,462.0
2025-06-06 14:59:00+00:00,103.4921875,103.49609375,103.4921875,103.4921875,121.0
2025-06-06 15:00:00+00:00,103.4921875,103.49609375,103.4921875,103.4921875,452.0
2025-06-06 15:01:00+00:00,103.48828125,103.48828125,103.48828125,103.48828125,978.0
2025-06-06 15:02:00+00:00,103.48046875,103.48828125,103.48046875,103.48828125,611.0
2025-06-06 15:03:00+00:00,103.484375,103.48828125,103.48046875,103.48046875,2687.0
2025-06-06 15:04:00+00:00,103.484375,103.484375,103.48046875,103.484375,752.0
2025-06-06 15:05:00+00:00,103.484375,103.484375,103.48046875,103.48046875,836.0
2025-06-06 15:06:00+00:00,103.48046875,103.484375,103.4765625,103.48046875,2207.0
2025-06-06 15:07:00+00:00,103.4765625,103.48046875,103.4765625,103.48046875,536.0
2025-06-06 15:08:00+00:00,103.47265625,103.4765625,103.47265625,103.4765625,1455.0
2025-06-06 15:09:00+00:00,103.47265625,103.47265625,103.46875,103.47265625,1679.0
2025-06-06 15:10:00+00:00,103.47265625,103.47265625,103.46484375,103.47265625,7179.0
2025-06-06 15:11:00+00:00,103.4765625,103.4765625,103.47265625,103.47265625,3210.0
2025-06-06 15:12:00+00:00,103.4765625,103.4765625,103.47265625,103.4765625,1100.0
2025-06-06 15:13:00+00:00,103.47265625,103.4765625,103.47265625,103.4765625,5.0
2025-06-06 15:14:00+00:00,103.47265625,103.4765625,103.47265625,103.47265625,25.0
2025-06-06 15:15:00+00:00,103.46875,103.47265625,103.46484375,103.47265625,1998.0
2025-06-06 15:16:00+00:00,103.46875,103.46875,103.46484375,103.46484375,1180.0
2025-06-06 15:17:00+00:00,103.47265625,103.47265625,103.46875,103.46875,1917.0
2025-06-06 15:18:00+00:00,103.47265625,103.4765625,103.47265625,103.47265625,3421.0
2025-06-06 15:19:00+00:00,103.484375,103.484375,103.4765625,103.4765625,3077.0
2025-06-06 15:22:00+00:00,103.48046875,103.48046875,103.4765625,103.4765625,5271.0
2025-06-06 15:23:00+00:00,103.484375,103.484375,103.4765625,103.4765625,1109.0
2025-06-06 15:24:00+00:00,103.48046875,103.484375,103.48046875,103.484375,569.0
2025-06-06 15:25:00+00:00,103.48046875,103.48046875,103.47265625,103.4765625,186.0
2025-06-06 15:26:00+00:00,103.4765625,103.48046875,103.4765625,103.48046875,193.0
2025-06-06 15:27:00+00:00,103.48046875,103.484375,103.48046875,103.48046875,411.0
2025-06-06 15:28:00+00:00,103.4765625,103.48046875,103.4765625,103.48046875,727.0
2025-06-06 15:29:00+00:00,103.48046875,103.48046875,103.4765625,103.48046875,29.0
2025-06-06 15:30:00+00:00,103.4765625,103.4765625,103.47265625,103.4765625,1488.0
2025-06-06 15:31:00+00:00,103.4765625,103.4765625,103.46875,103.47265625,908.0
2025-06-06 15:32:00+00:00,103.4765625,103.4765625,103.47265625,103.4765625,394.0
2025-06-06 15:33:00+00:00,103.47265625,103.4765625,103.47265625,103.4765625,805.0
2025-06-06 15:34:00+00:00,103.47265625,103.4765625,103.46875,103.47265625,1143.0
2025-06-06 15:35:00+00:00,103.4765625,103.4765625,103.47265625,103.47265625,529.0
2025-06-06 15:36:00+00:00,103.48046875,103.48046875,103.4765625,103.4765625,1376.0
2025-06-06 15:37:00+00:00,103.484375,103.484375,103.4765625,103.48046875,758.0
2025-06-06 15:38:00+00:00,103.484375,103.484375,103.48046875,103.48046875,127.0
2025-06-06 15:39:00+00:00,103.4765625,103.484375,103.4765625,103.484375,2524.0
2025-06-06 15:40:00+00:00,103.47265625,103.48046875,103.47265625,103.4765625,693.0
2025-06-06 15:43:00+00:00,103.46875,103.46875,103.46875,103.46875,2453.0
2025-06-06 15:44:00+00:00,103.46484375,103.46875,103.46484375,103.46875,46.0
2025-06-06 15:45:00+00:00,103.46484375,103.46875,103.46484375,103.46875,2074.0
2025-06-06 15:46:00+00:00,103.4609375,103.46484375,103.4609375,103.46484375,1328.0
2025-06-06 15:47:00+00:00,103.46484375,103.46484375,103.4609375,103.4609375,675.0
2025-06-06 15:48:00+00:00,103.4609375,103.46484375,103.4609375,103.46484375,373.0
2025-06-06 15:49:00+00:00,103.45703125,103.4609375,103.45703125,103.4609375,1565.0
2025-06-06 15:50:00+00:00,103.4609375,103.4609375,103.45703125,103.4609375,283.0
2025-06-06 15:51:00+00:00,103.4609375,103.4609375,103.45703125,103.4609375,187.0
2025-06-06 15:52:00+00:00,103.46484375,103.46484375,103.4609375,103.4609375,16.0
2025-06-06 15:53:00+00:00,103.45703125,103.4609375,103.45703125,103.4609375,589.0
2025-06-06 15:54:00+00:00,103.45703125,103.4609375,103.45703125,103.4609375,260.0
2025-06-06 15:55:00+00:00,103.45703125,103.45703125,103.453125,103.45703125,387.0
2025-06-06 15:56:00+00:00,103.453125,103.453125,103.453125,103.453125,103.0
2025-06-06 15:57:00+00:00,103.45703125,103.45703125,103.44921875,103.453125,1522.0
2025-06-06 15:58:00+00:00,103.453125,103.453125,103.453125,103.453125,288.0
2025-06-06 15:59:00+00:00,103.44921875,103.45703125,103.44921875,103.453125,438.0
2025-06-06 16:00:00+00:00,103.453125,103.453125,103.44921875,103.453125,654.0
2025-06-06 16:01:00+00:00,103.453125,103.453125,103.453125,103.453125,189.0
2025-06-06 16:02:00+00:00,103.44921875,103.44921875,103.44921875,103.44921875,7.0
2025-06-06 16:03:00+00:00,103.44921875,103.453125,103.44921875,103.44921875,157.0
2025-06-06 16:04:00+00:00,103.44921875,103.44921875,103.44921875,103.44921875,1261.0
2025-06-06 16:05:00+00:00,103.44921875,103.453125,103.44921875,103.44921875,662.0
2025-06-06 16:06:00+00:00,103.453125,103.453125,103.44921875,103.44921875,981.0
2025-06-06 16:07:00+00:00,103.453125,103.453125,103.44921875,103.44921875,238.0
2025-06-06 16:08:00+00:00,103.44921875,103.453125,103.44921875,103.44921875,240.0
2025-06-06 16:09:00+00:00,103.44921875,103.453125,103.44921875,103.44921875,118.0
2025-06-06 16:10:00+00:00,103.44921875,103.453125,103.44921875,103.44921875,55.0
2025-06-06 16:11:00+00:00,103.4453125,103.453125,103.4453125,103.44921875,875.0
2025-06-06 16:12:00+00:00,103.44921875,103.44921875,103.4453125,103.4453125,180.0
2025-06-06 16:13:00+00:00,103.44921875,103.44921875,103.4453125,103.4453125,1159.0
2025-06-06 16:14:00+00:00,103.4453125,103.44921875,103.4453125,103.4453125,304.0
2025-06-06 16:15:00+00:00,103.44921875,103.44921875,103.44921875,103.44921875,943.0
2025-06-06 16:16:00+00:00,103.44140625,103.4453125,103.4375,103.4453125,1536.0
2025-06-06 16:17:00+00:00,103.44140625,103.44140625,103.4375,103.4375,91.0
2025-06-06 16:18:00+00:00,103.44140625,103.4453125,103.44140625,103.44140625,3915.0
2025-06-06 16:23:00+00:00,103.44921875,103.44921875,103.4453125,103.44921875,3242.0
2025-06-06 16:24:00+00:00,103.44921875,103.44921875,103.4453125,103.4453125,55.0
2025-06-06 16:25:00+00:00,103.4453125,103.44921875,103.4453125,103.4453125,40.0
2025-06-06 16:26:00+00:00,103.44921875,103.44921875,103.4453125,103.44921875,65.0
2025-06-06 16:27:00+00:00,103.44921875,103.453125,103.4453125,103.4453125,547.0
2025-06-06 16:28:00+00:00,103.44921875,103.453125,103.44921875,103.44921875,167.0
2025-06-06 16:29:00+00:00,103.4453125,103.4453125,103.4453125,103.4453125,252.0
2025-06-06 16:30:00+00:00,103.4453125,103.44921875,103.44140625,103.4453125,2402.0
2025-06-06 16:31:00+00:00,103.4453125,103.4453125,103.4453125,103.4453125,127.0
2025-06-06 16:32:00+00:00,103.44140625,103.4453125,103.44140625,103.4453125,1005.0
2025-06-06 16:33:00+00:00,103.4453125,103.4453125,103.44140625,103.44140625,1382.0
2025-06-06 16:34:00+00:00,103.4375,103.4453125,103.4375,103.44140625,1051.0
2025-06-06 16:35:00+00:00,103.4375,103.44140625,103.43359375,103.4375,2520.0
2025-06-06 16:36:00+00:00,103.4375,103.44140625,103.4375,103.44140625,570.0
2025-06-06 16:37:00+00:00,103.4375,103.44140625,103.4375,103.44140625,1275.0
2025-06-06 16:38:00+00:00,103.44140625,103.44140625,103.4375,103.44140625,955.0
2025-06-06 16:39:00+00:00,103.44140625,103.44140625,103.4375,103.44140625,163.0
2025-06-06 16:40:00+00:00,103.44140625,103.44140625,103.4375,103.4375,1803.0
2025-06-06 16:41:00+00:00,103.44140625,103.4453125,103.44140625,103.44140625,69.0
2025-06-06 16:42:00+00:00,103.44140625,103.44140625,103.4375,103.44140625,344.0
2025-06-06 16:43:00+00:00,103.4453125,103.4453125,103.44140625,103.44140625,1719.0
2025-06-06 16:44:00+00:00,103.4453125,103.44921875,103.4453125,103.4453125,613.0
2025-06-06 16:47:00+00:00,103.44921875,103.44921875,103.44921875,103.44921875,1216.0
2025-06-06 16:48:00+00:00,103.4453125,103.44921875,103.4453125,103.44921875,363.0
2025-06-06 16:49:00+00:00,103.4453125,103.4453125,103.4453125,103.4453125,8.0
2025-06-06 16:50:00+00:00,103.44921875,103.44921875,103.4453125,103.4453125,5.0
2025-06-06 16:51:00+00:00,103.4453125,103.4453125,103.44140625,103.4453125,458.0
2025-06-06 16:52:00+00:00,103.4453125,103.4453125,103.44140625,103.44140625,558.0
2025-06-06 16:53:00+00:00,103.4453125,103.44921875,103.4453125,103.44921875,959.0
2025-06-06 16:54:00+00:00,103.4453125,103.44921875,103.4453125,103.44921875,636.0
2025-06-06 16:55:00+00:00,103.453125,103.453125,103.44921875,103.44921875,1005.0
2025-06-06 16:56:00+00:00,103.453125,103.453125,103.44921875,103.44921875,762.0
2025-06-06 16:57:00+00:00,103.453125,103.453125,103.453125,103.453125,857.0
2025-06-06 16:58:00+00:00,103.44921875,103.453125,103.44921875,103.453125,633.0
2025-06-06 17:00:00+00:00,103.44921875,103.453125,103.4453125,103.453125,2550.0
2025-06-06 17:01:00+00:00,103.45703125,103.45703125,103.453125,103.453125,536.0
2025-06-06 17:02:00+00:00,103.453125,103.453125,103.453125,103.453125,672.0
2025-06-06 17:03:00+00:00,103.45703125,103.45703125,103.453125,103.453125,3189.0
2025-06-06 17:04:00+00:00,103.45703125,103.4609375,103.45703125,103.4609375,777.0
2025-06-06 17:05:00+00:00,103.453125,103.4609375,103.453125,103.4609375,1180.0
2025-06-06 17:06:00+00:00,103.44921875,103.44921875,103.44921875,103.44921875,2003.0
2025-06-06 17:07:00+00:00,103.44921875,103.44921875,103.4453125,103.4453125,912.0
2025-06-06 17:08:00+00:00,103.44921875,103.44921875,103.44921875,103.44921875,692.0
2025-06-06 17:09:00+00:00,103.44921875,103.44921875,103.4453125,103.44921875,244.0
2025-06-06 17:10:00+00:00,103.44921875,103.44921875,103.44921875,103.44921875,945.0
2025-06-06 17:11:00+00:00,103.453125,103.453125,103.453125,103.453125,157.0
2025-06-06 17:12:00+00:00,103.453125,103.453125,103.453125,103.453125,216.0
2025-06-06 17:13:00+00:00,103.44921875,103.453125,103.44921875,103.453125,59.0
2025-06-06 17:14:00+00:00,103.44921875,103.44921875,103.44921875,103.44921875,67.0
2025-06-06 17:15:00+00:00,103.453125,103.453125,103.44921875,103.44921875,45.0
2025-06-06 17:16:00+00:00,103.44921875,103.44921875,103.44921875,103.44921875,15.0
2025-06-06 17:17:00+00:00,103.44921875,103.453125,103.4453125,103.44921875,1369.0
2025-06-06 17:18:00+00:00,103.4453125,103.44921875,103.4453125,103.44921875,422.0
2025-06-06 17:19:00+00:00,103.45703125,103.45703125,103.4453125,103.4453125,2552.0
2025-06-06 17:20:00+00:00,103.45703125,103.45703125,103.453125,103.45703125,131.0
2025-06-06 17:21:00+00:00,103.453125,103.45703125,103.44921875,103.453125,333.0
2025-06-06 17:22:00+00:00,103.453125,103.453125,103.44921875,103.453125,1425.0
2025-06-06 17:23:00+00:00,103.4453125,103.453125,103.4453125,103.453125,370.0
2025-06-06 17:24:00+00:00,103.4453125,103.4453125,103.44140625,103.4453125,1322.0
2025-06-06 17:25:00+00:00,103.44921875,103.44921875,103.4453125,103.44921875,273.0
2025-06-06 17:26:00+00:00,103.44921875,103.44921875,103.4453125,103.4453125,672.0
2025-06-06 17:27:00+00:00,103.44921875,103.44921875,103.4453125,103.44921875,278.0
2025-06-06 17:28:00+00:00,103.44921875,103.44921875,103.4453125,103.44921875,267.0
2025-06-06 17:31:00+00:00,103.44921875,103.453125,103.44921875,103.453125,10331.0
2025-06-06 17:32:00+00:00,103.44921875,103.44921875,103.44921875,103.44921875,598.0
2025-06-06 17:33:00+00:00,103.453125,103.453125,103.44921875,103.44921875,1095.0
2025-06-06 17:34:00+00:00,103.44921875,103.44921875,103.4453125,103.44921875,310.0
2025-06-06 17:35:00+00:00,103.44921875,103.44921875,103.44921875,103.44921875,978.0
2025-06-06 17:36:00+00:00,103.44921875,103.44921875,103.4453125,103.44921875,697.0
2025-06-06 17:37:00+00:00,103.453125,103.453125,103.44921875,103.453125,252.0
2025-06-06 17:38:00+00:00,103.453125,103.453125,103.44921875,103.453125,1035.0
2025-06-06 17:39:00+00:00,103.453125,103.45703125,103.453125,103.453125,1062.0
2025-06-06 17:40:00+00:00,103.45703125,103.45703125,103.453125,103.453125,580.0
2025-06-06 17:41:00+00:00,103.453125,103.45703125,103.44921875,103.45703125,395.0
2025-06-06 17:42:00+00:00,103.44921875,103.453125,103.44921875,103.44921875,1134.0
2025-06-06 17:43:00+00:00,103.453125,103.45703125,103.453125,103.453125,757.0
2025-06-06 17:44:00+00:00,103.453125,103.45703125,103.44921875,103.453125,957.0
2025-06-06 17:45:00+00:00,103.44921875,103.453125,103.44921875,103.453125,183.0
2025-06-06 17:46:00+00:00,103.44921875,103.453125,103.44921875,103.453125,129.0
2025-06-06 17:47:00+00:00,103.453125,103.453125,103.44921875,103.453125,207.0
2025-06-06 17:48:00+00:00,103.453125,103.453125,103.44921875,103.453125,3562.0
2025-06-06 17:49:00+00:00,103.453125,103.453125,103.453125,103.453125,104.0
2025-06-06 17:50:00+00:00,103.44921875,103.44921875,103.4453125,103.44921875,471.0
2025-06-06 17:51:00+00:00,103.44921875,103.44921875,103.4453125,103.4453125,1385.0
2025-06-06 17:52:00+00:00,103.4453125,103.44921875,103.4453125,103.44921875,388.0
2025-06-06 17:53:00+00:00,103.44921875,103.44921875,103.4453125,103.44921875,409.0
2025-06-06 17:54:00+00:00,103.4453125,103.44921875,103.4453125,103.4453125,317.0
2025-06-06 17:55:00+00:00,103.44921875,103.44921875,103.44921875,103.44921875,2192.0
2025-06-06 17:56:00+00:00,103.44921875,103.44921875,103.4453125,103.4453125,104.0
2025-06-06 17:57:00+00:00,103.4453125,103.44921875,103.4453125,103.4453125,465.0
2025-06-06 17:58:00+00:00,103.4453125,103.44921875,103.4453125,103.4453125,194.0
2025-06-06 17:59:00+00:00,103.4453125,103.44921875,103.4453125,103.44921875,106.0
2025-06-06 18:00:00+00:00,103.44140625,103.44921875,103.44140625,103.44921875,616.0
2025-06-06 18:01:00+00:00,103.44140625,103.4453125,103.4375,103.44140625,1026.0
2025-06-06 18:02:00+00:00,103.4375,103.44140625,103.4375,103.44140625,773.0
2025-06-06 18:03:00+00:00,103.44140625,103.44140625,103.4375,103.4375,1995.0
2025-06-06 18:04:00+00:00,103.4453125,103.4453125,103.44140625,103.44140625,105.0
2025-06-06 18:05:00+00:00,103.44921875,103.44921875,103.4453125,103.4453125,3395.0
2025-06-06 18:06:00+00:00,103.4453125,103.4453125,103.4453125,103.4453125,517.0
2025-06-06 18:07:00+00:00,103.4453125,103.4453125,103.4453125,103.4453125,210.0
2025-06-06 18:08:00+00:00,103.44140625,103.4453125,103.44140625,103.44140625,131.0
2025-06-06 18:09:00+00:00,103.4453125,103.4453125,103.4453125,103.4453125,100.0
2025-06-06 18:10:00+00:00,103.44140625,103.4453125,103.4375,103.4453125,1983.0
2025-06-06 18:11:00+00:00,103.4375,103.44140625,103.4375,103.4375,285.0
2025-06-06 18:12:00+00:00,103.44140625,103.44140625,103.4375,103.4375,2120.0
2025-06-06 18:13:00+00:00,103.4375,103.44140625,103.4375,103.44140625,150.0
2025-06-06 18:14:00+00:00,103.44140625,103.44140625,103.4375,103.4375,186.0
2025-06-06 18:15:00+00:00,103.43359375,103.44140625,103.43359375,103.4375,751.0
2025-06-06 18:16:00+00:00,103.4375,103.4375,103.43359375,103.4375,231.0
2025-06-06 18:19:00+00:00,103.4375,103.4375,103.4375,103.4375,2389.0
2025-06-06 18:20:00+00:00,103.44140625,103.44140625,103.44140625,103.44140625,199.0
2025-06-06 18:21:00+00:00,103.44140625,103.44140625,103.4375,103.44140625,289.0
2025-06-06 18:22:00+00:00,103.44140625,103.44140625,103.4375,103.4375,388.0
2025-06-06 18:23:00+00:00,103.4375,103.44140625,103.4375,103.4375,588.0
2025-06-06 18:24:00+00:00,103.4375,103.44140625,103.4375,103.44140625,299.0
2025-06-06 18:25:00+00:00,103.4375,103.44140625,103.4375,103.4375,141.0
2025-06-06 18:26:00+00:00,103.4375,103.4375,103.4375,103.4375,1019.0
2025-06-06 18:27:00+00:00,103.44140625,103.44140625,103.4375,103.44140625,255.0
2025-06-06 18:28:00+00:00,103.4453125,103.4453125,103.4375,103.44140625,2682.0
2025-06-06 18:29:00+00:00,103.44140625,103.4453125,103.44140625,103.4453125,2196.0
2025-06-06 18:30:00+00:00,103.4375,103.44140625,103.4375,103.44140625,1997.0
2025-06-06 18:31:00+00:00,103.43359375,103.4375,103.43359375,103.43359375,1364.0
2025-06-06 18:32:00+00:00,103.4375,103.4375,103.43359375,103.43359375,361.0
2025-06-06 18:33:00+00:00,103.44140625,103.44140625,103.4375,103.4375,2783.0
2025-06-06 18:34:00+00:00,103.4453125,103.4453125,103.4375,103.4375,3216.0
2025-06-06 18:35:00+00:00,103.44921875,103.44921875,103.4453125,103.4453125,184.0
2025-06-06 18:36:00+00:00,103.44921875,103.44921875,103.4453125,103.4453125,801.0
2025-06-06 18:37:00+00:00,103.44921875,103.44921875,103.4453125,103.44921875,359.0
2025-06-06 18:38:00+00:00,103.4453125,103.44921875,103.44140625,103.44921875,1438.0
2025-06-06 18:39:00+00:00,103.4453125,103.44921875,103.4453125,103.4453125,3388.0
2025-06-06 18:40:00+00:00,103.44140625,103.44921875,103.44140625,103.4453125,600.0
2025-06-06 18:41:00+00:00,103.4453125,103.4453125,103.44140625,103.44140625,3119.0
2025-06-06 18:42:00+00:00,103.44140625,103.4453125,103.44140625,103.4453125,973.0
2025-06-06 18:43:00+00:00,103.4453125,103.4453125,103.4453125,103.4453125,165.0
2025-06-06 18:44:00+00:00,103.44921875,103.44921875,103.4453125,103.4453125,1362.0
2025-06-06 18:45:00+00:00,103.44140625,103.453125,103.44140625,103.44921875,1013.0
2025-06-06 18:46:00+00:00,103.4453125,103.44921875,103.4453125,103.4453125,1164.0
2025-06-06 18:47:00+00:00,103.4453125,103.4453125,103.44140625,103.4453125,191.0
2025-06-06 18:48:00+00:00,103.44921875,103.44921875,103.4453125,103.4453125,983.0
2025-06-06 18:49:00+00:00,103.44921875,103.44921875,103.4453125,103.44921875,251.0
2025-06-06 18:52:00+00:00,103.44140625,103.44140625,103.44140625,103.44140625,2559.0
2025-06-06 18:53:00+00:00,103.44140625,103.4453125,103.44140625,103.44140625,582.0
2025-06-06 18:54:00+00:00,103.44140625,103.4453125,103.44140625,103.44140625,337.0
2025-06-06 18:55:00+00:00,103.44140625,103.4453125,103.4375,103.44140625,1794.0
2025-06-06 18:56:00+00:00,103.4375,103.44140625,103.4375,103.44140625,1814.0
2025-06-06 18:57:00+00:00,103.4453125,103.4453125,103.4375,103.4375,2132.0
2025-06-06 18:58:00+00:00,103.4375,103.44140625,103.4375,103.44140625,706.0
2025-06-06 18:59:00+00:00,103.44140625,103.44140625,103.4375,103.4375,3781.0
2025-06-06 19:00:00+00:00,103.44140625,103.44921875,103.4375,103.4375,2816.0
2025-06-06 19:01:00+00:00,103.44140625,103.44921875,103.44140625,103.44140625,735.0
2025-06-06 19:02:00+00:00,103.4375,103.4453125,103.4375,103.44140625,505.0
2025-06-06 19:03:00+00:00,103.44140625,103.44921875,103.4375,103.4375,3225.0
2025-06-06 19:04:00+00:00,103.44140625,103.4453125,103.44140625,103.44140625,2372.0
2025-06-06 19:05:00+00:00,103.44921875,103.44921875,103.44140625,103.44140625,797.0
2025-06-06 19:06:00+00:00,103.4453125,103.44921875,103.44140625,103.44921875,1035.0
2025-06-06 19:07:00+00:00,103.44140625,103.4453125,103.44140625,103.4453125,148.0
2025-06-06 19:08:00+00:00,103.4453125,103.4453125,103.44140625,103.44140625,195.0
2025-06-06 19:09:00+00:00,103.44921875,103.44921875,103.4453125,103.4453125,1088.0
2025-06-06 19:10:00+00:00,103.44921875,103.44921875,103.4453125,103.44921875,159.0
2025-06-06 19:11:00+00:00,103.4453125,103.44921875,103.4453125,103.4453125,733.0
2025-06-06 19:12:00+00:00,103.44140625,103.4453125,103.44140625,103.4453125,133.0
2025-06-06 19:13:00+00:00,103.44140625,103.4453125,103.44140625,103.44140625,315.0
2025-06-06 19:14:00+00:00,103.44140625,103.4453125,103.44140625,103.44140625,1814.0
2025-06-06 19:15:00+00:00,103.4453125,103.4453125,103.44140625,103.44140625,557.0
2025-06-06 19:16:00+00:00,103.44921875,103.44921875,103.4453125,103.4453125,595.0
2025-06-06 19:17:00+00:00,103.44921875,103.44921875,103.4453125,103.44921875,242.0
2025-06-06 19:18:00+00:00,103.44921875,103.44921875,103.44921875,103.44921875,127.0
2025-06-06 19:19:00+00:00,103.4453125,103.44921875,103.4453125,103.44921875,258.0
2025-06-06 19:20:00+00:00,103.4453125,103.44921875,103.4453125,103.4453125,841.0
2025-06-06 19:21:00+00:00,103.4453125,103.4453125,103.44140625,103.4453125,295.0
2025-06-06 19:22:00+00:00,103.44140625,103.4453125,103.44140625,103.4453125,831.0
2025-06-06 19:23:00+00:00,103.4453125,103.4453125,103.44140625,103.4453125,471.0
2025-06-06 19:24:00+00:00,103.4453125,103.4453125,103.4453125,103.4453125,160.0
2025-06-06 19:25:00+00:00,103.4453125,103.44921875,103.4453125,103.44921875,218.0
2025-06-06 19:26:00+00:00,103.4453125,103.4453125,103.44140625,103.4453125,555.0
2025-06-06 19:27:00+00:00,103.4453125,103.4453125,103.4453125,103.4453125,125.0
2025-06-06 19:28:00+00:00,103.44921875,103.44921875,103.44140625,103.4453125,950.0
2025-06-06 19:29:00+00:00,103.453125,103.453125,103.4453125,103.44921875,2585.0
2025-06-06 19:30:00+00:00,103.453125,103.453125,103.44921875,103.44921875,11.0
2025-06-06 19:31:00+00:00,103.44921875,103.453125,103.44921875,103.44921875,2724.0
2025-06-06 19:32:00+00:00,103.44921875,103.44921875,103.44921875,103.44921875,53.0
2025-06-06 19:33:00+00:00,103.44921875,103.44921875,103.44921875,103.44921875,30.0
2025-06-06 19:35:00+00:00,103.453125,103.453125,103.44921875,103.44921875,19.0
2025-06-06 19:39:00+00:00,103.44921875,103.44921875,103.44921875,103.44921875,463.0
2025-06-06 19:40:00+00:00,103.453125,103.453125,103.44921875,103.44921875,1375.0
2025-06-06 19:41:00+00:00,103.453125,103.453125,103.453125,103.453125,801.0
2025-06-06 19:42:00+00:00,103.44921875,103.453125,103.44921875,103.453125,1466.0
2025-06-06 19:43:00+00:00,103.44921875,103.453125,103.44921875,103.44921875,175.0
2025-06-06 19:44:00+00:00,103.44921875,103.453125,103.44921875,103.453125,967.0
2025-06-06 19:45:00+00:00,103.4453125,103.44921875,103.4453125,103.44921875,591.0
2025-06-06 19:46:00+00:00,103.4453125,103.4453125,103.4453125,103.4453125,1011.0
2025-06-06 19:47:00+00:00,103.44921875,103.44921875,103.4453125,103.4453125,74.0
2025-06-06 19:48:00+00:00,103.44921875,103.44921875,103.44921875,103.44921875,2089.0
2025-06-06 19:49:00+00:00,103.4453125,103.4453125,103.4453125,103.4453125,131.0
2025-06-06 19:50:00+00:00,103.4453125,103.4453125,103.4453125,103.4453125,2722.0
2025-06-06 19:51:00+00:00,103.4453125,103.4453125,103.4453125,103.4453125,311.0
2025-06-06 19:52:00+00:00,103.4453125,103.4453125,103.4453125,103.4453125,4.0
2025-06-06 19:53:00+00:00,103.44140625,103.44921875,103.44140625,103.44921875,2982.0
2025-06-06 19:54:00+00:00,103.44140625,103.4453125,103.44140625,103.44140625,5.0
2025-06-06 19:55:00+00:00,103.4453125,103.44921875,103.44140625,103.44140625,651.0
2025-06-06 19:56:00+00:00,103.4453125,103.44921875,103.4453125,103.44921875,533.0
2025-06-06 19:57:00+00:00,103.44921875,103.44921875,103.4453125,103.44921875,589.0
2025-06-06 19:58:00+00:00,103.4453125,103.44921875,103.4453125,103.4453125,2264.0
2025-06-06 19:59:00+00:00,103.44921875,103.44921875,103.4453125,103.4453125,4080.0
2025-06-06 20:00:00+00:00,103.4453125,103.44921875,103.4453125,103.4453125,3378.0
2025-06-06 20:01:00+00:00,103.44140625,103.4453125,103.44140625,103.4453125,507.0
2025-06-06 20:02:00+00:00,103.4453125,103.4453125,103.44140625,103.4453125,54.0
2025-06-06 20:03:00+00:00,103.4453125,103.4453125,103.44140625,103.4453125,41.0
2025-06-06 20:04:00+00:00,103.44140625,103.4453125,103.44140625,103.4453125,22.0
2025-06-06 20:05:00+00:00,103.4453125,103.4453125,103.44140625,103.4453125,17.0
2025-06-06 20:06:00+00:00,103.44140625,103.44140625,103.44140625,103.44140625,1.0
2025-06-06 20:07:00+00:00,103.44140625,103.44140625,103.44140625,103.44140625,23.0
2025-06-06 20:08:00+00:00,103.4453125,103.4453125,103.44140625,103.44140625,211.0
2025-06-06 20:09:00+00:00,103.44140625,103.44140625,103.44140625,103.44140625,2.0
2025-06-06 20:10:00+00:00,103.4453125,103.4453125,103.44140625,103.44140625,3.0
2025-06-06 20:11:00+00:00,103.44140625,103.44140625,103.44140625,103.44140625,147.0
2025-06-06 20:12:00+00:00,103.44140625,103.4453125,103.44140625,103.44140625,152.0
2025-06-06 20:13:00+00:00,103.44140625,103.4453125,103.44140625,103.44140625,8.0
2025-06-06 20:14:00+00:00,103.44140625,103.44140625,103.44140625,103.44140625,1154.0
2025-06-06 20:16:00+00:00,103.44140625,103.4453125,103.44140625,103.44140625,340.0
2025-06-06 20:18:00+00:00,103.44140625,103.44140625,103.44140625,103.44140625,5.0
2025-06-06 20:19:00+00:00,103.44140625,103.44140625,103.44140625,103.44140625,152.0
2025-06-06 20:20:00+00:00,103.44140625,103.4453125,103.44140625,103.4453125,28.0
2025-06-06 20:21:00+00:00,103.44921875,103.44921875,103.4453125,103.4453125,1863.0
2025-06-06 20:22:00+00:00,103.44921875,103.44921875,103.44921875,103.44921875,14.0
2025-06-06 20:23:00+00:00,103.44921875,103.44921875,103.44921875,103.44921875,95.0
2025-06-06 20:24:00+00:00,103.44921875,103.44921875,103.44921875,103.44921875,124.0
2025-06-06 20:25:00+00:00,103.44921875,103.44921875,103.4453125,103.4453125,152.0
2025-06-06 20:26:00+00:00,103.44921875,103.44921875,103.44921875,103.44921875,1017.0
2025-06-06 20:27:00+00:00,103.453125,103.453125,103.453125,103.453125,36.0
2025-06-06 20:28:00+00:00,103.453125,103.453125,103.453125,103.453125,15.0
2025-06-06 20:29:00+00:00,103.44921875,103.453125,103.44921875,103.453125,6.0
2025-06-06 20:30:00+00:00,103.453125,103.453125,103.44921875,103.44921875,10.0
2025-06-06 20:31:00+00:00,103.453125,103.453125,103.44921875,103.44921875,75.0
2025-06-06 20:32:00+00:00,103.44921875,103.44921875,103.44921875,103.44921875,326.0
2025-06-06 20:33:00+00:00,103.453125,103.453125,103.453125,103.453125,750.0
2025-06-06 20:34:00+00:00,103.453125,103.45703125,103.453125,103.453125,211.0
2025-06-06 20:35:00+00:00,103.44921875,103.453125,103.44921875,103.453125,978.0
2025-06-06 20:36:00+00:00,103.44921875,103.44921875,103.44921875,103.44921875,8.0
2025-06-06 20:37:00+00:00,103.453125,103.453125,103.44921875,103.44921875,236.0
2025-06-06 20:40:00+00:00,103.453125,103.453125,103.44921875,103.44921875,56.0
2025-06-06 20:41:00+00:00,103.453125,103.453125,103.44921875,103.44921875,681.0
2025-06-06 20:42:00+00:00,103.453125,103.45703125,103.453125,103.453125,596.0
2025-06-06 20:43:00+00:00,103.453125,103.453125,103.453125,103.453125,167.0
2025-06-06 20:45:00+00:00,103.45703125,103.45703125,103.453125,103.453125,332.0
2025-06-06 20:46:00+00:00,103.45703125,103.45703125,103.453125,103.45703125,85.0
2025-06-06 20:47:00+00:00,103.45703125,103.45703125,103.45703125,103.45703125,5.0
2025-06-06 20:48:00+00:00,103.453125,103.453125,103.453125,103.453125,797.0
2025-06-06 20:49:00+00:00,103.453125,103.453125,103.453125,103.453125,60.0
2025-06-06 20:50:00+00:00,103.44921875,103.453125,103.44921875,103.44921875,21.0
2025-06-06 20:51:00+00:00,103.44921875,103.453125,103.44921875,103.44921875,121.0
2025-06-06 20:52:00+00:00,103.453125,103.453125,103.44921875,103.44921875,169.0
2025-06-06 20:53:00+00:00,103.453125,103.453125,103.44921875,103.453125,138.0
2025-06-06 20:54:00+00:00,103.4453125,103.44921875,103.4453125,103.44921875,620.0
2025-06-06 20:55:00+00:00,103.4453125,103.44921875,103.4453125,103.4453125,85.0
2025-06-06 20:56:00+00:00,103.44921875,103.44921875,103.4453125,103.44921875,21.0
2025-06-06 20:58:00+00:00,103.4453125,103.44921875,103.44140625,103.4453125,367.0
2025-06-06 20:59:00+00:00,103.4453125,103.44921875,103.4375,103.44140625,221.0
2025-06-08 22:00:00+00:00,103.45703125,103.4609375,103.44921875,103.4609375,0.0
2025-06-08 22:01:00+00:00,103.45703125,103.45703125,103.453125,103.453125,107.0
2025-06-08 22:02:00+00:00,103.453125,103.453125,103.453125,103.453125,64.0
2025-06-08 22:03:00+00:00,103.45703125,103.45703125,103.45703125,103.45703125,174.0
2025-06-08 22:04:00+00:00,103.45703125,103.45703125,103.45703125,103.45703125,477.0
2025-06-08 22:05:00+00:00,103.45703125,103.4609375,103.45703125,103.45703125,429.0
2025-06-08 22:06:00+00:00,103.4609375,103.4609375,103.45703125,103.45703125,286.0
2025-06-08 22:08:00+00:00,103.4609375,103.4609375,103.45703125,103.45703125,214.0
2025-06-08 22:09:00+00:00,103.46484375,103.46484375,103.46484375,103.46484375,28.0
2025-06-08 22:10:00+00:00,103.46484375,103.46484375,103.4609375,103.4609375,159.0
2025-06-08 22:11:00+00:00,103.46484375,103.46484375,103.46484375,103.46484375,213.0
2025-06-08 22:12:00+00:00,103.4609375,103.4609375,103.4609375,103.4609375,3.0
2025-06-08 22:14:00+00:00,103.4609375,103.4609375,103.4609375,103.4609375,77.0
2025-06-08 22:15:00+00:00,103.4609375,103.4609375,103.4609375,103.4609375,1.0
2025-06-08 22:17:00+00:00,103.4609375,103.46484375,103.4609375,103.4609375,148.0
2025-06-08 22:18:00+00:00,103.46484375,103.46484375,103.46484375,103.46484375,22.0
2025-06-08 22:19:00+00:00,103.4609375,103.4609375,103.4609375,103.4609375,10.0
2025-06-08 22:20:00+00:00,103.4609375,103.4609375,103.4609375,103.4609375,39.0
2025-06-08 22:23:00+00:00,103.46484375,103.46484375,103.4609375,103.46484375,28.0
2025-06-08 22:24:00+00:00,103.4609375,103.46484375,103.45703125,103.46484375,473.0
2025-06-08 22:25:00+00:00,103.46484375,103.46484375,103.46484375,103.46484375,54.0
2025-06-08 22:27:00+00:00,103.46484375,103.46484375,103.4609375,103.4609375,2.0
2025-06-08 22:28:00+00:00,103.4609375,103.46484375,103.4609375,103.46484375,7.0
2025-06-08 22:32:00+00:00,103.4609375,103.4609375,103.4609375,103.4609375,205.0
2025-06-08 22:35:00+00:00,103.46484375,103.46484375,103.46484375,103.46484375,1.0
2025-06-08 22:36:00+00:00,103.4609375,103.4609375,103.4609375,103.4609375,60.0
2025-06-08 22:37:00+00:00,103.4609375,103.4609375,103.4609375,103.4609375,74.0
2025-06-08 22:42:00+00:00,103.46875,103.46875,103.4609375,103.4609375,311.0
2025-06-08 22:43:00+00:00,103.46875,103.46875,103.46875,103.46875,1.0
2025-06-08 22:44:00+00:00,103.46484375,103.46484375,103.46484375,103.46484375,208.0
2025-06-08 22:45:00+00:00,103.46484375,103.46484375,103.46484375,103.46484375,7.0
2025-06-08 22:48:00+00:00,103.46484375,103.46484375,103.4609375,103.46484375,62.0
2025-06-08 22:49:00+00:00,103.46484375,103.46484375,103.46484375,103.46484375,132.0
2025-06-08 22:50:00+00:00,103.46484375,103.46484375,103.46484375,103.46484375,44.0
2025-06-08 22:51:00+00:00,103.46484375,103.46484375,103.46484375,103.46484375,41.0
2025-06-08 22:52:00+00:00,103.46484375,103.46484375,103.4609375,103.46484375,48.0
2025-06-08 22:53:00+00:00,103.46484375,103.46484375,103.46484375,103.46484375,45.0
2025-06-08 22:54:00+00:00,103.46484375,103.46484375,103.46484375,103.46484375,64.0
2025-06-08 22:55:00+00:00,103.46484375,103.46484375,103.46484375,103.46484375,40.0
2025-06-08 22:56:00+00:00,103.46484375,103.46484375,103.46484375,103.46484375,46.0
2025-06-08 22:57:00+00:00,103.46484375,103.46484375,103.4609375,103.46484375,121.0
2025-06-08 22:58:00+00:00,103.46484375,103.46484375,103.4609375,103.46484375,112.0
2025-06-08 22:59:00+00:00,103.46875,103.46875,103.46484375,103.46484375,423.0
2025-06-08 23:00:00+00:00,103.47265625,103.47265625,103.46875,103.46875,369.0
2025-06-08 23:01:00+00:00,103.47265625,103.47265625,103.47265625,103.47265625,51.0
2025-06-08 23:02:00+00:00,103.47265625,103.47265625,103.46875,103.47265625,60.0
2025-06-08 23:03:00+00:00,103.47265625,103.47265625,103.46875,103.47265625,46.0
2025-06-08 23:04:00+00:00,103.47265625,103.47265625,103.47265625,103.47265625,46.0
2025-06-08 23:05:00+00:00,103.47265625,103.47265625,103.46875,103.47265625,232.0
2025-06-08 23:07:00+00:00,103.47265625,103.47265625,103.46875,103.46875,41.0
2025-06-08 23:08:00+00:00,103.47265625,103.47265625,103.47265625,103.47265625,45.0
2025-06-08 23:10:00+00:00,103.47265625,103.47265625,103.46875,103.46875,624.0
2025-06-08 23:11:00+00:00,103.47265625,103.47265625,103.46875,103.47265625,0.0
