Datetime,Close,High,Low,Open,Volume
2025-05-22 22:00:00+00:00,21228.5,21236.0,21214.5,21223.75,0.0
2025-05-22 22:01:00+00:00,21221.5,21228.75,21221.0,21227.75,137.0
2025-05-22 22:02:00+00:00,21215.0,21222.5,21215.0,21222.5,111.0
2025-05-22 22:03:00+00:00,21209.5,21214.75,21207.75,21214.75,101.0
2025-05-22 22:04:00+00:00,21205.5,21209.75,21204.75,21209.5,98.0
2025-05-22 22:05:00+00:00,21210.25,21210.5,21205.5,21205.5,112.0
2025-05-22 22:06:00+00:00,21207.25,21212.0,21206.25,21210.75,120.0
2025-05-22 22:07:00+00:00,21206.5,21208.0,21205.0,21207.5,53.0
2025-05-22 22:08:00+00:00,21206.5,21208.5,21203.0,21206.0,103.0
2025-05-22 22:09:00+00:00,21204.5,21208.25,21202.5,21206.5,67.0
2025-05-22 22:10:00+00:00,21204.0,21206.75,21201.0,21204.75,69.0
2025-05-22 22:11:00+00:00,21204.0,21205.5,21202.5,21203.5,36.0
2025-05-22 22:12:00+00:00,21206.5,21208.75,21203.5,21203.75,50.0
2025-05-22 22:13:00+00:00,21200.25,21207.0,21197.5,21206.5,176.0
2025-05-22 22:14:00+00:00,21201.5,21202.75,21199.25,21200.5,30.0
2025-05-22 22:15:00+00:00,21200.5,21203.5,21200.5,21201.75,40.0
2025-05-22 22:16:00+00:00,21201.0,21202.0,21199.75,21201.25,29.0
2025-05-22 22:17:00+00:00,21202.25,21202.75,21201.0,21201.5,12.0
2025-05-22 22:18:00+00:00,21208.5,21208.5,21201.75,21202.75,61.0
2025-05-22 22:19:00+00:00,21205.75,21209.0,21205.75,21209.0,32.0
2025-05-22 22:20:00+00:00,21205.75,21207.0,21203.5,21206.0,46.0
2025-05-22 22:21:00+00:00,21204.25,21206.75,21203.5,21205.5,59.0
2025-05-22 22:22:00+00:00,21204.0,21204.5,21201.0,21204.5,97.0
2025-05-22 22:23:00+00:00,21203.5,21204.5,21203.0,21203.25,24.0
2025-05-22 22:24:00+00:00,21202.25,21203.5,21201.5,21203.5,23.0
2025-05-22 22:25:00+00:00,21200.5,21203.5,21200.0,21201.75,51.0
2025-05-22 22:26:00+00:00,21196.0,21202.25,21193.5,21201.25,175.0
2025-05-22 22:27:00+00:00,21196.75,21197.75,21194.25,21195.5,71.0
2025-05-22 22:28:00+00:00,21192.5,21196.5,21190.0,21196.5,141.0
2025-05-22 22:29:00+00:00,21192.5,21194.75,21190.75,21192.5,86.0
2025-05-22 22:30:00+00:00,21193.0,21193.5,21186.0,21192.75,213.0
2025-05-22 22:31:00+00:00,21190.75,21193.25,21189.25,21193.25,64.0
2025-05-22 22:32:00+00:00,21188.25,21190.75,21187.5,21190.0,53.0
2025-05-22 22:33:00+00:00,21187.5,21189.0,21186.5,21188.0,40.0
2025-05-22 22:34:00+00:00,21188.75,21188.75,21186.25,21187.5,39.0
2025-05-22 22:35:00+00:00,21189.0,21191.0,21186.5,21189.0,59.0
2025-05-22 22:36:00+00:00,21188.25,21190.5,21188.0,21190.5,20.0
2025-05-22 22:37:00+00:00,21188.0,21188.75,21187.5,21188.5,24.0
2025-05-22 22:38:00+00:00,21187.0,21189.25,21184.75,21188.5,74.0
2025-05-22 22:39:00+00:00,21186.5,21188.75,21186.5,21188.25,19.0
2025-05-22 22:40:00+00:00,21188.75,21190.75,21186.5,21186.5,56.0
2025-05-22 22:41:00+00:00,21187.5,21190.0,21185.75,21189.5,32.0
2025-05-22 22:42:00+00:00,21187.0,21188.25,21187.0,21187.75,18.0
2025-05-22 22:43:00+00:00,21184.5,21187.75,21183.75,21187.0,76.0
2025-05-22 22:44:00+00:00,21187.25,21187.25,21184.5,21184.75,21.0
2025-05-22 22:45:00+00:00,21185.0,21187.5,21184.25,21187.0,34.0
2025-05-22 22:46:00+00:00,21184.0,21185.0,21182.75,21185.0,36.0
2025-05-22 22:47:00+00:00,21181.25,21184.75,21180.0,21184.5,63.0
2025-05-22 22:48:00+00:00,21182.5,21183.5,21179.25,21180.75,106.0
2025-05-22 22:49:00+00:00,21178.75,21182.5,21176.75,21182.5,147.0
2025-05-22 22:50:00+00:00,21165.75,21180.0,21164.0,21178.75,343.0
2025-05-22 22:51:00+00:00,21144.5,21168.25,21142.25,21165.75,563.0
2025-05-22 22:52:00+00:00,21148.0,21151.25,21142.75,21144.25,207.0
2025-05-22 22:53:00+00:00,21142.75,21151.5,21141.25,21148.5,194.0
2025-05-22 22:54:00+00:00,21141.25,21144.0,21139.25,21143.5,147.0
2025-05-22 22:55:00+00:00,21140.25,21145.0,21139.75,21141.75,96.0
2025-05-22 22:56:00+00:00,21144.75,21145.0,21139.0,21140.75,98.0
2025-05-22 22:57:00+00:00,21145.25,21145.25,21140.75,21145.0,67.0
2025-05-22 22:58:00+00:00,21146.25,21147.0,21144.5,21145.75,49.0
2025-05-22 22:59:00+00:00,21146.75,21149.75,21146.5,21146.75,90.0
2025-05-22 23:00:00+00:00,21148.0,21149.75,21144.75,21145.75,109.0
2025-05-22 23:01:00+00:00,21139.0,21147.0,21134.0,21147.0,313.0
2025-05-22 23:02:00+00:00,21140.25,21142.0,21137.75,21138.75,61.0
2025-05-22 23:03:00+00:00,21139.5,21143.5,21138.0,21140.0,77.0
2025-05-22 23:04:00+00:00,21144.75,21145.75,21135.75,21138.75,139.0
2025-05-22 23:05:00+00:00,21144.5,21149.25,21143.0,21145.75,78.0
2025-05-22 23:06:00+00:00,21146.0,21147.0,21144.0,21144.25,41.0
2025-05-22 23:07:00+00:00,21148.25,21149.0,21145.75,21147.75,61.0
2025-05-22 23:08:00+00:00,21150.5,21151.5,21148.25,21149.0,53.0
2025-05-22 23:09:00+00:00,21149.5,21150.5,21148.5,21150.5,32.0
2025-05-22 23:10:00+00:00,21147.25,21150.25,21146.5,21149.5,55.0
2025-05-22 23:11:00+00:00,21145.5,21148.75,21145.5,21147.5,52.0
2025-05-22 23:12:00+00:00,21149.75,21151.5,21146.5,21146.5,51.0
2025-05-22 23:13:00+00:00,21155.0,21155.5,21150.0,21150.0,66.0
2025-05-22 23:14:00+00:00,21161.75,21164.0,21152.75,21153.75,205.0
2025-05-22 23:15:00+00:00,21161.75,21164.0,21160.75,21161.75,65.0
2025-05-22 23:16:00+00:00,21165.5,21168.5,21162.25,21162.5,101.0
2025-05-22 23:17:00+00:00,21167.5,21168.25,21164.25,21165.5,68.0
2025-05-22 23:18:00+00:00,21165.25,21168.25,21162.5,21167.0,74.0
2025-05-22 23:19:00+00:00,21169.75,21171.75,21165.5,21165.5,130.0
2025-05-22 23:20:00+00:00,21170.25,21170.25,21168.0,21168.75,23.0
2025-05-22 23:21:00+00:00,21169.5,21170.75,21168.25,21170.0,33.0
2025-05-22 23:22:00+00:00,21170.75,21171.75,21168.0,21170.5,72.0
2025-05-22 23:23:00+00:00,21170.75,21174.0,21170.0,21170.0,67.0
2025-05-22 23:24:00+00:00,21165.25,21172.0,21164.25,21171.0,132.0
2025-05-22 23:25:00+00:00,21169.25,21169.75,21162.75,21166.0,87.0
2025-05-22 23:26:00+00:00,21169.75,21171.0,21169.25,21170.0,36.0
2025-05-22 23:27:00+00:00,21170.0,21170.25,21168.5,21169.0,30.0
2025-05-22 23:28:00+00:00,21174.25,21176.25,21168.25,21169.25,94.0
2025-05-22 23:29:00+00:00,21171.0,21174.25,21170.0,21174.25,54.0
2025-05-22 23:30:00+00:00,21173.5,21174.75,21170.5,21171.75,68.0
2025-05-22 23:31:00+00:00,21172.25,21176.0,21171.75,21174.25,54.0
2025-05-22 23:32:00+00:00,21170.5,21172.5,21167.0,21172.25,83.0
2025-05-22 23:33:00+00:00,21167.75,21170.75,21167.75,21170.25,30.0
2025-05-22 23:34:00+00:00,21170.75,21170.75,21168.25,21169.0,28.0
2025-05-22 23:35:00+00:00,21162.0,21169.75,21161.75,21169.75,97.0
2025-05-22 23:36:00+00:00,21158.25,21162.75,21155.5,21162.0,145.0
2025-05-22 23:37:00+00:00,21158.0,21165.25,21154.75,21159.5,157.0
2025-05-22 23:38:00+00:00,21156.5,21160.0,21156.5,21157.5,31.0
2025-05-22 23:39:00+00:00,21156.5,21157.25,21154.25,21157.25,54.0
2025-05-22 23:40:00+00:00,21154.75,21156.75,21154.75,21155.75,37.0
2025-05-22 23:41:00+00:00,21160.75,21160.75,21153.25,21154.5,83.0
2025-05-22 23:42:00+00:00,21156.75,21161.0,21156.75,21161.0,28.0
2025-05-22 23:43:00+00:00,21157.5,21159.0,21155.25,21157.5,35.0
2025-05-22 23:44:00+00:00,21159.0,21159.75,21157.75,21159.25,9.0
2025-05-22 23:45:00+00:00,21160.25,21161.75,21156.75,21158.5,37.0
2025-05-22 23:46:00+00:00,21166.0,21168.5,21160.5,21160.5,139.0
2025-05-22 23:47:00+00:00,21165.75,21167.5,21164.5,21167.0,49.0
2025-05-22 23:48:00+00:00,21169.75,21170.0,21164.25,21164.75,84.0
2025-05-22 23:49:00+00:00,21170.75,21171.75,21168.5,21169.25,49.0
2025-05-22 23:50:00+00:00,21176.25,21177.75,21170.5,21170.5,115.0
2025-05-22 23:51:00+00:00,21177.5,21179.0,21175.0,21175.75,49.0
2025-05-22 23:52:00+00:00,21177.5,21178.5,21175.0,21177.75,34.0
2025-05-22 23:53:00+00:00,21177.5,21179.5,21177.5,21177.75,46.0
2025-05-22 23:54:00+00:00,21177.75,21178.25,21176.25,21177.75,35.0
2025-05-22 23:55:00+00:00,21177.75,21177.75,21173.5,21177.75,67.0
2025-05-22 23:56:00+00:00,21178.25,21178.5,21176.5,21177.75,23.0
2025-05-22 23:57:00+00:00,21180.0,21182.75,21177.25,21178.25,71.0
2025-05-22 23:58:00+00:00,21178.0,21180.25,21177.25,21180.25,69.0
2025-05-22 23:59:00+00:00,21178.75,21179.5,21177.0,21177.75,47.0
2025-05-23 00:00:00+00:00,21186.0,21190.5,21177.0,21179.25,373.0
2025-05-23 00:01:00+00:00,21192.25,21193.0,21185.75,21185.75,201.0
2025-05-23 00:02:00+00:00,21191.0,21193.25,21190.0,21192.0,88.0
2025-05-23 00:03:00+00:00,21197.0,21198.0,21191.0,21191.75,133.0
2025-05-23 00:04:00+00:00,21197.0,21201.5,21195.0,21197.5,149.0
2025-05-23 00:05:00+00:00,21196.75,21199.75,21196.0,21196.0,55.0
2025-05-23 00:06:00+00:00,21192.25,21196.75,21189.25,21196.75,139.0
2025-05-23 00:07:00+00:00,21191.5,21195.25,21190.0,21191.5,49.0
2025-05-23 00:08:00+00:00,21191.5,21194.25,21190.5,21191.75,75.0
2025-05-23 00:09:00+00:00,21189.0,21191.25,21188.5,21191.0,60.0
2025-05-23 00:10:00+00:00,21187.25,21190.0,21184.5,21189.0,122.0
2025-05-23 00:11:00+00:00,21191.75,21193.25,21187.25,21187.25,89.0
2025-05-23 00:12:00+00:00,21198.5,21200.0,21191.75,21191.75,115.0
2025-05-23 00:13:00+00:00,21196.0,21201.0,21195.25,21199.75,117.0
2025-05-23 00:14:00+00:00,21195.0,21195.0,21193.25,21195.0,46.0
2025-05-23 00:15:00+00:00,21194.75,21196.5,21192.5,21195.0,77.0
2025-05-23 00:16:00+00:00,21190.75,21195.0,21183.5,21194.75,258.0
2025-05-23 00:17:00+00:00,21189.25,21190.5,21185.5,21189.75,99.0
2025-05-23 00:18:00+00:00,21193.75,21193.75,21187.5,21187.75,39.0
2025-05-23 00:19:00+00:00,21191.25,21196.0,21191.25,21193.75,61.0
2025-05-23 00:20:00+00:00,21189.5,21192.0,21188.25,21191.0,34.0
2025-05-23 00:21:00+00:00,21187.0,21189.5,21186.5,21188.25,60.0
2025-05-23 00:22:00+00:00,21188.0,21189.5,21185.5,21188.25,63.0
2025-05-23 00:23:00+00:00,21186.5,21188.0,21184.75,21188.0,20.0
2025-05-23 00:24:00+00:00,21185.0,21187.25,21185.0,21187.0,26.0
2025-05-23 00:25:00+00:00,21187.0,21187.25,21183.25,21185.0,76.0
2025-05-23 00:26:00+00:00,21185.75,21186.5,21182.75,21186.5,82.0
2025-05-23 00:27:00+00:00,21183.75,21185.25,21181.25,21185.25,63.0
2025-05-23 00:28:00+00:00,21182.5,21184.25,21180.75,21183.75,54.0
2025-05-23 00:29:00+00:00,21191.5,21192.5,21181.75,21182.5,120.0
2025-05-23 00:30:00+00:00,21186.0,21195.25,21186.0,21191.25,113.0
2025-05-23 00:31:00+00:00,21184.5,21188.25,21182.0,21185.5,106.0
2025-05-23 00:32:00+00:00,21183.5,21184.75,21181.75,21183.0,35.0
2025-05-23 00:33:00+00:00,21184.0,21186.25,21182.25,21184.0,43.0
2025-05-23 00:34:00+00:00,21184.75,21186.0,21184.0,21184.0,31.0
2025-05-23 00:35:00+00:00,21184.0,21186.25,21183.75,21184.5,22.0
2025-05-23 00:36:00+00:00,21184.75,21184.75,21184.25,21184.5,14.0
2025-05-23 00:37:00+00:00,21197.75,21204.0,21185.5,21185.5,306.0
2025-05-23 00:38:00+00:00,21185.75,21198.0,21182.25,21197.5,320.0
2025-05-23 00:39:00+00:00,21178.75,21184.5,21178.75,21184.5,79.0
2025-05-23 00:40:00+00:00,21182.25,21184.75,21178.25,21178.75,62.0
2025-05-23 00:41:00+00:00,21181.0,21183.0,21180.5,21181.0,34.0
2025-05-23 00:42:00+00:00,21179.0,21181.5,21178.0,21180.25,58.0
2025-05-23 00:43:00+00:00,21179.75,21181.0,21177.25,21178.5,49.0
2025-05-23 00:44:00+00:00,21182.0,21182.5,21179.25,21180.25,20.0
2025-05-23 00:45:00+00:00,21185.75,21186.5,21178.75,21181.5,74.0
2025-05-23 00:46:00+00:00,21192.75,21194.0,21185.25,21185.25,74.0
2025-05-23 00:47:00+00:00,21192.25,21193.0,21190.5,21192.5,32.0
2025-05-23 00:48:00+00:00,21192.25,21195.5,21191.25,21192.0,60.0
2025-05-23 00:49:00+00:00,21191.25,21194.25,21188.75,21192.75,89.0
2025-05-23 00:50:00+00:00,21193.25,21195.75,21192.25,21192.5,54.0
2025-05-23 00:51:00+00:00,21195.5,21196.5,21194.0,21194.0,37.0
2025-05-23 00:52:00+00:00,21197.25,21198.25,21195.75,21196.25,57.0
2025-05-23 00:53:00+00:00,21195.25,21200.0,21195.0,21196.5,67.0
2025-05-23 00:54:00+00:00,21198.25,21198.5,21195.5,21196.75,37.0
2025-05-23 00:55:00+00:00,21201.0,21202.5,21199.0,21200.0,93.0
2025-05-23 00:56:00+00:00,21198.25,21201.0,21197.75,21200.75,63.0
2025-05-23 00:57:00+00:00,21198.5,21200.25,21198.5,21199.25,26.0
2025-05-23 00:58:00+00:00,21200.75,21202.5,21197.75,21197.75,58.0
2025-05-23 00:59:00+00:00,21201.0,21201.5,21199.25,21200.25,40.0
2025-05-23 01:00:00+00:00,21192.5,21201.25,21190.0,21201.25,119.0
2025-05-23 01:01:00+00:00,21184.5,21193.25,21184.25,21193.25,175.0
2025-05-23 01:02:00+00:00,21188.5,21188.5,21184.25,21184.5,62.0
2025-05-23 01:03:00+00:00,21183.75,21187.0,21183.25,21187.0,61.0
2025-05-23 01:04:00+00:00,21178.25,21184.25,21177.75,21184.25,103.0
2025-05-23 01:05:00+00:00,21175.25,21180.0,21174.5,21178.5,142.0
2025-05-23 01:06:00+00:00,21171.75,21176.5,21167.25,21176.0,196.0
2025-05-23 01:07:00+00:00,21166.0,21173.0,21165.5,21172.25,135.0
2025-05-23 01:08:00+00:00,21164.0,21166.75,21162.5,21166.0,154.0
2025-05-23 01:09:00+00:00,21162.0,21164.75,21161.5,21163.75,70.0
2025-05-23 01:10:00+00:00,21163.5,21166.75,21161.0,21162.5,84.0
2025-05-23 01:11:00+00:00,21164.25,21166.5,21164.0,21164.25,52.0
2025-05-23 01:12:00+00:00,21164.5,21165.5,21160.75,21165.5,66.0
2025-05-23 01:13:00+00:00,21161.5,21165.25,21161.0,21162.75,44.0
2025-05-23 01:14:00+00:00,21164.25,21164.25,21160.25,21161.75,37.0
2025-05-23 01:15:00+00:00,21165.75,21166.75,21163.0,21164.5,83.0
2025-05-23 01:16:00+00:00,21166.5,21169.0,21163.5,21164.0,142.0
2025-05-23 01:17:00+00:00,21172.25,21172.25,21165.5,21166.25,81.0
2025-05-23 01:18:00+00:00,21173.0,21174.25,21170.5,21172.75,69.0
2025-05-23 01:19:00+00:00,21171.5,21173.5,21170.75,21173.5,35.0
2025-05-23 01:20:00+00:00,21168.75,21173.75,21167.5,21172.0,75.0
2025-05-23 01:21:00+00:00,21166.75,21168.0,21163.75,21167.75,89.0
2025-05-23 01:22:00+00:00,21161.0,21165.75,21161.0,21165.75,100.0
2025-05-23 01:23:00+00:00,21161.25,21162.75,21158.75,21160.25,100.0
2025-05-23 01:24:00+00:00,21165.0,21166.25,21159.25,21161.0,98.0
2025-05-23 01:25:00+00:00,21178.0,21178.5,21165.25,21166.0,159.0
2025-05-23 01:26:00+00:00,21173.25,21179.5,21172.5,21178.0,248.0
2025-05-23 01:27:00+00:00,21172.75,21176.0,21172.5,21173.0,37.0
2025-05-23 01:28:00+00:00,21173.25,21175.75,21172.75,21174.25,45.0
2025-05-23 01:29:00+00:00,21173.0,21174.5,21172.25,21173.25,23.0
2025-05-23 01:30:00+00:00,21171.0,21174.5,21164.75,21173.5,166.0
2025-05-23 01:31:00+00:00,21178.25,21179.0,21173.0,21173.25,91.0
2025-05-23 01:32:00+00:00,21175.75,21180.0,21168.0,21179.0,245.0
2025-05-23 01:33:00+00:00,21176.75,21176.75,21173.0,21175.75,51.0
2025-05-23 01:34:00+00:00,21177.5,21178.5,21175.25,21175.25,27.0
2025-05-23 01:35:00+00:00,21163.5,21176.75,21162.5,21176.0,98.0
2025-05-23 01:36:00+00:00,21169.5,21170.5,21161.5,21164.5,84.0
2025-05-23 01:37:00+00:00,21167.25,21171.5,21165.75,21169.5,51.0
2025-05-23 01:38:00+00:00,21172.75,21173.0,21169.5,21170.25,45.0
2025-05-23 01:39:00+00:00,21172.25,21174.25,21171.25,21172.75,43.0
2025-05-23 01:40:00+00:00,21169.75,21173.0,21167.75,21173.0,54.0
2025-05-23 01:41:00+00:00,21170.5,21171.75,21165.75,21169.75,38.0
2025-05-23 01:42:00+00:00,21165.25,21170.25,21164.0,21169.75,48.0
2025-05-23 01:43:00+00:00,21161.25,21163.75,21160.5,21163.75,87.0
2025-05-23 01:44:00+00:00,21162.75,21163.0,21157.75,21162.5,101.0
2025-05-23 01:45:00+00:00,21161.75,21167.25,21161.0,21162.75,57.0
2025-05-23 01:46:00+00:00,21160.75,21161.75,21156.5,21161.75,74.0
2025-05-23 01:47:00+00:00,21158.5,21161.25,21158.5,21160.75,17.0
2025-05-23 01:48:00+00:00,21162.25,21162.25,21156.0,21157.75,47.0
2025-05-23 01:49:00+00:00,21162.5,21165.75,21160.0,21161.25,36.0
2025-05-23 01:50:00+00:00,21155.5,21162.25,21153.75,21162.25,78.0
2025-05-23 01:51:00+00:00,21155.25,21155.75,21152.75,21155.0,47.0
2025-05-23 01:52:00+00:00,21156.75,21157.0,21154.0,21155.25,18.0
2025-05-23 01:53:00+00:00,21164.0,21165.25,21156.5,21156.5,75.0
2025-05-23 01:54:00+00:00,21156.25,21163.0,21156.0,21163.0,84.0
2025-05-23 01:55:00+00:00,21158.5,21158.5,21153.75,21156.25,53.0
2025-05-23 01:56:00+00:00,21154.0,21159.25,21153.75,21158.0,35.0
2025-05-23 01:57:00+00:00,21153.0,21155.25,21152.5,21154.5,49.0
2025-05-23 01:58:00+00:00,21159.0,21160.25,21154.25,21154.25,58.0
2025-05-23 01:59:00+00:00,21162.25,21162.25,21157.5,21158.5,51.0
2025-05-23 02:00:00+00:00,21162.25,21165.0,21159.25,21163.5,84.0
2025-05-23 02:01:00+00:00,21164.25,21164.5,21159.0,21161.0,62.0
2025-05-23 02:02:00+00:00,21163.75,21165.0,21161.75,21163.0,45.0
2025-05-23 02:03:00+00:00,21172.25,21172.5,21162.5,21162.5,121.0
2025-05-23 02:04:00+00:00,21171.75,21173.25,21170.5,21171.75,57.0
2025-05-23 02:05:00+00:00,21171.75,21172.5,21170.0,21170.0,32.0
2025-05-23 02:06:00+00:00,21171.5,21172.0,21170.75,21171.75,26.0
2025-05-23 02:07:00+00:00,21176.25,21176.5,21172.25,21172.25,85.0
2025-05-23 02:08:00+00:00,21175.5,21176.0,21173.0,21176.0,45.0
2025-05-23 02:09:00+00:00,21175.75,21176.25,21174.25,21175.5,33.0
2025-05-23 02:10:00+00:00,21179.0,21179.0,21175.5,21176.0,61.0
2025-05-23 02:11:00+00:00,21182.0,21183.25,21177.75,21178.0,103.0
2025-05-23 02:12:00+00:00,21187.0,21187.25,21181.25,21181.5,70.0
2025-05-23 02:13:00+00:00,21189.75,21190.75,21187.25,21187.5,86.0
2025-05-23 02:14:00+00:00,21188.25,21189.0,21186.0,21189.0,46.0
2025-05-23 02:15:00+00:00,21186.0,21190.5,21186.0,21189.0,61.0
2025-05-23 02:16:00+00:00,21189.25,21190.25,21185.0,21185.75,67.0
2025-05-23 02:17:00+00:00,21192.0,21192.25,21189.75,21189.75,38.0
2025-05-23 02:18:00+00:00,21192.0,21194.5,21190.25,21192.25,85.0
2025-05-23 02:19:00+00:00,21191.25,21192.25,21190.75,21191.75,29.0
2025-05-23 02:20:00+00:00,21193.0,21193.0,21190.5,21191.5,42.0
2025-05-23 02:21:00+00:00,21195.75,21196.0,21192.75,21192.75,37.0
2025-05-23 02:22:00+00:00,21191.0,21196.75,21191.0,21196.25,107.0
2025-05-23 02:23:00+00:00,21195.25,21195.5,21192.0,21192.0,33.0
2025-05-23 02:24:00+00:00,21194.75,21196.25,21193.25,21195.25,56.0
2025-05-23 02:25:00+00:00,21197.25,21198.25,21192.75,21194.5,106.0
2025-05-23 02:26:00+00:00,21198.0,21200.0,21197.5,21197.5,82.0
2025-05-23 02:27:00+00:00,21199.75,21200.0,21198.0,21198.5,47.0
2025-05-23 02:28:00+00:00,21199.5,21200.25,21198.75,21199.75,34.0
2025-05-23 02:29:00+00:00,21198.75,21200.5,21198.25,21200.5,21.0
2025-05-23 02:30:00+00:00,21195.75,21200.0,21194.5,21199.5,99.0
2025-05-23 02:31:00+00:00,21187.0,21195.75,21186.5,21195.75,188.0
2025-05-23 02:32:00+00:00,21185.75,21189.0,21184.5,21186.5,91.0
2025-05-23 02:33:00+00:00,21179.5,21186.0,21178.75,21186.0,87.0
2025-05-23 02:34:00+00:00,21177.75,21182.0,21177.75,21179.5,72.0
2025-05-23 02:35:00+00:00,21178.5,21180.25,21177.5,21177.75,40.0
2025-05-23 02:36:00+00:00,21181.25,21183.5,21178.75,21178.75,67.0
2025-05-23 02:37:00+00:00,21178.5,21180.75,21178.25,21180.75,29.0
2025-05-23 02:38:00+00:00,21183.0,21183.25,21179.75,21180.25,31.0
2025-05-23 02:39:00+00:00,21184.5,21185.75,21182.25,21182.75,23.0
2025-05-23 02:40:00+00:00,21180.75,21185.25,21180.25,21185.25,39.0
2025-05-23 02:41:00+00:00,21179.75,21183.75,21179.25,21181.5,72.0
2025-05-23 02:42:00+00:00,21180.25,21181.0,21178.5,21179.25,24.0
2025-05-23 02:43:00+00:00,21182.5,21182.75,21179.75,21179.75,33.0
2025-05-23 02:44:00+00:00,21182.25,21182.25,21180.75,21182.0,36.0
2025-05-23 02:45:00+00:00,21182.25,21183.5,21181.25,21182.75,27.0
2025-05-23 02:46:00+00:00,21182.5,21182.75,21181.75,21181.75,17.0
2025-05-23 02:47:00+00:00,21182.5,21182.75,21180.75,21182.5,27.0
2025-05-23 02:48:00+00:00,21182.5,21183.0,21182.0,21183.0,20.0
2025-05-23 02:49:00+00:00,21183.25,21184.25,21182.0,21182.5,31.0
2025-05-23 02:50:00+00:00,21182.75,21184.75,21182.5,21184.0,13.0
2025-05-23 02:51:00+00:00,21183.0,21187.5,21182.5,21183.5,63.0
2025-05-23 02:52:00+00:00,21183.0,21183.25,21181.75,21183.0,27.0
2025-05-23 02:53:00+00:00,21183.25,21185.25,21183.25,21183.75,16.0
2025-05-23 02:54:00+00:00,21183.0,21184.25,21182.25,21182.75,16.0
2025-05-23 02:55:00+00:00,21185.0,21185.0,21183.25,21183.25,10.0
2025-05-23 02:56:00+00:00,21184.0,21185.5,21182.25,21185.5,32.0
2025-05-23 02:57:00+00:00,21187.0,21189.0,21184.5,21184.75,60.0
2025-05-23 02:58:00+00:00,21178.5,21187.25,21177.75,21187.0,83.0
2025-05-23 02:59:00+00:00,21183.75,21183.75,21179.25,21179.25,46.0
2025-05-23 03:00:00+00:00,21189.25,21190.75,21184.25,21184.25,53.0
2025-05-23 03:01:00+00:00,21190.5,21196.5,21187.5,21188.0,134.0
2025-05-23 03:02:00+00:00,21192.0,21192.0,21188.5,21189.5,81.0
2025-05-23 03:03:00+00:00,21189.75,21194.0,21189.5,21192.5,71.0
2025-05-23 03:04:00+00:00,21188.25,21190.0,21187.0,21188.75,61.0
2025-05-23 03:05:00+00:00,21178.75,21188.75,21177.0,21187.5,100.0
2025-05-23 03:06:00+00:00,21181.25,21183.25,21175.0,21178.25,133.0
2025-05-23 03:07:00+00:00,21182.75,21185.0,21180.25,21181.25,56.0
2025-05-23 03:08:00+00:00,21183.5,21184.5,21182.0,21182.5,41.0
2025-05-23 03:09:00+00:00,21182.25,21184.5,21181.75,21183.5,42.0
2025-05-23 03:10:00+00:00,21191.0,21192.75,21184.0,21184.0,113.0
2025-05-23 03:11:00+00:00,21187.75,21189.75,21186.5,21189.0,61.0
2025-05-23 03:12:00+00:00,21186.0,21187.0,21184.0,21187.0,39.0
2025-05-23 03:13:00+00:00,21188.25,21189.0,21186.5,21186.5,43.0
2025-05-23 03:14:00+00:00,21188.5,21189.75,21188.25,21189.5,29.0
2025-05-23 03:15:00+00:00,21181.75,21187.5,21180.5,21187.5,84.0
2025-05-23 03:16:00+00:00,21183.25,21183.25,21179.5,21182.0,57.0
2025-05-23 03:17:00+00:00,21183.75,21183.75,21179.75,21181.75,46.0
2025-05-23 03:18:00+00:00,21188.5,21189.25,21183.75,21183.75,40.0
2025-05-23 03:19:00+00:00,21196.0,21196.0,21189.5,21189.75,103.0
2025-05-23 03:20:00+00:00,21199.25,21200.25,21194.75,21194.75,114.0
2025-05-23 03:21:00+00:00,21202.75,21203.75,21198.75,21199.75,109.0
2025-05-23 03:22:00+00:00,21202.5,21203.5,21201.25,21203.25,58.0
2025-05-23 03:23:00+00:00,21206.25,21208.0,21202.75,21202.75,135.0
2025-05-23 03:24:00+00:00,21205.75,21208.5,21204.75,21207.5,67.0
2025-05-23 03:25:00+00:00,21206.0,21207.5,21203.25,21206.0,78.0
2025-05-23 03:26:00+00:00,21205.25,21206.75,21203.0,21205.5,78.0
2025-05-23 03:27:00+00:00,21205.0,21206.75,21201.75,21204.75,51.0
2025-05-23 03:28:00+00:00,21197.25,21204.0,21197.25,21203.5,100.0
2025-05-23 03:29:00+00:00,21199.5,21201.0,21196.25,21196.75,46.0
2025-05-23 03:30:00+00:00,21197.0,21201.75,21196.25,21200.25,94.0
2025-05-23 03:31:00+00:00,21199.25,21201.5,21198.0,21198.0,124.0
2025-05-23 03:32:00+00:00,21202.0,21202.5,21196.5,21199.0,108.0
2025-05-23 03:33:00+00:00,21196.75,21203.75,21196.75,21201.25,118.0
2025-05-23 03:34:00+00:00,21188.0,21196.0,21187.25,21196.0,139.0
2025-05-23 03:35:00+00:00,21185.0,21188.5,21181.75,21187.5,98.0
2025-05-23 03:36:00+00:00,21179.5,21184.75,21178.5,21184.25,85.0
2025-05-23 03:37:00+00:00,21181.0,21181.0,21179.0,21179.0,34.0
2025-05-23 03:38:00+00:00,21183.0,21183.0,21179.5,21179.5,25.0
2025-05-23 03:39:00+00:00,21181.25,21183.25,21180.25,21183.25,20.0
2025-05-23 03:40:00+00:00,21181.75,21182.0,21180.25,21182.0,16.0
2025-05-23 03:41:00+00:00,21180.5,21181.0,21180.0,21181.0,24.0
2025-05-23 03:42:00+00:00,21183.25,21183.25,21179.5,21179.75,45.0
2025-05-23 03:43:00+00:00,21180.75,21182.25,21180.75,21182.0,21.0
2025-05-23 03:44:00+00:00,21179.75,21180.5,21178.75,21180.0,28.0
2025-05-23 03:45:00+00:00,21183.0,21183.0,21178.75,21180.25,43.0
2025-05-23 03:46:00+00:00,21183.5,21185.5,21182.5,21184.0,68.0
2025-05-23 03:47:00+00:00,21182.5,21183.25,21182.0,21182.0,17.0
2025-05-23 03:48:00+00:00,21181.0,21182.25,21181.0,21181.25,15.0
2025-05-23 03:49:00+00:00,21184.75,21184.75,21180.0,21180.75,25.0
2025-05-23 03:50:00+00:00,21194.25,21195.25,21184.75,21185.25,123.0
2025-05-23 03:51:00+00:00,21195.75,21197.5,21194.5,21195.0,95.0
2025-05-23 03:52:00+00:00,21194.0,21194.75,21191.75,21194.75,32.0
2025-05-23 03:53:00+00:00,21192.0,21195.0,21191.25,21195.0,14.0
2025-05-23 03:54:00+00:00,21192.0,21192.25,21189.5,21191.0,36.0
2025-05-23 03:55:00+00:00,21189.0,21193.0,21189.0,21192.0,32.0
2025-05-23 03:56:00+00:00,21190.75,21190.75,21188.0,21188.0,24.0
2025-05-23 03:57:00+00:00,21192.25,21193.0,21190.5,21190.5,12.0
2025-05-23 03:58:00+00:00,21190.25,21192.5,21190.25,21192.5,28.0
2025-05-23 04:09:00+00:00,21176.25,21179.25,21176.25,21178.5,31.0
2025-05-23 04:10:00+00:00,21177.25,21178.0,21175.25,21176.25,38.0
2025-05-23 04:11:00+00:00,21176.75,21177.5,21174.25,21177.5,37.0
2025-05-23 04:12:00+00:00,21177.5,21177.5,21175.25,21175.75,16.0
2025-05-23 04:13:00+00:00,21176.25,21176.25,21173.5,21176.0,29.0
2025-05-23 04:14:00+00:00,21175.0,21175.0,21174.0,21174.5,13.0
2025-05-23 04:15:00+00:00,21176.75,21177.25,21176.0,21176.0,18.0
2025-05-23 04:16:00+00:00,21177.25,21177.25,21176.5,21177.25,13.0
2025-05-23 04:17:00+00:00,21176.25,21177.5,21175.75,21177.25,26.0
2025-05-23 04:18:00+00:00,21175.5,21175.75,21173.75,21175.75,16.0
2025-05-23 04:19:00+00:00,21172.5,21174.5,21172.25,21174.5,30.0
2025-05-23 04:20:00+00:00,21175.0,21175.75,21168.75,21172.5,100.0
2025-05-23 04:21:00+00:00,21174.0,21177.25,21173.5,21176.0,61.0
2025-05-23 04:22:00+00:00,21177.0,21177.25,21174.0,21174.0,26.0
2025-05-23 04:23:00+00:00,21176.0,21178.75,21174.5,21177.25,158.0
2025-05-23 04:24:00+00:00,21175.0,21175.25,21174.0,21175.25,32.0
2025-05-23 04:25:00+00:00,21166.75,21173.75,21166.75,21173.75,127.0
2025-05-23 04:26:00+00:00,21167.5,21169.25,21167.0,21167.5,44.0
2025-05-23 04:27:00+00:00,21169.0,21169.25,21166.5,21167.5,53.0
2025-05-23 04:28:00+00:00,21168.75,21171.0,21168.75,21170.25,67.0
2025-05-23 04:29:00+00:00,21168.75,21169.5,21168.5,21169.5,19.0
2025-05-23 04:30:00+00:00,21168.0,21170.0,21167.5,21170.0,28.0
2025-05-23 04:31:00+00:00,21167.75,21168.5,21167.0,21168.5,17.0
2025-05-23 04:32:00+00:00,21169.0,21169.25,21167.5,21167.75,24.0
2025-05-23 04:33:00+00:00,21168.25,21168.75,21167.0,21167.75,8.0
2025-05-23 04:34:00+00:00,21167.0,21169.25,21166.25,21168.25,41.0
2025-05-23 04:35:00+00:00,21167.25,21169.0,21167.25,21167.5,20.0
2025-05-23 04:36:00+00:00,21166.5,21167.75,21165.25,21167.5,31.0
2025-05-23 04:37:00+00:00,21163.5,21167.25,21163.5,21167.0,63.0
2025-05-23 04:38:00+00:00,21162.5,21164.5,21159.0,21163.75,116.0
2025-05-23 04:39:00+00:00,21158.5,21163.5,21157.0,21162.25,101.0
2025-05-23 04:40:00+00:00,21161.5,21162.0,21158.25,21158.75,82.0
2025-05-23 04:41:00+00:00,21159.25,21161.0,21159.25,21161.0,53.0
2025-05-23 04:42:00+00:00,21158.0,21161.5,21158.0,21159.75,34.0
2025-05-23 04:43:00+00:00,21158.0,21158.75,21157.5,21157.75,28.0
2025-05-23 04:44:00+00:00,21158.75,21158.75,21157.75,21158.5,17.0
2025-05-23 04:45:00+00:00,21158.0,21158.5,21155.0,21158.0,80.0
2025-05-23 04:46:00+00:00,21155.25,21156.75,21153.25,21156.75,108.0
2025-05-23 04:47:00+00:00,21150.5,21155.0,21147.5,21155.0,136.0
2025-05-23 04:48:00+00:00,21150.0,21150.25,21147.5,21150.25,35.0
2025-05-23 04:49:00+00:00,21149.25,21151.25,21148.0,21150.0,51.0
2025-05-23 04:50:00+00:00,21153.0,21153.0,21145.5,21148.25,242.0
2025-05-23 04:51:00+00:00,21155.0,21158.0,21152.5,21152.75,107.0
2025-05-23 04:52:00+00:00,21152.25,21154.75,21150.25,21154.75,75.0
2025-05-23 04:53:00+00:00,21152.25,21154.0,21150.5,21152.25,121.0
2025-05-23 04:54:00+00:00,21152.75,21154.0,21152.75,21153.25,21.0
2025-05-23 04:55:00+00:00,21151.0,21153.5,21151.0,21152.5,13.0
2025-05-23 04:56:00+00:00,21145.25,21150.25,21141.0,21150.25,143.0
2025-05-23 04:57:00+00:00,21144.75,21146.5,21144.5,21145.5,27.0
2025-05-23 04:58:00+00:00,21150.75,21151.5,21145.0,21145.0,70.0
2025-05-23 04:59:00+00:00,21153.25,21153.75,21150.5,21150.75,40.0
2025-05-23 05:00:00+00:00,21160.0,21160.75,21153.75,21154.25,85.0
2025-05-23 05:01:00+00:00,21160.5,21161.75,21156.0,21161.0,47.0
2025-05-23 05:02:00+00:00,21162.0,21163.25,21160.5,21161.0,62.0
2025-05-23 05:03:00+00:00,21161.25,21162.0,21160.25,21160.25,25.0
2025-05-23 05:04:00+00:00,21162.25,21163.5,21161.75,21162.0,53.0
2025-05-23 05:05:00+00:00,21163.75,21164.5,21162.0,21162.0,38.0
2025-05-23 05:06:00+00:00,21162.0,21163.75,21160.75,21162.75,31.0
2025-05-23 05:07:00+00:00,21167.25,21167.25,21162.0,21162.0,63.0
2025-05-23 05:08:00+00:00,21169.0,21169.0,21165.75,21166.25,53.0
2025-05-23 05:09:00+00:00,21170.0,21171.0,21166.0,21168.0,86.0
2025-05-23 05:10:00+00:00,21170.0,21172.0,21167.5,21170.0,73.0
2025-05-23 05:11:00+00:00,21172.5,21172.75,21169.0,21170.0,47.0
2025-05-23 05:12:00+00:00,21170.5,21172.5,21169.0,21171.75,32.0
2025-05-23 05:13:00+00:00,21170.75,21172.25,21169.0,21171.75,31.0
2025-05-23 05:14:00+00:00,21172.25,21173.5,21169.75,21171.0,29.0
2025-05-23 05:15:00+00:00,21171.25,21173.5,21171.25,21172.5,28.0
2025-05-23 05:16:00+00:00,21173.5,21174.25,21170.75,21171.5,23.0
2025-05-23 05:17:00+00:00,21174.0,21174.5,21172.5,21172.5,12.0
2025-05-23 05:18:00+00:00,21176.5,21176.75,21175.0,21175.0,43.0
2025-05-23 05:19:00+00:00,21175.25,21177.0,21175.25,21176.5,19.0
2025-05-23 05:20:00+00:00,21175.5,21178.5,21175.0,21176.0,83.0
2025-05-23 05:21:00+00:00,21179.25,21179.5,21176.0,21176.0,42.0
2025-05-23 05:22:00+00:00,21177.5,21179.25,21176.75,21179.25,25.0
2025-05-23 05:23:00+00:00,21179.75,21180.0,21178.5,21179.0,27.0
2025-05-23 05:24:00+00:00,21178.5,21180.0,21177.75,21180.0,21.0
2025-05-23 05:25:00+00:00,21179.5,21179.75,21178.25,21179.0,22.0
2025-05-23 05:26:00+00:00,21178.75,21181.0,21175.25,21179.5,170.0
2025-05-23 05:27:00+00:00,21181.0,21181.5,21179.25,21179.5,34.0
2025-05-23 05:28:00+00:00,21176.25,21179.75,21176.0,21179.75,147.0
2025-05-23 05:29:00+00:00,21179.75,21179.75,21175.0,21175.75,48.0
2025-05-23 05:30:00+00:00,21177.5,21179.5,21177.0,21179.5,47.0
2025-05-23 05:31:00+00:00,21173.5,21177.5,21172.75,21177.5,49.0
2025-05-23 05:32:00+00:00,21169.5,21173.5,21169.5,21172.75,94.0
2025-05-23 05:33:00+00:00,21167.0,21170.25,21164.75,21169.25,112.0
2025-05-23 05:34:00+00:00,21168.25,21170.5,21166.25,21167.25,55.0
2025-05-23 05:35:00+00:00,21167.0,21167.75,21164.75,21167.75,43.0
2025-05-23 05:36:00+00:00,21167.0,21167.25,21164.25,21167.25,64.0
2025-05-23 05:37:00+00:00,21164.0,21166.75,21162.0,21166.75,27.0
2025-05-23 05:38:00+00:00,21159.5,21164.0,21159.5,21163.25,61.0
2025-05-23 05:39:00+00:00,21161.25,21162.0,21157.75,21159.75,67.0
2025-05-23 05:40:00+00:00,21158.0,21162.25,21152.0,21160.0,188.0
2025-05-23 05:41:00+00:00,21164.0,21165.0,21157.25,21158.0,55.0
2025-05-23 05:42:00+00:00,21168.5,21170.0,21164.25,21164.25,93.0
2025-05-23 05:43:00+00:00,21169.75,21169.75,21166.5,21167.25,29.0
2025-05-23 05:44:00+00:00,21166.5,21169.0,21166.0,21169.0,18.0
2025-05-23 05:45:00+00:00,21164.5,21167.75,21162.5,21166.75,73.0
2025-05-23 05:46:00+00:00,21163.0,21163.75,21157.5,21163.25,119.0
2025-05-23 05:47:00+00:00,21157.75,21163.0,21156.25,21163.0,31.0
2025-05-23 05:48:00+00:00,21151.25,21156.25,21150.25,21156.0,110.0
2025-05-23 05:49:00+00:00,21151.25,21153.25,21149.0,21151.0,73.0
2025-05-23 05:50:00+00:00,21145.75,21150.5,21143.0,21150.5,168.0
2025-05-23 05:51:00+00:00,21145.0,21146.0,21143.0,21144.75,82.0
2025-05-23 05:52:00+00:00,21145.25,21146.5,21141.75,21144.25,47.0
2025-05-23 05:53:00+00:00,21140.75,21143.25,21140.0,21142.0,54.0
2025-05-23 05:54:00+00:00,21141.5,21142.0,21137.25,21141.25,98.0
2025-05-23 05:55:00+00:00,21139.75,21141.5,21138.25,21141.0,39.0
2025-05-23 05:56:00+00:00,21138.0,21142.5,21136.75,21140.25,43.0
2025-05-23 05:57:00+00:00,21145.0,21145.75,21137.75,21138.25,162.0
2025-05-23 05:58:00+00:00,21154.75,21155.75,21145.75,21146.0,113.0
2025-05-23 05:59:00+00:00,21153.25,21156.0,21152.0,21156.0,75.0
2025-05-23 06:00:00+00:00,21148.75,21152.0,21144.5,21152.0,145.0
2025-05-23 06:01:00+00:00,21147.5,21154.75,21146.0,21148.25,112.0
2025-05-23 06:02:00+00:00,21142.0,21149.25,21140.5,21148.0,108.0
2025-05-23 06:03:00+00:00,21138.75,21142.75,21137.0,21142.25,124.0
2025-05-23 06:04:00+00:00,21137.5,21138.25,21127.5,21138.25,292.0
2025-05-23 06:05:00+00:00,21135.25,21138.5,21132.25,21136.5,129.0
2025-05-23 06:06:00+00:00,21132.0,21134.25,21130.25,21134.0,87.0
2025-05-23 06:07:00+00:00,21130.5,21133.0,21128.75,21130.75,78.0
2025-05-23 06:08:00+00:00,21121.75,21130.0,21120.25,21130.0,343.0
2025-05-23 06:09:00+00:00,21118.5,21122.0,21117.5,21121.5,129.0
2025-05-23 06:10:00+00:00,21114.5,21118.25,21112.5,21118.25,174.0
2025-05-23 06:11:00+00:00,21114.0,21116.25,21109.25,21114.5,179.0
2025-05-23 06:12:00+00:00,21110.5,21114.5,21110.5,21113.75,89.0
2025-05-23 06:13:00+00:00,21112.0,21112.5,21109.25,21110.0,123.0
2025-05-23 06:14:00+00:00,21113.75,21115.75,21110.0,21112.5,214.0
2025-05-23 06:15:00+00:00,21107.25,21114.0,21101.75,21114.0,309.0
2025-05-23 06:16:00+00:00,21101.75,21106.5,21092.25,21106.5,389.0
2025-05-23 06:17:00+00:00,21105.0,21108.0,21101.5,21103.25,150.0
2025-05-23 06:18:00+00:00,21099.25,21106.5,21094.5,21106.25,205.0
2025-05-23 06:19:00+00:00,21097.0,21098.75,21094.75,21098.75,115.0
2025-05-23 06:20:00+00:00,21100.0,21103.0,21094.5,21095.5,128.0
2025-05-23 06:21:00+00:00,21105.5,21106.5,21098.0,21100.0,72.0
2025-05-23 06:22:00+00:00,21103.0,21106.25,21101.75,21106.0,65.0
2025-05-23 06:23:00+00:00,21105.25,21105.25,21102.0,21102.25,41.0
2025-05-23 06:24:00+00:00,21106.0,21111.75,21104.5,21105.0,182.0
2025-05-23 06:25:00+00:00,21113.5,21113.5,21102.5,21105.0,135.0
2025-05-23 06:26:00+00:00,21121.5,21123.25,21112.25,21113.5,278.0
2025-05-23 06:27:00+00:00,21117.0,21121.75,21116.5,21120.25,102.0
2025-05-23 06:28:00+00:00,21120.25,21123.75,21117.75,21118.0,98.0
2025-05-23 06:29:00+00:00,21122.0,21125.25,21118.5,21121.0,74.0
2025-05-23 06:30:00+00:00,21122.5,21125.5,21122.25,21123.0,61.0
2025-05-23 06:31:00+00:00,21124.25,21124.5,21117.0,21122.5,120.0
2025-05-23 06:32:00+00:00,21132.0,21133.0,21123.5,21125.0,179.0
2025-05-23 06:33:00+00:00,21125.0,21133.5,21123.0,21132.0,115.0
2025-05-23 06:34:00+00:00,21129.0,21131.25,21127.25,21127.25,79.0
2025-05-23 06:35:00+00:00,21124.0,21130.25,21124.0,21130.0,72.0
2025-05-23 06:36:00+00:00,21127.25,21127.5,21123.5,21125.0,43.0
2025-05-23 06:37:00+00:00,21127.25,21131.0,21127.0,21127.0,80.0
2025-05-23 06:38:00+00:00,21128.0,21129.5,21124.0,21127.0,66.0
2025-05-23 06:39:00+00:00,21133.75,21135.0,21126.0,21128.5,88.0
2025-05-23 06:40:00+00:00,21134.0,21135.75,21130.25,21134.75,86.0
2025-05-23 06:41:00+00:00,21133.5,21137.25,21132.25,21134.75,84.0
2025-05-23 06:42:00+00:00,21131.5,21133.5,21131.0,21132.75,26.0
2025-05-23 06:43:00+00:00,21133.5,21134.25,21131.75,21133.5,46.0
2025-05-23 06:44:00+00:00,21133.5,21136.25,21131.75,21134.0,49.0
2025-05-23 06:45:00+00:00,21128.5,21133.5,21124.5,21132.0,152.0
2025-05-23 06:46:00+00:00,21130.0,21132.75,21129.0,21129.0,59.0
2025-05-23 06:47:00+00:00,21130.75,21135.5,21130.25,21130.5,96.0
2025-05-23 06:48:00+00:00,21131.25,21133.5,21130.5,21132.25,58.0
2025-05-23 06:49:00+00:00,21130.0,21131.0,21121.75,21131.0,115.0
2025-05-23 06:50:00+00:00,21132.75,21135.75,21129.5,21130.0,95.0
2025-05-23 06:51:00+00:00,21132.5,21135.25,21130.0,21131.5,84.0
2025-05-23 06:52:00+00:00,21134.25,21134.25,21130.75,21131.5,14.0
2025-05-23 06:53:00+00:00,21138.5,21139.5,21133.75,21133.75,124.0
2025-05-23 06:54:00+00:00,21136.0,21139.75,21132.0,21138.75,84.0
2025-05-23 06:55:00+00:00,21135.0,21138.5,21133.5,21136.5,56.0
2025-05-23 06:56:00+00:00,21138.25,21138.75,21136.25,21136.25,39.0
2025-05-23 06:57:00+00:00,21135.75,21137.75,21133.5,21137.5,47.0
2025-05-23 06:58:00+00:00,21135.0,21140.25,21134.5,21135.0,89.0
2025-05-23 06:59:00+00:00,21133.25,21137.75,21131.75,21134.25,138.0
2025-05-23 07:00:00+00:00,21136.25,21142.0,21130.75,21134.0,314.0
2025-05-23 07:01:00+00:00,21145.25,21147.25,21136.5,21137.5,164.0
2025-05-23 07:02:00+00:00,21152.5,21153.5,21145.25,21145.25,178.0
2025-05-23 07:03:00+00:00,21153.0,21156.0,21150.5,21153.5,158.0
2025-05-23 07:04:00+00:00,21158.75,21159.0,21152.25,21152.25,109.0
2025-05-23 07:05:00+00:00,21157.0,21160.75,21157.0,21159.25,158.0
2025-05-23 07:06:00+00:00,21164.0,21164.25,21158.75,21162.0,271.0
2025-05-23 07:07:00+00:00,21169.5,21169.75,21161.25,21163.5,240.0
2025-05-23 07:08:00+00:00,21170.25,21171.0,21165.75,21169.0,297.0
2025-05-23 07:09:00+00:00,21168.25,21171.0,21166.0,21170.0,120.0
2025-05-23 07:10:00+00:00,21164.75,21169.0,21163.75,21168.75,164.0
2025-05-23 07:11:00+00:00,21169.75,21172.5,21163.0,21163.25,136.0
2025-05-23 07:12:00+00:00,21181.75,21185.0,21167.75,21170.5,355.0
2025-05-23 07:13:00+00:00,21173.25,21186.25,21172.25,21182.5,257.0
2025-05-23 07:14:00+00:00,21169.25,21172.5,21166.25,21172.25,124.0
2025-05-23 07:15:00+00:00,21169.75,21169.75,21163.75,21167.25,118.0
2025-05-23 07:16:00+00:00,21175.0,21175.0,21169.0,21169.0,159.0
2025-05-23 07:17:00+00:00,21182.75,21186.75,21170.25,21174.5,307.0
2025-05-23 07:18:00+00:00,21183.25,21184.25,21179.0,21181.75,97.0
2025-05-23 07:19:00+00:00,21184.0,21186.5,21181.75,21183.5,128.0
2025-05-23 07:20:00+00:00,21192.75,21192.75,21182.0,21183.0,239.0
2025-05-23 07:21:00+00:00,21193.0,21198.0,21190.25,21192.25,216.0
2025-05-23 07:22:00+00:00,21192.75,21194.0,21187.5,21193.0,114.0
2025-05-23 07:23:00+00:00,21196.5,21196.5,21192.5,21192.5,73.0
2025-05-23 07:24:00+00:00,21198.5,21200.5,21196.0,21197.25,128.0
2025-05-23 07:25:00+00:00,21199.75,21201.5,21196.75,21197.75,112.0
2025-05-23 07:26:00+00:00,21201.25,21203.25,21200.0,21200.5,102.0
2025-05-23 07:27:00+00:00,21203.75,21204.5,21200.0,21202.25,92.0
2025-05-23 07:28:00+00:00,21211.0,21213.5,21204.25,21204.25,332.0
2025-05-23 07:29:00+00:00,21213.5,21213.5,21209.25,21211.75,129.0
2025-05-23 07:30:00+00:00,21208.75,21215.0,21206.5,21212.75,232.0
2025-05-23 07:40:00+00:00,21201.0,21211.0,21199.75,21200.80078125,1116.0
2025-05-23 07:41:00+00:00,21208.25,21209.0,21199.0,21200.25,151.0
2025-05-23 07:42:00+00:00,21205.5,21210.0,21203.0,21208.5,103.0
2025-05-23 07:43:00+00:00,21210.0,21210.0,21205.5,21206.25,91.0
2025-05-23 07:44:00+00:00,21217.75,21218.75,21208.0,21210.0,184.0
2025-05-23 07:45:00+00:00,21213.5,21218.0,21213.0,21217.75,78.0
2025-05-23 07:46:00+00:00,21205.25,21212.75,21203.75,21212.5,220.0
2025-05-23 07:47:00+00:00,21210.75,21211.5,21204.0,21205.0,96.0
2025-05-23 07:48:00+00:00,21208.75,21212.0,21208.25,21211.0,48.0
2025-05-23 07:49:00+00:00,21207.75,21214.25,21207.75,21209.5,105.0
2025-05-23 07:50:00+00:00,21210.0,21211.75,21208.25,21208.25,47.0
2025-05-23 07:51:00+00:00,21205.0,21211.5,21202.75,21210.75,72.0
2025-05-23 07:52:00+00:00,21206.0,21207.25,21204.0,21204.25,47.0
2025-05-23 07:53:00+00:00,21208.0,21208.25,21205.5,21207.0,33.0
2025-05-23 07:54:00+00:00,21204.5,21207.75,21204.5,21207.0,31.0
2025-05-23 07:55:00+00:00,21207.0,21207.75,21204.5,21205.25,56.0
2025-05-23 07:56:00+00:00,21207.75,21208.75,21207.5,21207.75,15.0
2025-05-23 07:57:00+00:00,21206.25,21209.25,21206.0,21208.0,40.0
2025-05-23 07:58:00+00:00,21208.0,21211.0,21206.0,21206.0,58.0
2025-05-23 07:59:00+00:00,21207.25,21208.25,21205.75,21207.75,46.0
2025-05-23 08:00:00+00:00,21218.75,21218.75,21205.75,21207.25,227.0
2025-05-23 08:01:00+00:00,21216.0,21222.0,21212.25,21218.0,266.0
2025-05-23 08:02:00+00:00,21210.75,21215.25,21208.75,21214.75,100.0
2025-05-23 08:03:00+00:00,21205.75,21210.75,21205.0,21210.75,95.0
2025-05-23 08:04:00+00:00,21208.25,21208.75,21204.75,21207.0,104.0
2025-05-23 08:05:00+00:00,21210.25,21213.75,21206.25,21208.0,136.0
2025-05-23 08:06:00+00:00,21219.75,21219.75,21212.25,21213.0,155.0
2025-05-23 08:07:00+00:00,21227.0,21231.0,21219.25,21220.0,388.0
2025-05-23 08:08:00+00:00,21218.0,21228.25,21218.0,21226.5,312.0
2025-05-23 08:09:00+00:00,21216.5,21220.5,21214.5,21217.5,108.0
2025-05-23 08:10:00+00:00,21221.75,21222.25,21212.25,21217.0,105.0
2025-05-23 08:11:00+00:00,21223.75,21227.0,21221.5,21222.5,84.0
2025-05-23 08:12:00+00:00,21215.75,21224.25,21215.75,21224.25,86.0
2025-05-23 08:13:00+00:00,21211.5,21215.5,21209.5,21215.0,107.0
2025-05-23 08:14:00+00:00,21216.0,21217.25,21211.0,21211.5,89.0
2025-05-23 08:15:00+00:00,21203.25,21216.0,21202.5,21215.0,138.0
2025-05-23 08:16:00+00:00,21194.5,21203.25,21192.5,21203.25,162.0
2025-05-23 08:17:00+00:00,21201.25,21201.75,21191.75,21194.0,129.0
2025-05-23 08:18:00+00:00,21197.75,21202.0,21197.75,21200.5,126.0
2025-05-23 08:19:00+00:00,21199.0,21200.25,21196.75,21198.5,60.0
2025-05-23 08:20:00+00:00,21197.0,21201.5,21196.5,21200.0,69.0
2025-05-23 08:21:00+00:00,21196.25,21197.25,21190.25,21197.25,97.0
2025-05-23 08:22:00+00:00,21203.0,21203.75,21197.0,21197.0,128.0
2025-05-23 08:23:00+00:00,21209.5,21215.0,21203.0,21203.0,215.0
2025-05-23 08:24:00+00:00,21203.0,21209.25,21202.25,21209.25,160.0
2025-05-23 08:25:00+00:00,21204.75,21207.5,21203.75,21203.75,40.0
2025-05-23 08:26:00+00:00,21215.0,21215.0,21204.5,21205.25,70.0
2025-05-23 08:27:00+00:00,21217.0,21219.25,21213.75,21214.75,132.0
2025-05-23 08:28:00+00:00,21219.5,21222.0,21216.5,21218.0,85.0
2025-05-23 08:29:00+00:00,21217.0,21221.0,21216.0,21219.5,48.0
2025-05-23 08:30:00+00:00,21219.75,21220.0,21216.75,21217.75,68.0
2025-05-23 08:31:00+00:00,21216.75,21219.0,21215.25,21218.0,32.0
2025-05-23 08:32:00+00:00,21216.75,21218.25,21214.25,21216.25,62.0
2025-05-23 08:33:00+00:00,21202.25,21217.0,21202.0,21217.0,98.0
2025-05-23 08:34:00+00:00,21202.75,21205.25,21200.25,21201.25,66.0
2025-05-23 08:35:00+00:00,21199.0,21202.25,21198.0,21202.25,74.0
2025-05-23 08:36:00+00:00,21201.75,21202.5,21199.75,21199.75,36.0
2025-05-23 08:37:00+00:00,21202.5,21203.0,21200.75,21200.75,18.0
2025-05-23 08:38:00+00:00,21201.5,21202.25,21198.75,21201.75,28.0
2025-05-23 08:39:00+00:00,21202.5,21203.5,21202.0,21202.25,20.0
2025-05-23 08:40:00+00:00,21202.25,21204.25,21200.75,21202.5,98.0
2025-05-23 08:41:00+00:00,21204.25,21206.0,21202.75,21204.0,22.0
2025-05-23 08:42:00+00:00,21196.5,21204.5,21196.5,21203.25,82.0
2025-05-23 08:43:00+00:00,21193.5,21197.0,21193.5,21196.5,98.0
2025-05-23 08:44:00+00:00,21197.5,21197.5,21191.75,21193.5,118.0
2025-05-23 08:45:00+00:00,21196.0,21197.25,21194.5,21197.25,39.0
2025-05-23 08:46:00+00:00,21191.25,21196.25,21191.25,21195.5,42.0
2025-05-23 08:47:00+00:00,21191.75,21192.75,21188.0,21192.25,125.0
2025-05-23 08:48:00+00:00,21195.0,21195.0,21189.25,21190.5,88.0
2025-05-23 08:49:00+00:00,21196.0,21196.25,21192.0,21195.0,88.0
2025-05-23 08:50:00+00:00,21194.5,21198.0,21194.0,21197.5,55.0
2025-05-23 08:51:00+00:00,21191.25,21196.0,21189.5,21196.0,43.0
2025-05-23 08:52:00+00:00,21183.0,21191.5,21181.5,21191.0,148.0
2025-05-23 08:53:00+00:00,21182.5,21184.5,21180.5,21182.25,90.0
2025-05-23 08:54:00+00:00,21194.25,21194.25,21182.0,21182.25,132.0
2025-05-23 08:55:00+00:00,21194.75,21195.75,21190.75,21194.75,107.0
2025-05-23 08:56:00+00:00,21190.75,21197.0,21190.75,21197.0,32.0
2025-05-23 08:57:00+00:00,21188.25,21191.0,21185.75,21191.0,65.0
2025-05-23 08:58:00+00:00,21190.0,21191.5,21189.5,21190.25,22.0
2025-05-23 08:59:00+00:00,21188.0,21192.5,21186.25,21192.5,33.0
2025-05-23 09:00:00+00:00,21182.5,21187.25,21181.5,21186.75,78.0
2025-05-23 09:01:00+00:00,21178.75,21186.25,21178.0,21183.25,101.0
2025-05-23 09:02:00+00:00,21179.25,21181.0,21178.0,21178.5,65.0
2025-05-23 09:03:00+00:00,21173.25,21179.5,21168.5,21178.75,205.0
2025-05-23 09:04:00+00:00,21170.0,21173.25,21169.5,21172.25,92.0
2025-05-23 09:05:00+00:00,21176.75,21177.25,21167.25,21169.75,135.0
2025-05-23 09:06:00+00:00,21180.5,21182.75,21177.75,21178.0,64.0
2025-05-23 09:07:00+00:00,21179.0,21181.75,21177.5,21180.25,56.0
2025-05-23 09:08:00+00:00,21171.0,21179.0,21169.5,21178.0,77.0
2025-05-23 09:09:00+00:00,21179.5,21179.5,21167.0,21170.0,128.0
2025-05-23 09:10:00+00:00,21182.0,21183.75,21179.25,21179.75,61.0
2025-05-23 09:11:00+00:00,21189.0,21189.5,21181.25,21182.25,129.0
2025-05-23 09:12:00+00:00,21183.0,21189.0,21182.0,21189.0,114.0
2025-05-23 09:13:00+00:00,21180.0,21182.75,21179.0,21182.75,57.0
2025-05-23 09:14:00+00:00,21173.0,21180.25,21172.0,21179.25,88.0
2025-05-23 09:15:00+00:00,21179.25,21179.5,21170.0,21171.75,93.0
2025-05-23 09:16:00+00:00,21173.75,21179.75,21173.0,21179.75,101.0
2025-05-23 09:17:00+00:00,21174.75,21175.0,21173.25,21173.5,25.0
2025-05-23 09:18:00+00:00,21188.0,21188.0,21174.75,21175.5,115.0
2025-05-23 09:19:00+00:00,21189.0,21192.0,21186.5,21188.5,122.0
2025-05-23 09:20:00+00:00,21179.0,21190.5,21176.0,21190.0,123.0
2025-05-23 09:21:00+00:00,21176.25,21180.25,21175.5,21177.0,81.0
2025-05-23 09:22:00+00:00,21167.5,21177.25,21167.5,21175.25,134.0
2025-05-23 09:23:00+00:00,21154.5,21166.25,21154.0,21166.25,267.0
2025-05-23 09:24:00+00:00,21157.75,21161.0,21154.25,21154.5,162.0
2025-05-23 09:25:00+00:00,21150.25,21158.25,21146.5,21157.25,228.0
2025-05-23 09:26:00+00:00,21146.25,21150.0,21144.25,21149.5,129.0
2025-05-23 09:27:00+00:00,21146.5,21147.75,21140.25,21146.75,178.0
2025-05-23 09:28:00+00:00,21135.0,21149.75,21134.0,21147.5,269.0
2025-05-23 09:29:00+00:00,21120.5,21134.5,21118.0,21134.5,444.0
2025-05-23 09:30:00+00:00,21127.75,21128.0,21119.5,21120.5,125.0
2025-05-23 09:40:00+00:00,21163.5,21164.5,21158.25,21164.0,1555.0
2025-05-23 09:41:00+00:00,21160.0,21164.0,21159.5,21164.0,43.0
2025-05-23 09:42:00+00:00,21162.5,21164.25,21160.0,21160.0,50.0
2025-05-23 09:43:00+00:00,21158.75,21162.75,21157.5,21162.75,83.0
2025-05-23 09:44:00+00:00,21160.5,21163.0,21158.25,21161.0,60.0
2025-05-23 09:45:00+00:00,21163.25,21163.25,21159.25,21159.25,47.0
2025-05-23 09:46:00+00:00,21163.75,21166.5,21159.25,21163.75,86.0
2025-05-23 09:47:00+00:00,21150.25,21162.75,21145.0,21162.75,372.0
2025-05-23 09:48:00+00:00,21155.5,21155.5,21148.5,21151.0,85.0
2025-05-23 09:49:00+00:00,21160.75,21160.75,21156.0,21157.25,66.0
2025-05-23 09:50:00+00:00,21163.25,21163.75,21153.5,21162.25,125.0
2025-05-23 09:51:00+00:00,21169.75,21170.0,21162.75,21162.75,117.0
2025-05-23 09:52:00+00:00,21171.75,21173.25,21170.0,21170.0,127.0
2025-05-23 09:53:00+00:00,21179.75,21180.75,21172.25,21173.0,196.0
2025-05-23 09:54:00+00:00,21180.5,21181.5,21177.25,21179.0,91.0
2025-05-23 09:55:00+00:00,21184.0,21185.75,21181.0,21181.0,128.0
2025-05-23 09:56:00+00:00,21183.0,21187.5,21182.5,21184.25,101.0
2025-05-23 09:57:00+00:00,21184.5,21184.75,21182.75,21183.5,27.0
2025-05-23 09:58:00+00:00,21186.75,21189.75,21184.5,21185.25,89.0
2025-05-23 09:59:00+00:00,21181.25,21187.75,21180.75,21187.25,91.0
2025-05-23 10:00:00+00:00,21182.25,21183.5,21179.5,21181.75,64.0
2025-05-23 10:01:00+00:00,21180.0,21182.25,21179.0,21182.25,45.0
2025-05-23 10:02:00+00:00,21187.75,21188.25,21179.75,21180.0,82.0
2025-05-23 10:03:00+00:00,21185.75,21191.25,21185.75,21187.25,131.0
2025-05-23 10:04:00+00:00,21175.5,21185.75,21174.0,21184.5,209.0
2025-05-23 10:05:00+00:00,21176.5,21176.5,21169.5,21175.0,128.0
2025-05-23 10:06:00+00:00,21184.75,21184.75,21177.0,21177.0,91.0
2025-05-23 10:07:00+00:00,21180.25,21186.75,21179.75,21184.25,84.0
2025-05-23 10:08:00+00:00,21178.0,21181.5,21174.0,21181.25,85.0
2025-05-23 10:09:00+00:00,21176.75,21178.25,21175.5,21176.25,39.0
2025-05-23 10:10:00+00:00,21170.75,21178.5,21169.5,21176.0,83.0
2025-05-23 10:11:00+00:00,21171.5,21173.5,21169.25,21169.5,75.0
2025-05-23 10:12:00+00:00,21170.5,21172.75,21169.0,21171.5,60.0
2025-05-23 10:13:00+00:00,21163.75,21170.5,21163.25,21170.25,169.0
2025-05-23 10:14:00+00:00,21167.25,21167.25,21163.0,21164.0,66.0
2025-05-23 10:15:00+00:00,21165.25,21168.5,21163.25,21167.25,73.0
2025-05-23 10:16:00+00:00,21164.25,21168.75,21160.75,21166.75,72.0
2025-05-23 10:17:00+00:00,21165.5,21166.25,21163.75,21164.5,21.0
2025-05-23 10:18:00+00:00,21163.5,21166.75,21163.5,21165.5,29.0
2025-05-23 10:19:00+00:00,21162.0,21163.75,21156.5,21163.5,126.0
2025-05-23 10:20:00+00:00,21167.5,21170.5,21161.0,21162.0,134.0
2025-05-23 10:21:00+00:00,21170.0,21171.0,21166.75,21168.0,50.0
2025-05-23 10:22:00+00:00,21175.75,21176.0,21168.25,21170.5,94.0
2025-05-23 10:23:00+00:00,21166.0,21176.0,21165.5,21175.0,75.0
2025-05-23 10:24:00+00:00,21170.5,21173.0,21164.25,21166.5,86.0
2025-05-23 10:25:00+00:00,21175.5,21176.0,21168.25,21170.5,36.0
2025-05-23 10:26:00+00:00,21172.0,21177.0,21172.0,21175.0,61.0
2025-05-23 10:27:00+00:00,21173.75,21175.25,21171.75,21173.25,44.0
2025-05-23 10:28:00+00:00,21173.75,21175.25,21169.25,21173.25,56.0
2025-05-23 10:29:00+00:00,21170.0,21174.5,21167.25,21174.5,78.0
2025-05-23 10:30:00+00:00,21169.5,21173.75,21165.25,21171.5,68.0
2025-05-23 10:31:00+00:00,21168.25,21173.25,21167.25,21169.25,30.0
2025-05-23 10:32:00+00:00,21168.0,21169.0,21164.5,21165.75,96.0
2025-05-23 10:33:00+00:00,21164.5,21172.5,21164.0,21168.75,97.0
2025-05-23 10:34:00+00:00,21164.5,21169.5,21163.75,21164.75,82.0
2025-05-23 10:35:00+00:00,21163.75,21166.25,21157.75,21164.25,128.0
2025-05-23 10:36:00+00:00,21158.25,21163.5,21155.0,21162.5,103.0
2025-05-23 10:37:00+00:00,21153.75,21156.75,21150.5,21156.75,113.0
2025-05-23 10:38:00+00:00,21152.5,21154.25,21149.25,21153.0,138.0
2025-05-23 10:40:00+00:00,21156.75,21158.0,21147.75,21148.0,329.0
2025-05-23 10:41:00+00:00,21155.5,21160.0,21154.75,21157.25,59.0
2025-05-23 10:42:00+00:00,21154.0,21155.5,21151.5,21153.25,54.0
2025-05-23 10:43:00+00:00,21157.75,21159.75,21154.5,21154.75,64.0
2025-05-23 10:44:00+00:00,21164.75,21165.25,21156.5,21160.0,150.0
2025-05-23 10:45:00+00:00,21165.25,21170.25,21165.25,21165.75,149.0
2025-05-23 10:46:00+00:00,21161.5,21166.25,21161.0,21166.25,79.0
2025-05-23 10:47:00+00:00,21167.0,21169.25,21159.0,21161.75,76.0
2025-05-23 10:48:00+00:00,21174.75,21175.0,21167.5,21167.5,72.0
2025-05-23 10:49:00+00:00,21172.75,21174.5,21169.5,21174.0,76.0
2025-05-23 10:50:00+00:00,21173.25,21173.75,21170.75,21173.5,22.0
2025-05-23 10:51:00+00:00,21173.0,21176.5,21171.75,21173.75,51.0
2025-05-23 10:52:00+00:00,21168.5,21172.5,21168.0,21172.5,36.0
2025-05-23 10:53:00+00:00,21168.0,21171.5,21167.0,21167.75,32.0
2025-05-23 10:54:00+00:00,21161.5,21167.0,21161.25,21167.0,74.0
2025-05-23 10:55:00+00:00,21161.75,21165.75,21160.5,21162.0,65.0
2025-05-23 10:56:00+00:00,21163.75,21164.25,21161.0,21163.75,55.0
2025-05-23 10:57:00+00:00,21170.0,21170.0,21162.25,21163.0,65.0
2025-05-23 10:58:00+00:00,21174.25,21175.5,21170.25,21170.25,58.0
2025-05-23 10:59:00+00:00,21177.0,21178.25,21173.75,21173.75,70.0
2025-05-23 11:00:00+00:00,21175.25,21179.25,21173.75,21176.75,147.0
2025-05-23 11:01:00+00:00,21180.75,21181.75,21171.75,21175.5,89.0
2025-05-23 11:02:00+00:00,21181.5,21183.25,21179.0,21180.75,67.0
2025-05-23 11:03:00+00:00,21179.25,21182.5,21178.75,21181.25,41.0
2025-05-23 11:04:00+00:00,21166.0,21181.5,21165.5,21180.0,259.0
2025-05-23 11:05:00+00:00,21156.25,21167.0,21156.25,21165.0,239.0
2025-05-23 11:06:00+00:00,21159.5,21162.75,21158.0,21158.25,99.0
2025-05-23 11:07:00+00:00,21161.25,21161.25,21155.75,21160.0,100.0
2025-05-23 11:08:00+00:00,21164.5,21165.0,21160.25,21161.0,65.0
2025-05-23 11:09:00+00:00,21166.0,21170.0,21164.75,21166.0,109.0
2025-05-23 11:10:00+00:00,21171.5,21171.75,21164.0,21166.75,111.0
2025-05-23 11:11:00+00:00,21167.75,21171.75,21162.5,21171.75,129.0
2025-05-23 11:12:00+00:00,21165.75,21168.5,21165.5,21168.0,50.0
2025-05-23 11:13:00+00:00,21168.25,21171.0,21165.0,21167.25,52.0
2025-05-23 11:14:00+00:00,21166.75,21169.75,21166.75,21167.25,62.0
2025-05-23 11:15:00+00:00,21173.75,21174.5,21165.5,21167.75,66.0
2025-05-23 11:16:00+00:00,21176.75,21177.0,21172.75,21174.25,70.0
2025-05-23 11:17:00+00:00,21173.0,21181.25,21171.75,21176.0,103.0
2025-05-23 11:18:00+00:00,21169.75,21173.0,21167.0,21172.0,73.0
2025-05-23 11:19:00+00:00,21113.75,21169.5,21108.5,21169.5,1096.0
2025-05-23 11:20:00+00:00,21081.75,21112.5,21069.5,21112.5,2768.0
2025-05-23 11:21:00+00:00,21073.25,21094.75,21068.75,21081.0,1127.0
2025-05-23 11:22:00+00:00,21065.0,21077.75,21058.0,21072.0,1124.0
2025-05-23 11:23:00+00:00,21077.0,21078.5,21052.0,21066.0,973.0
2025-05-23 11:24:00+00:00,21073.25,21079.0,21060.75,21075.75,719.0
2025-05-23 11:25:00+00:00,21073.75,21085.25,21070.25,21074.5,487.0
2025-05-23 11:26:00+00:00,21082.5,21085.5,21073.25,21075.25,409.0
2025-05-23 11:27:00+00:00,21092.0,21097.0,21073.5,21082.75,601.0
2025-05-23 11:28:00+00:00,21093.0,21094.25,21087.5,21092.0,228.0
2025-05-23 11:29:00+00:00,21090.0,21099.75,21088.75,21092.75,299.0
2025-05-23 11:30:00+00:00,21103.25,21105.0,21088.0,21089.0,599.0
2025-05-23 11:31:00+00:00,21100.75,21106.75,21094.25,21104.25,352.0
2025-05-23 11:32:00+00:00,21095.5,21102.25,21087.25,21100.75,363.0
2025-05-23 11:33:00+00:00,21107.5,21109.25,21092.25,21096.0,251.0
2025-05-23 11:34:00+00:00,21105.75,21115.0,21104.0,21107.5,402.0
2025-05-23 11:35:00+00:00,21096.0,21114.75,21095.75,21106.0,346.0
2025-05-23 11:36:00+00:00,21081.75,21097.75,21076.5,21095.0,419.0
2025-05-23 11:37:00+00:00,21080.75,21085.25,21077.5,21082.0,224.0
2025-05-23 11:38:00+00:00,21101.25,21103.0,21080.75,21080.75,232.0
2025-05-23 11:39:00+00:00,21106.5,21109.25,21097.0,21101.75,210.0
2025-05-23 11:40:00+00:00,21108.5,21111.75,21100.5,21106.5,334.0
2025-05-23 11:41:00+00:00,21096.0,21108.0,21094.5,21108.0,188.0
2025-05-23 11:42:00+00:00,21097.0,21100.75,21094.5,21094.5,126.0
2025-05-23 11:43:00+00:00,21019.75,21099.25,21017.0,21096.25,2221.0
2025-05-23 11:44:00+00:00,20945.5,21020.0,20892.25,21019.25,4545.0
2025-05-23 11:45:00+00:00,20902.0,20950.75,20898.75,20945.0,1482.0
2025-05-23 11:46:00+00:00,20892.0,20907.0,20871.25,20900.5,2085.0
2025-05-23 11:47:00+00:00,20934.75,20936.25,20876.0,20891.25,1404.0
2025-05-23 11:48:00+00:00,20856.0,20935.5,20850.5,20934.5,1598.0
2025-05-23 11:49:00+00:00,20867.75,20882.25,20841.0,20856.0,1228.0
2025-05-23 11:50:00+00:00,20884.0,20884.75,20850.0,20866.5,1109.0
2025-05-23 11:51:00+00:00,20877.0,20879.25,20849.25,20872.25,1315.0
2025-05-23 11:52:00+00:00,20868.5,20888.75,20853.25,20875.5,1230.0
2025-05-23 11:53:00+00:00,20874.25,20875.0,20859.5,20869.75,619.0
2025-05-23 11:54:00+00:00,20904.5,20904.5,20866.0,20874.0,1032.0
2025-05-23 11:55:00+00:00,20887.75,20908.0,20882.0,20903.0,895.0
2025-05-23 11:56:00+00:00,20841.5,20886.25,20839.75,20884.5,1409.0
2025-05-23 11:57:00+00:00,20825.0,20857.75,20823.5,20840.25,1442.0
2025-05-23 11:58:00+00:00,20827.0,20830.25,20814.0,20824.25,1198.0
2025-05-23 11:59:00+00:00,20833.75,20833.75,20803.0,20825.5,1039.0
2025-05-23 12:00:00+00:00,20800.75,20836.25,20795.5,20835.0,1519.0
2025-05-23 12:01:00+00:00,20825.5,20840.0,20784.25,20799.75,1904.0
2025-05-23 12:02:00+00:00,20823.75,20830.5,20795.25,20827.5,856.0
2025-05-23 12:03:00+00:00,20795.25,20824.75,20793.5,20823.5,773.0
2025-05-23 12:04:00+00:00,20792.0,20804.0,20781.0,20794.25,1007.0
2025-05-23 12:05:00+00:00,20792.75,20812.25,20785.5,20792.0,1162.0
2025-05-23 12:06:00+00:00,20777.75,20793.75,20757.0,20793.75,1556.0
2025-05-23 12:07:00+00:00,20783.25,20789.0,20771.5,20780.0,754.0
2025-05-23 12:08:00+00:00,20809.75,20813.25,20763.75,20781.25,1078.0
2025-05-23 12:09:00+00:00,20796.75,20819.25,20794.5,20809.5,834.0
2025-05-23 12:10:00+00:00,20795.0,20798.75,20780.0,20797.75,749.0
2025-05-23 12:11:00+00:00,20778.5,20811.75,20774.25,20796.0,825.0
2025-05-23 12:12:00+00:00,20784.0,20792.25,20778.0,20779.75,157.0
2025-05-23 12:13:00+00:00,20756.0,20768.5,20745.75,20767.25,1577.0
2025-05-23 12:14:00+00:00,20781.75,20786.0,20753.25,20755.5,934.0
2025-05-23 12:15:00+00:00,20787.25,20793.75,20780.5,20782.25,982.0
2025-05-23 12:16:00+00:00,20779.25,20790.25,20773.5,20786.0,787.0
2025-05-23 12:17:00+00:00,20806.5,20818.0,20779.25,20779.75,1112.0
2025-05-23 12:18:00+00:00,20795.0,20807.5,20785.5,20807.25,641.0
2025-05-23 12:19:00+00:00,20782.5,20796.75,20773.25,20793.0,603.0
2025-05-23 12:20:00+00:00,20771.0,20783.5,20765.0,20780.5,651.0
2025-05-23 12:21:00+00:00,20762.5,20770.5,20752.25,20770.5,792.0
2025-05-23 12:22:00+00:00,20754.25,20765.25,20750.0,20761.5,759.0
2025-05-23 12:23:00+00:00,20744.5,20760.0,20741.75,20754.0,776.0
2025-05-23 12:24:00+00:00,20751.0,20754.5,20727.25,20744.25,1240.0
2025-05-23 12:25:00+00:00,20762.25,20768.25,20745.75,20751.25,827.0
2025-05-23 12:26:00+00:00,20782.5,20784.0,20762.5,20763.0,762.0
2025-05-23 12:27:00+00:00,20786.25,20795.75,20778.75,20782.5,567.0
2025-05-23 12:28:00+00:00,20797.75,20804.5,20785.0,20785.75,694.0
2025-05-23 12:29:00+00:00,20817.0,20823.0,20797.5,20797.5,976.0
2025-05-23 12:30:00+00:00,20819.75,20820.0,20795.5,20816.25,873.0
2025-05-23 12:31:00+00:00,20797.25,20835.75,20791.0,20820.75,1158.0
2025-05-23 12:32:00+00:00,20817.5,20823.0,20796.0,20796.0,606.0
2025-05-23 12:33:00+00:00,20811.0,20822.0,20807.75,20818.5,451.0
2025-05-23 12:34:00+00:00,20812.75,20817.5,20810.0,20811.0,264.0
2025-05-23 12:35:00+00:00,20829.25,20830.5,20806.0,20813.25,546.0
2025-05-23 12:36:00+00:00,20813.5,20831.5,20804.25,20828.25,676.0
2025-05-23 12:37:00+00:00,20828.0,20829.0,20801.75,20813.75,417.0
2025-05-23 12:38:00+00:00,20816.75,20838.25,20813.25,20829.25,658.0
2025-05-23 12:39:00+00:00,20809.25,20817.75,20804.75,20815.0,302.0
2025-05-23 12:40:00+00:00,20808.0,20812.5,20788.5,20808.25,625.0
2025-05-23 12:41:00+00:00,20808.75,20815.25,20801.75,20808.5,403.0
2025-05-23 12:42:00+00:00,20809.5,20814.0,20805.5,20808.5,432.0
2025-05-23 12:43:00+00:00,20811.5,20818.75,20808.0,20810.25,367.0
2025-05-23 12:44:00+00:00,20817.5,20821.0,20805.0,20811.5,276.0
2025-05-23 12:45:00+00:00,20818.0,20823.5,20814.0,20818.5,395.0
2025-05-23 12:46:00+00:00,20814.0,20830.0,20809.25,20817.75,556.0
2025-05-23 12:47:00+00:00,20803.75,20814.25,20796.5,20813.5,491.0
2025-05-23 12:48:00+00:00,20809.0,20809.0,20784.0,20805.25,647.0
2025-05-23 12:49:00+00:00,20819.0,20821.25,20803.5,20809.25,466.0
2025-05-23 12:50:00+00:00,20804.0,20820.0,20795.5,20818.5,420.0
2025-05-23 12:51:00+00:00,20815.75,20815.75,20802.0,20805.5,297.0
2025-05-23 12:52:00+00:00,20797.5,20817.0,20796.75,20816.0,277.0
2025-05-23 12:53:00+00:00,20796.0,20808.0,20791.25,20797.25,504.0
2025-05-23 12:54:00+00:00,20793.5,20801.25,20780.0,20795.25,805.0
2025-05-23 12:55:00+00:00,20788.5,20797.75,20784.25,20794.0,263.0
2025-05-23 12:56:00+00:00,20781.0,20789.25,20778.5,20788.75,411.0
2025-05-23 12:57:00+00:00,20795.5,20796.5,20780.5,20782.0,398.0
2025-05-23 12:58:00+00:00,20793.25,20798.0,20787.25,20795.75,383.0
2025-05-23 12:59:00+00:00,20800.75,20802.75,20780.25,20794.0,417.0
2025-05-23 13:00:00+00:00,20771.75,20803.0,20768.25,20801.75,701.0
2025-05-23 13:01:00+00:00,20783.25,20794.0,20770.0,20772.25,694.0
2025-05-23 13:02:00+00:00,20776.75,20792.0,20776.0,20782.25,321.0
2025-05-23 13:03:00+00:00,20765.5,20777.0,20763.25,20775.75,660.0
2025-05-23 13:04:00+00:00,20770.0,20782.75,20764.0,20766.25,533.0
2025-05-23 13:05:00+00:00,20771.5,20777.0,20763.5,20770.75,402.0
2025-05-23 13:06:00+00:00,20777.75,20779.0,20769.0,20770.0,505.0
2025-05-23 13:07:00+00:00,20783.25,20790.25,20772.75,20778.5,482.0
2025-05-23 13:08:00+00:00,20791.75,20795.0,20781.5,20782.0,324.0
2025-05-23 13:09:00+00:00,20804.75,20806.0,20790.75,20791.5,444.0
2025-05-23 13:10:00+00:00,20804.5,20809.25,20799.75,20805.5,328.0
2025-05-23 13:11:00+00:00,20805.0,20811.25,20796.75,20805.0,334.0
2025-05-23 13:12:00+00:00,20793.0,20805.0,20790.0,20805.0,320.0
2025-05-23 13:13:00+00:00,20780.25,20790.5,20774.25,20790.5,440.0
2025-05-23 13:14:00+00:00,20782.0,20787.5,20777.5,20779.75,213.0
2025-05-23 13:15:00+00:00,20793.0,20794.25,20775.25,20782.25,462.0
2025-05-23 13:16:00+00:00,20787.75,20797.75,20787.0,20792.5,372.0
2025-05-23 13:17:00+00:00,20794.5,20794.5,20785.0,20788.75,254.0
2025-05-23 13:18:00+00:00,20794.25,20796.0,20788.5,20793.75,197.0
2025-05-23 13:19:00+00:00,20794.0,20804.75,20756.75,20795.25,1427.0
2025-05-23 13:20:00+00:00,20793.75,20797.0,20770.5,20795.25,534.0
2025-05-23 13:21:00+00:00,20779.5,20794.25,20777.25,20793.25,562.0
2025-05-23 13:22:00+00:00,20775.5,20785.0,20775.25,20777.75,284.0
2025-05-23 13:23:00+00:00,20785.25,20785.25,20770.5,20775.75,453.0
2025-05-23 13:24:00+00:00,20792.0,20793.25,20780.25,20784.0,325.0
2025-05-23 13:25:00+00:00,20816.5,20817.5,20792.25,20793.25,944.0
2025-05-23 13:26:00+00:00,20833.0,20834.5,20816.75,20817.75,1102.0
2025-05-23 13:27:00+00:00,20834.5,20844.75,20830.75,20832.5,991.0
2025-05-23 13:28:00+00:00,20844.5,20848.5,20831.25,20834.75,723.0
2025-05-23 13:29:00+00:00,20850.25,20851.0,20834.75,20845.5,1008.0
2025-05-23 13:30:00+00:00,20848.0,20875.75,20822.5,20850.5,6383.0
2025-05-23 13:31:00+00:00,20838.75,20864.0,20825.0,20848.25,3592.0
2025-05-23 13:32:00+00:00,20875.0,20880.0,20830.25,20838.75,2638.0
2025-05-23 13:33:00+00:00,20902.0,20907.25,20863.5,20874.75,3599.0
2025-05-23 13:34:00+00:00,20909.0,20923.5,20893.5,20902.75,3126.0
2025-05-23 13:35:00+00:00,20934.75,20938.75,20903.0,20908.25,2785.0
2025-05-23 13:36:00+00:00,20941.25,20951.0,20918.5,20935.25,2421.0
2025-05-23 13:37:00+00:00,20928.0,20953.75,20923.75,20942.0,1923.0
2025-05-23 13:38:00+00:00,20934.5,20942.0,20918.5,20926.75,1644.0
2025-05-23 13:39:00+00:00,20919.0,20937.5,20908.5,20933.25,2136.0
2025-05-23 13:40:00+00:00,20911.0,20922.75,20900.5,20918.5,2018.0
2025-05-23 13:41:00+00:00,20928.75,20936.0,20898.0,20910.25,1943.0
2025-05-23 13:42:00+00:00,20901.75,20932.25,20889.75,20928.5,1689.0
2025-05-23 13:43:00+00:00,20881.25,20915.25,20874.5,20903.0,1689.0
2025-05-23 13:44:00+00:00,20906.75,20912.25,20873.75,20882.25,2048.0
2025-05-23 13:45:00+00:00,20876.5,20910.75,20870.5,20906.75,1908.0
2025-05-23 13:46:00+00:00,20865.0,20875.0,20854.5,20874.75,2285.0
2025-05-23 13:47:00+00:00,20862.75,20874.5,20851.0,20863.5,1421.0
2025-05-23 13:48:00+00:00,20861.75,20877.25,20844.5,20863.25,1686.0
2025-05-23 13:49:00+00:00,20862.75,20880.75,20856.5,20862.5,1387.0
2025-05-23 13:50:00+00:00,20892.25,20895.0,20856.5,20861.5,1901.0
2025-05-23 13:51:00+00:00,20872.25,20909.25,20872.0,20892.25,1741.0
2025-05-23 13:52:00+00:00,20892.0,20896.0,20857.75,20873.75,1704.0
2025-05-23 13:53:00+00:00,20858.25,20906.5,20850.0,20891.5,2948.0
2025-05-23 13:54:00+00:00,20875.75,20876.5,20848.25,20858.0,1373.0
2025-05-23 13:55:00+00:00,20872.0,20891.25,20867.75,20874.25,1104.0
2025-05-23 13:56:00+00:00,20881.75,20902.0,20865.75,20872.0,1311.0
2025-05-23 13:57:00+00:00,20876.5,20890.5,20873.75,20881.0,653.0
2025-05-23 13:58:00+00:00,20887.5,20889.0,20872.5,20876.25,549.0
2025-05-23 13:59:00+00:00,20884.75,20892.0,20880.5,20887.75,706.0
2025-05-23 14:00:00+00:00,20888.5,20913.0,20882.0,20888.25,1799.0
2025-05-23 14:01:00+00:00,20897.5,20908.0,20882.0,20887.75,1047.0
2025-05-23 14:02:00+00:00,20896.5,20909.25,20890.0,20897.25,743.0
2025-05-23 14:03:00+00:00,20901.75,20904.5,20885.0,20895.0,871.0
2025-05-23 14:04:00+00:00,20927.5,20937.75,20900.75,20900.75,2695.0
2025-05-23 14:05:00+00:00,20933.75,20939.0,20913.5,20928.0,1501.0
2025-05-23 14:06:00+00:00,20935.5,20942.0,20928.25,20933.25,1234.0
2025-05-23 14:07:00+00:00,20934.25,20947.75,20931.0,20936.5,1069.0
2025-05-23 14:08:00+00:00,20944.25,20947.0,20919.25,20934.25,1213.0
2025-05-23 14:09:00+00:00,20927.0,20946.0,20926.75,20945.25,826.0
2025-05-23 14:10:00+00:00,20921.75,20939.0,20921.5,20926.5,831.0
2025-05-23 14:11:00+00:00,20935.0,20936.75,20914.5,20921.75,930.0
2025-05-23 14:12:00+00:00,20978.0,20994.25,20933.0,20936.25,3581.0
2025-05-23 14:13:00+00:00,20961.5,20982.75,20956.5,20978.25,1553.0
2025-05-23 14:14:00+00:00,20971.0,20977.0,20955.0,20961.25,1014.0
2025-05-23 14:15:00+00:00,20965.25,20982.5,20965.25,20969.75,997.0
2025-05-23 14:16:00+00:00,20956.75,20967.25,20956.25,20966.0,763.0
2025-05-23 14:17:00+00:00,20958.5,20962.0,20944.5,20956.25,1038.0
2025-05-23 14:18:00+00:00,20951.25,20963.5,20949.5,20959.25,631.0
2025-05-23 14:19:00+00:00,20935.0,20951.25,20933.75,20951.0,1026.0
2025-05-23 14:20:00+00:00,20929.5,20937.5,20919.25,20934.5,1373.0
2025-05-23 14:21:00+00:00,20915.25,20928.75,20911.75,20928.75,1095.0
2025-05-23 14:22:00+00:00,20931.0,20943.0,20915.5,20916.0,1443.0
2025-05-23 14:23:00+00:00,20952.5,20961.0,20930.0,20931.25,1270.0
2025-05-23 14:24:00+00:00,20972.25,20974.5,20951.0,20951.0,818.0
2025-05-23 14:25:00+00:00,20984.5,20985.75,20968.25,20973.0,1087.0
2025-05-23 14:26:00+00:00,20959.0,20989.0,20958.25,20984.25,1143.0
2025-05-23 14:27:00+00:00,20961.0,20969.25,20953.25,20958.0,819.0
2025-05-23 14:28:00+00:00,20937.0,20959.75,20934.0,20959.5,1207.0
2025-05-23 14:29:00+00:00,20943.0,20946.75,20931.5,20937.0,857.0
2025-05-23 14:30:00+00:00,20959.75,20961.75,20934.5,20943.75,1182.0
2025-05-23 14:31:00+00:00,20954.5,20958.25,20941.0,20958.25,904.0
2025-05-23 14:32:00+00:00,20952.5,20963.25,20949.5,20954.0,758.0
2025-05-23 14:33:00+00:00,20964.25,20965.5,20950.5,20952.5,534.0
2025-05-23 14:34:00+00:00,20975.5,20980.0,20962.5,20965.75,812.0
2025-05-23 14:35:00+00:00,20980.0,20983.0,20971.75,20977.5,797.0
2025-05-23 14:36:00+00:00,20975.0,20984.5,20961.0,20979.5,839.0
2025-05-23 14:37:00+00:00,20965.5,20969.25,20958.0,20961.25,872.0
2025-05-23 14:38:00+00:00,20971.25,20983.25,20961.0,20963.75,754.0
2025-05-23 14:39:00+00:00,20969.5,20979.25,20967.75,20971.25,609.0
2025-05-23 14:40:00+00:00,20974.5,20987.25,20960.75,20967.75,1218.0
2025-05-23 14:41:00+00:00,20969.0,20985.0,20967.5,20975.0,604.0
2025-05-23 14:42:00+00:00,20948.75,20969.25,20947.0,20968.0,915.0
2025-05-23 14:43:00+00:00,20971.5,20974.25,20947.5,20948.75,1002.0
2025-05-23 14:44:00+00:00,20965.5,20972.5,20963.0,20972.0,757.0
2025-05-23 14:45:00+00:00,20969.5,20973.25,20963.75,20965.5,388.0
2025-05-23 14:46:00+00:00,20968.0,20971.75,20959.0,20968.75,393.0
2025-05-23 14:47:00+00:00,20957.25,20988.0,20956.75,20966.0,1315.0
2025-05-23 14:48:00+00:00,20981.0,20986.0,20950.5,20957.0,1085.0
2025-05-23 14:49:00+00:00,20967.5,20987.0,20967.5,20981.75,836.0
2025-05-23 14:50:00+00:00,20951.0,20972.75,20940.25,20967.75,1353.0
2025-05-23 14:51:00+00:00,20941.75,20954.0,20939.25,20950.0,731.0
2025-05-23 14:52:00+00:00,20931.0,20943.5,20929.25,20941.25,811.0
2025-05-23 14:53:00+00:00,20935.75,20944.0,20922.25,20929.75,974.0
2025-05-23 14:54:00+00:00,20925.0,20944.0,20923.5,20936.0,750.0
2025-05-23 14:55:00+00:00,20925.0,20932.5,20920.5,20925.0,939.0
2025-05-23 14:56:00+00:00,20918.75,20933.5,20915.0,20924.5,908.0
2025-05-23 14:57:00+00:00,20928.25,20934.0,20917.0,20918.75,721.0
2025-05-23 14:58:00+00:00,20911.75,20927.75,20908.25,20927.75,1124.0
2025-05-23 14:59:00+00:00,20911.25,20920.0,20908.5,20911.75,931.0
2025-05-23 15:00:00+00:00,20929.5,20932.75,20908.0,20911.25,1750.0
2025-05-23 15:01:00+00:00,20931.0,20938.5,20926.5,20928.75,704.0
2025-05-23 15:02:00+00:00,20929.5,20932.0,20917.75,20930.25,613.0
2025-05-23 15:03:00+00:00,20946.0,20946.5,20928.5,20929.0,645.0
2025-05-23 15:05:00+00:00,20907.75,20935.0,20905.0,20935.0,2097.0
2025-05-23 15:06:00+00:00,20900.0,20917.5,20897.0,20908.25,1150.0
2025-05-23 15:07:00+00:00,20901.5,20903.25,20894.5,20898.75,719.0
2025-05-23 15:08:00+00:00,20905.75,20913.75,20897.0,20901.5,803.0
2025-05-23 15:09:00+00:00,20925.0,20925.75,20904.25,20905.75,748.0
2025-05-23 15:10:00+00:00,20929.5,20934.75,20919.75,20924.75,787.0
2025-05-23 15:11:00+00:00,20931.0,20932.0,20916.75,20927.5,599.0
2025-05-23 15:12:00+00:00,20922.75,20938.5,20921.25,20930.0,570.0
2025-05-23 15:13:00+00:00,20898.75,20925.75,20896.5,20922.25,1211.0
2025-05-23 15:14:00+00:00,20917.0,20918.75,20896.0,20899.5,1004.0
2025-05-23 15:15:00+00:00,20895.0,20919.5,20894.0,20917.0,775.0
2025-05-23 15:16:00+00:00,20900.0,20912.0,20885.25,20895.5,1489.0
2025-05-23 15:17:00+00:00,20914.25,20916.25,20901.0,20901.25,633.0
2025-05-23 15:18:00+00:00,20938.0,20940.25,20914.75,20914.75,917.0
2025-05-23 15:19:00+00:00,20927.5,20942.25,20927.25,20937.5,1052.0
2025-05-23 15:20:00+00:00,20943.5,20948.75,20923.25,20928.0,998.0
2025-05-23 15:21:00+00:00,20952.5,20954.0,20942.75,20943.0,646.0
2025-05-23 15:22:00+00:00,20962.0,20962.5,20946.75,20952.25,915.0
2025-05-23 15:23:00+00:00,20954.0,20962.25,20949.75,20962.25,555.0
2025-05-23 15:24:00+00:00,20958.0,20960.0,20950.0,20953.5,476.0
2025-05-23 15:25:00+00:00,20960.25,20965.25,20953.25,20957.5,627.0
2025-05-23 15:26:00+00:00,20959.25,20963.0,20956.0,20959.75,369.0
2025-05-23 15:27:00+00:00,20955.25,20961.0,20951.25,20957.0,518.0
2025-05-23 15:28:00+00:00,20953.5,20959.0,20947.75,20956.0,657.0
2025-05-23 15:29:00+00:00,20960.0,20963.25,20951.75,20953.0,436.0
2025-05-23 15:30:00+00:00,20965.0,20966.75,20954.75,20960.5,926.0
2025-05-23 15:31:00+00:00,20965.5,20969.0,20956.5,20965.0,583.0
2025-05-23 15:32:00+00:00,20976.5,20977.0,20965.0,20965.75,822.0
2025-05-23 15:33:00+00:00,20972.25,20981.25,20969.0,20977.0,660.0
2025-05-23 15:34:00+00:00,20985.0,20986.75,20971.25,20973.0,757.0
2025-05-23 15:35:00+00:00,20975.25,20984.75,20968.25,20984.75,923.0
2025-05-23 15:36:00+00:00,20982.0,20987.0,20975.25,20975.25,618.0
2025-05-23 15:37:00+00:00,21000.0,21008.75,20981.0,20982.0,2520.0
2025-05-23 15:38:00+00:00,20977.25,21005.5,20975.0,21001.25,1281.0
2025-05-23 15:39:00+00:00,20971.5,20981.0,20964.5,20976.75,1334.0
2025-05-23 15:40:00+00:00,20984.0,20986.25,20967.5,20972.25,643.0
2025-05-23 15:41:00+00:00,20971.0,20985.75,20969.0,20984.25,573.0
2025-05-23 15:42:00+00:00,20988.25,20989.75,20971.25,20972.25,618.0
2025-05-23 15:43:00+00:00,20991.25,20994.0,20979.25,20989.0,637.0
2025-05-23 15:44:00+00:00,20985.0,20992.0,20981.75,20992.0,465.0
2025-05-23 15:45:00+00:00,20969.0,20990.5,20968.75,20986.0,598.0
2025-05-23 15:46:00+00:00,20978.75,20980.75,20965.5,20968.75,584.0
2025-05-23 15:47:00+00:00,20975.75,20990.0,20972.75,20978.25,611.0
2025-05-23 15:48:00+00:00,20981.25,20983.5,20974.0,20976.25,213.0
2025-05-23 15:49:00+00:00,20978.5,20983.75,20974.75,20980.0,348.0
2025-05-23 15:50:00+00:00,20964.75,20981.0,20961.5,20980.25,541.0
2025-05-23 15:51:00+00:00,20958.25,20968.25,20953.25,20965.0,841.0
2025-05-23 15:52:00+00:00,20945.75,20969.0,20944.0,20958.5,906.0
2025-05-23 15:53:00+00:00,20952.0,20955.25,20939.75,20945.0,796.0
2025-05-23 15:54:00+00:00,20954.5,20956.0,20945.0,20950.25,466.0
2025-05-23 15:55:00+00:00,20945.5,20956.5,20941.75,20954.75,599.0
2025-05-23 15:56:00+00:00,20947.0,20949.5,20938.5,20944.5,490.0
2025-05-23 15:57:00+00:00,20947.0,20951.0,20941.25,20947.75,389.0
2025-05-23 15:58:00+00:00,20945.0,20958.25,20944.0,20948.0,603.0
2025-05-23 15:59:00+00:00,20935.25,20947.25,20933.75,20945.25,708.0
2025-05-23 16:00:00+00:00,20939.5,20949.75,20934.0,20935.75,816.0
2025-05-23 16:01:00+00:00,20937.75,20946.0,20932.75,20939.0,619.0
2025-05-23 16:02:00+00:00,20963.0,20964.0,20932.75,20937.0,930.0
2025-05-23 16:03:00+00:00,20971.0,20973.25,20961.5,20962.75,734.0
2025-05-23 16:04:00+00:00,20929.5,20974.5,20924.75,20971.5,2786.0
2025-05-23 16:05:00+00:00,20931.5,20944.0,20917.75,20929.75,1442.0
2025-05-23 16:06:00+00:00,20936.75,20941.0,20930.5,20930.5,407.0
2025-05-23 16:07:00+00:00,20947.25,20950.0,20935.0,20935.25,627.0
2025-05-23 16:08:00+00:00,20937.0,20951.5,20928.25,20947.5,730.0
2025-05-23 16:09:00+00:00,20945.25,20964.5,20926.75,20935.75,2234.0
2025-05-23 16:10:00+00:00,20945.0,20955.0,20944.25,20945.25,504.0
2025-05-23 16:11:00+00:00,20938.5,20948.25,20933.75,20946.0,483.0
2025-05-23 16:12:00+00:00,20943.0,20946.25,20934.0,20939.75,530.0
2025-05-23 16:13:00+00:00,20935.75,20946.75,20931.5,20943.25,448.0
2025-05-23 16:14:00+00:00,20944.25,20947.25,20933.75,20936.0,261.0
2025-05-23 16:15:00+00:00,20954.5,20954.5,20938.75,20943.0,561.0
2025-05-23 16:16:00+00:00,20950.0,20955.75,20944.25,20954.25,453.0
2025-05-23 16:17:00+00:00,20943.5,20948.5,20933.25,20948.5,486.0
2025-05-23 16:18:00+00:00,20937.25,20944.5,20933.5,20944.25,363.0
2025-05-23 16:19:00+00:00,20941.25,20942.0,20935.0,20936.25,315.0
2025-05-23 16:20:00+00:00,20955.5,20958.75,20938.75,20941.0,551.0
2025-05-23 16:21:00+00:00,20962.75,20962.75,20951.25,20955.5,418.0
2025-05-23 16:22:00+00:00,20968.5,20972.25,20961.25,20962.25,791.0
2025-05-23 16:23:00+00:00,20972.5,20975.5,20962.25,20969.0,539.0
2025-05-23 16:24:00+00:00,20975.0,20977.75,20971.0,20972.25,448.0
2025-05-23 16:25:00+00:00,20978.5,20981.5,20971.0,20976.25,409.0
2025-05-23 16:26:00+00:00,20977.5,20981.5,20974.0,20979.25,403.0
2025-05-23 16:27:00+00:00,20984.0,20985.5,20977.75,20978.25,449.0
2025-05-23 16:28:00+00:00,20980.25,20985.75,20978.75,20983.5,261.0
2025-05-23 16:29:00+00:00,20967.0,20981.5,20966.0,20980.0,516.0
2025-05-23 16:30:00+00:00,20954.75,20967.75,20951.75,20967.0,814.0
2025-05-23 16:31:00+00:00,20952.25,20962.75,20951.5,20955.0,396.0
2025-05-23 16:32:00+00:00,20946.75,20954.25,20942.0,20952.75,718.0
2025-05-23 16:33:00+00:00,20942.5,20948.25,20936.0,20947.5,589.0
2025-05-23 16:34:00+00:00,20948.25,20949.75,20937.25,20942.5,401.0
2025-05-23 16:35:00+00:00,20960.5,20961.5,20947.0,20948.25,649.0
2025-05-23 16:36:00+00:00,20964.75,20969.75,20956.5,20961.75,514.0
2025-05-23 16:37:00+00:00,20979.25,20981.75,20959.0,20966.75,792.0
2025-05-23 16:38:00+00:00,20978.5,20982.5,20975.0,20979.5,402.0
2025-05-23 16:39:00+00:00,20980.75,20985.5,20974.5,20978.75,497.0
2025-05-23 16:40:00+00:00,20973.0,20987.75,20971.25,20981.5,682.0
2025-05-23 16:41:00+00:00,20972.5,20976.5,20966.0,20973.25,583.0
2025-05-23 16:42:00+00:00,20979.5,20986.0,20972.0,20973.0,396.0
2025-05-23 16:43:00+00:00,20977.75,20981.75,20975.25,20981.0,256.0
2025-05-23 16:44:00+00:00,20979.0,20981.0,20974.25,20978.0,223.0
2025-05-23 16:45:00+00:00,20985.75,20989.5,20977.25,20979.5,503.0
2025-05-23 16:46:00+00:00,20990.5,20991.75,20984.0,20986.25,536.0
2025-05-23 16:47:00+00:00,20990.75,20993.5,20987.5,20990.5,495.0
2025-05-23 16:48:00+00:00,20990.0,20994.75,20978.0,20990.75,667.0
2025-05-23 16:49:00+00:00,20993.5,20998.0,20990.0,20990.75,569.0
2025-05-23 16:50:00+00:00,20993.5,21003.0,20993.5,20994.0,843.0
2025-05-23 16:51:00+00:00,20997.25,20998.25,20986.5,20993.5,536.0
2025-05-23 16:52:00+00:00,20991.0,20998.5,20989.5,20996.75,246.0
2025-05-23 16:53:00+00:00,20992.25,20995.25,20987.75,20990.5,706.0
2025-05-23 16:54:00+00:00,21001.0,21003.5,20991.75,20992.75,464.0
2025-05-23 16:55:00+00:00,20996.25,21006.0,20995.5,21001.0,484.0
2025-05-23 16:56:00+00:00,20976.75,20998.0,20975.5,20996.75,857.0
2025-05-23 16:57:00+00:00,20984.75,20990.5,20977.25,20978.0,426.0
2025-05-23 16:58:00+00:00,20983.5,20990.5,20981.25,20985.0,340.0
2025-05-23 16:59:00+00:00,20983.0,20986.25,20975.75,20983.75,545.0
2025-05-23 17:00:00+00:00,20986.5,20988.0,20974.0,20983.5,641.0
2025-05-23 17:01:00+00:00,20975.5,20990.25,20971.75,20986.5,710.0
2025-05-23 17:02:00+00:00,20991.0,20991.75,20972.5,20975.0,518.0
2025-05-23 17:03:00+00:00,20994.25,20997.0,20985.0,20991.5,455.0
2025-05-23 17:04:00+00:00,21003.75,21006.75,20994.0,20994.25,660.0
2025-05-23 17:05:00+00:00,21012.75,21014.5,20998.5,21003.0,837.0
2025-05-23 17:06:00+00:00,21020.75,21024.5,21011.5,21013.0,1319.0
2025-05-23 17:07:00+00:00,21010.0,21021.5,21006.5,21020.25,611.0
2025-05-23 17:08:00+00:00,21018.75,21021.75,21010.25,21010.25,398.0
2025-05-23 17:09:00+00:00,21024.0,21026.25,21019.25,21019.25,511.0
2025-05-23 17:10:00+00:00,21021.0,21026.75,21018.75,21024.75,479.0
2025-05-23 17:11:00+00:00,21029.0,21031.25,21016.0,21021.5,670.0
2025-05-23 17:12:00+00:00,21029.75,21036.25,21029.5,21030.0,743.0
2025-05-23 17:13:00+00:00,21027.0,21036.0,21008.25,21030.25,1935.0
2025-05-23 17:14:00+00:00,21025.5,21026.75,21016.75,21026.5,563.0
2025-05-23 17:15:00+00:00,21030.5,21031.75,21023.0,21026.0,565.0
2025-05-23 17:16:00+00:00,21035.0,21038.25,21026.5,21030.75,682.0
2025-05-23 17:17:00+00:00,21051.0,21052.5,21035.75,21035.75,1250.0
2025-05-23 17:18:00+00:00,21052.0,21063.5,21049.0,21050.75,1282.0
2025-05-23 17:19:00+00:00,21055.0,21057.75,21051.75,21051.75,543.0
2025-05-23 17:20:00+00:00,21047.75,21058.25,21046.0,21055.5,742.0
2025-05-23 17:21:00+00:00,21052.5,21056.5,21048.0,21048.75,668.0
2025-05-23 17:22:00+00:00,21060.0,21063.25,21052.0,21052.25,1056.0
2025-05-23 17:23:00+00:00,21049.75,21062.5,21049.75,21060.25,505.0
2025-05-23 17:24:00+00:00,21056.5,21065.5,21048.0,21050.0,703.0
2025-05-23 17:25:00+00:00,21054.75,21061.0,21051.25,21055.5,450.0
2025-05-23 17:26:00+00:00,21051.25,21059.5,21049.0,21054.0,596.0
2025-05-23 17:27:00+00:00,21059.0,21061.0,21049.0,21051.25,463.0
2025-05-23 17:28:00+00:00,21064.25,21065.25,21055.75,21058.5,481.0
2025-05-23 17:29:00+00:00,21069.75,21073.5,21063.0,21064.75,861.0
2025-05-23 17:30:00+00:00,21058.5,21070.25,21053.75,21069.75,840.0
2025-05-23 17:31:00+00:00,21054.75,21059.5,21052.75,21058.75,512.0
2025-05-23 17:32:00+00:00,21054.5,21059.0,21049.75,21054.25,504.0
2025-05-23 17:33:00+00:00,21044.25,21055.25,21040.75,21054.0,917.0
2025-05-23 17:34:00+00:00,21039.25,21046.5,21032.25,21044.25,967.0
2025-05-23 17:35:00+00:00,21042.0,21046.75,21033.0,21039.5,671.0
2025-05-23 17:36:00+00:00,21047.5,21051.75,21040.25,21041.25,646.0
2025-05-23 17:37:00+00:00,21053.25,21053.75,21043.5,21046.75,373.0
2025-05-23 17:38:00+00:00,21052.0,21057.25,21049.5,21053.75,271.0
2025-05-23 17:39:00+00:00,21043.5,21053.5,21040.0,21052.75,463.0
2025-05-23 17:40:00+00:00,21026.5,21044.0,21026.0,21044.0,807.0
2025-05-23 17:41:00+00:00,21029.5,21038.0,21026.5,21027.0,545.0
2025-05-23 17:42:00+00:00,21028.5,21030.25,21019.75,21029.0,747.0
2025-05-23 17:43:00+00:00,21021.0,21034.0,21018.0,21029.75,543.0
2025-05-23 17:44:00+00:00,21032.25,21034.0,21018.5,21021.5,648.0
2025-05-23 17:45:00+00:00,21035.25,21036.0,21023.5,21032.0,497.0
2025-05-23 17:46:00+00:00,21036.5,21039.5,21032.0,21035.5,479.0
2025-05-23 17:47:00+00:00,21042.25,21042.5,21030.75,21036.25,508.0
2025-05-23 17:48:00+00:00,21038.75,21044.5,21035.0,21042.0,397.0
2025-05-23 17:49:00+00:00,21041.75,21044.0,21036.0,21038.75,257.0
2025-05-23 17:50:00+00:00,21050.75,21054.5,21040.5,21042.0,714.0
2025-05-23 17:51:00+00:00,21058.5,21063.5,21050.5,21050.5,820.0
2025-05-23 17:52:00+00:00,21062.5,21074.25,21057.75,21057.75,709.0
2025-05-23 17:53:00+00:00,21057.75,21070.0,21057.25,21061.75,592.0
2025-05-23 17:54:00+00:00,21064.0,21064.75,21054.0,21058.0,611.0
2025-05-23 17:55:00+00:00,21060.5,21067.25,21057.0,21062.0,449.0
2025-05-23 17:56:00+00:00,21043.5,21061.0,21041.5,21060.5,597.0
2025-05-23 17:57:00+00:00,21047.0,21047.0,21034.5,21043.5,705.0
2025-05-23 17:58:00+00:00,21054.5,21060.75,21046.25,21047.25,574.0
2025-05-23 17:59:00+00:00,21052.0,21057.5,21050.25,21054.75,315.0
2025-05-23 18:00:00+00:00,21052.75,21057.25,21046.0,21051.75,416.0
2025-05-23 18:01:00+00:00,21067.5,21068.75,21052.0,21053.0,710.0
2025-05-23 18:02:00+00:00,21062.0,21081.0,21056.25,21067.75,1224.0
2025-05-23 18:03:00+00:00,21058.5,21065.25,21056.25,21061.0,357.0
2025-05-23 18:04:00+00:00,21061.25,21063.25,21055.25,21060.0,454.0
2025-05-23 18:05:00+00:00,21074.5,21077.75,21059.5,21060.75,801.0
2025-05-23 18:06:00+00:00,21067.5,21081.75,21066.0,21073.75,949.0
2025-05-23 18:07:00+00:00,21069.0,21072.75,21063.0,21067.25,487.0
2025-05-23 18:08:00+00:00,21077.25,21079.0,21067.0,21069.0,433.0
2025-05-23 18:09:00+00:00,21073.75,21080.0,21072.0,21077.5,421.0
2025-05-23 18:10:00+00:00,21069.0,21073.75,21062.25,21073.75,500.0
2025-05-23 18:11:00+00:00,21066.0,21068.5,21058.5,21068.5,323.0
2025-05-23 18:12:00+00:00,21064.5,21066.25,21054.5,21066.0,507.0
2025-05-23 18:13:00+00:00,21067.25,21071.25,21062.75,21064.5,359.0
2025-05-23 18:14:00+00:00,21070.25,21071.25,21061.75,21067.75,479.0
2025-05-23 18:15:00+00:00,21073.5,21075.25,21069.0,21069.75,353.0
2025-05-23 18:16:00+00:00,21079.75,21081.25,21071.25,21072.75,460.0
2025-05-23 18:17:00+00:00,21054.0,21083.0,21054.0,21080.0,1080.0
2025-05-23 18:18:00+00:00,21060.25,21061.5,21053.0,21055.5,495.0
2025-05-23 18:19:00+00:00,21043.0,21061.5,21035.75,21061.25,1679.0
2025-05-23 18:20:00+00:00,21031.0,21044.5,21016.5,21041.5,2644.0
2025-05-23 18:21:00+00:00,21020.0,21041.5,21012.75,21032.5,1113.0
2025-05-23 18:22:00+00:00,21014.0,21025.5,21007.75,21019.0,1061.0
2025-05-23 18:23:00+00:00,21023.5,21030.75,21006.25,21014.0,1030.0
2025-05-23 18:24:00+00:00,21045.75,21046.75,21020.0,21023.75,715.0
2025-05-23 18:25:00+00:00,21035.25,21049.25,21031.5,21046.25,911.0
2025-05-23 18:26:00+00:00,21043.0,21060.0,21034.75,21034.75,942.0
2025-05-23 18:27:00+00:00,21047.0,21048.5,21037.25,21043.75,361.0
2025-05-23 18:28:00+00:00,21027.5,21055.0,21023.0,21048.0,756.0
2025-05-23 18:29:00+00:00,21037.5,21038.75,21028.5,21029.0,550.0
2025-05-23 18:30:00+00:00,21052.75,21056.5,21033.75,21037.0,654.0
2025-05-23 18:31:00+00:00,21044.75,21054.0,21041.5,21052.5,386.0
2025-05-23 18:32:00+00:00,21047.25,21050.75,21038.5,21045.0,292.0
2025-05-23 18:33:00+00:00,21052.0,21052.0,21039.25,21045.75,308.0
2025-05-23 18:34:00+00:00,21048.75,21053.0,21045.75,21051.25,223.0
2025-05-23 18:35:00+00:00,21064.0,21064.25,21048.5,21050.25,694.0
2025-05-23 18:36:00+00:00,21063.5,21067.5,21059.75,21064.5,431.0
2025-05-23 18:37:00+00:00,21059.0,21063.75,21051.0,21063.25,458.0
2025-05-23 18:38:00+00:00,21057.5,21064.75,21053.0,21058.5,327.0
2025-05-23 18:39:00+00:00,21047.5,21058.75,21045.0,21057.75,371.0
2025-05-23 18:40:00+00:00,21048.75,21057.75,21041.5,21047.0,528.0
2025-05-23 18:41:00+00:00,21048.0,21056.5,21045.0,21048.75,328.0
2025-05-23 18:42:00+00:00,21055.25,21057.0,21047.75,21048.5,259.0
2025-05-23 18:43:00+00:00,21047.75,21055.75,21046.0,21055.75,240.0
2025-05-23 18:44:00+00:00,21045.75,21049.25,21038.0,21047.75,644.0
2025-05-23 18:45:00+00:00,21041.75,21050.0,21039.25,21046.0,458.0
2025-05-23 18:46:00+00:00,21028.75,21042.0,21028.5,21041.25,650.0
2025-05-23 18:47:00+00:00,21026.5,21031.25,21018.5,21028.25,1106.0
2025-05-23 18:48:00+00:00,21039.0,21040.5,21026.0,21026.75,528.0
2025-05-23 18:49:00+00:00,21046.75,21049.5,21035.5,21040.5,482.0
2025-05-23 18:50:00+00:00,21039.75,21052.5,21038.5,21046.0,715.0
2025-05-23 18:51:00+00:00,21049.25,21051.0,21037.25,21040.0,314.0
2025-05-23 18:52:00+00:00,21045.5,21057.0,21045.0,21050.0,896.0
2025-05-23 18:53:00+00:00,21048.0,21050.75,21043.75,21044.75,277.0
2025-05-23 18:54:00+00:00,21048.75,21050.25,21045.5,21047.0,169.0
2025-05-23 18:55:00+00:00,21053.25,21053.75,21042.75,21049.0,428.0
2025-05-23 18:56:00+00:00,21044.25,21055.0,21042.75,21052.75,303.0
2025-05-23 18:57:00+00:00,21041.25,21046.0,21038.75,21044.0,446.0
2025-05-23 18:58:00+00:00,21036.25,21041.25,21032.75,21041.25,371.0
2025-05-23 18:59:00+00:00,21039.0,21040.5,21031.5,21035.0,307.0
2025-05-23 19:00:00+00:00,21034.25,21039.0,21030.0,21038.75,525.0
2025-05-23 19:01:00+00:00,21019.0,21035.0,21018.0,21034.75,623.0
2025-05-23 19:02:00+00:00,21014.0,21023.5,21010.0,21019.0,860.0
2025-05-23 19:03:00+00:00,21020.5,21023.75,21014.25,21015.0,529.0
2025-05-23 19:04:00+00:00,21013.75,21024.75,21009.75,21020.5,629.0
2025-05-23 19:05:00+00:00,21015.0,21019.0,21010.0,21013.25,537.0
2025-05-23 19:06:00+00:00,21026.75,21027.75,21012.5,21015.0,458.0
2025-05-23 19:07:00+00:00,21045.5,21046.75,21026.0,21026.75,804.0
2025-05-23 19:08:00+00:00,21043.5,21053.0,21042.25,21045.5,638.0
2025-05-23 19:09:00+00:00,21048.0,21050.0,21043.25,21044.25,427.0
2025-05-23 19:10:00+00:00,21049.25,21055.75,21044.25,21048.5,552.0
2025-05-23 19:11:00+00:00,21061.75,21067.0,21047.25,21048.75,866.0
2025-05-23 19:12:00+00:00,21062.25,21069.75,21056.25,21061.5,604.0
2025-05-23 19:13:00+00:00,21061.75,21065.75,21060.5,21062.75,335.0
2025-05-23 19:14:00+00:00,21057.75,21065.0,21056.25,21061.75,454.0
2025-05-23 19:15:00+00:00,21045.0,21058.0,21041.25,21057.25,826.0
2025-05-23 19:16:00+00:00,21041.0,21045.75,21032.75,21045.0,731.0
2025-05-23 19:17:00+00:00,21047.25,21050.25,21039.5,21041.75,503.0
2025-05-23 19:18:00+00:00,21036.25,21047.0,21034.75,21047.0,517.0
2025-05-23 19:19:00+00:00,21028.75,21035.75,21026.5,21035.25,527.0
2025-05-23 19:20:00+00:00,21027.25,21030.25,21019.75,21029.25,756.0
2025-05-23 19:21:00+00:00,21018.5,21031.5,21017.0,21026.75,493.0
2025-05-23 19:22:00+00:00,21007.25,21018.0,21002.75,21017.75,1206.0
2025-05-23 19:23:00+00:00,21002.25,21011.5,20999.0,21006.75,1027.0
2025-05-23 19:24:00+00:00,21016.5,21017.5,20994.25,21002.0,998.0
2025-05-23 19:25:00+00:00,21012.25,21017.75,21005.75,21015.25,485.0
2025-05-23 19:26:00+00:00,20998.75,21014.0,20998.5,21011.75,515.0
2025-05-23 19:27:00+00:00,21004.5,21007.25,20987.0,20999.0,1081.0
2025-05-23 19:28:00+00:00,21010.0,21013.5,21002.5,21004.5,675.0
2025-05-23 19:29:00+00:00,21015.5,21015.75,21007.0,21009.0,419.0
2025-05-23 19:30:00+00:00,21018.0,21026.0,21005.5,21013.75,1355.0
2025-05-23 19:31:00+00:00,21019.0,21024.75,21010.0,21017.25,542.0
2025-05-23 19:32:00+00:00,21016.25,21020.0,21010.75,21019.0,555.0
2025-05-23 19:33:00+00:00,21021.0,21021.0,21009.75,21015.5,439.0
2025-05-23 19:34:00+00:00,21034.0,21035.0,21018.25,21020.5,664.0
2025-05-23 19:35:00+00:00,21024.0,21035.5,21022.25,21034.75,624.0
2025-05-23 19:36:00+00:00,21027.0,21030.0,21022.25,21024.0,413.0
2025-05-23 19:37:00+00:00,21030.25,21031.0,21020.25,21028.0,440.0
2025-05-23 19:38:00+00:00,21041.75,21043.25,21028.0,21029.75,705.0
2025-05-23 19:39:00+00:00,21044.0,21045.75,21037.5,21041.75,640.0
2025-05-23 19:40:00+00:00,21037.0,21044.0,21031.75,21044.0,806.0
2025-05-23 19:41:00+00:00,21053.0,21053.25,21036.25,21037.5,765.0
2025-05-23 19:42:00+00:00,21043.5,21053.5,21042.25,21052.75,481.0
2025-05-23 19:43:00+00:00,21033.0,21045.75,21031.25,21044.0,651.0
2025-05-23 19:44:00+00:00,21041.5,21043.5,21028.75,21032.75,469.0
2025-05-23 19:45:00+00:00,21026.0,21045.5,21026.0,21041.0,681.0
2025-05-23 19:46:00+00:00,21019.5,21029.25,21017.0,21026.0,725.0
2025-05-23 19:47:00+00:00,21022.0,21029.5,21014.75,21019.5,594.0
2025-05-23 19:48:00+00:00,21013.75,21023.5,21010.0,21021.75,598.0
2025-05-23 19:49:00+00:00,21012.25,21015.75,21006.0,21014.0,670.0
2025-05-23 19:50:00+00:00,20994.75,21028.25,20994.5,21013.5,1629.0
2025-05-23 19:51:00+00:00,20994.75,21003.75,20983.0,20995.25,1498.0
2025-05-23 19:52:00+00:00,20996.5,21000.0,20985.25,20993.75,910.0
2025-05-23 19:53:00+00:00,20978.0,20998.75,20973.0,20996.25,1375.0
2025-05-23 19:54:00+00:00,20980.75,20989.0,20963.5,20977.0,2305.0
2025-05-23 19:55:00+00:00,20965.0,20980.75,20958.75,20979.5,1724.0
2025-05-23 19:56:00+00:00,20987.0,20990.25,20964.5,20966.0,1423.0
2025-05-23 19:57:00+00:00,20988.5,20991.0,20982.75,20986.25,1022.0
2025-05-23 19:58:00+00:00,21000.0,21002.75,20986.25,20988.25,1770.0
2025-05-23 19:59:00+00:00,20978.5,20999.25,20968.5,20999.25,7455.0
2025-05-23 20:00:00+00:00,20969.5,20980.5,20961.25,20979.5,2537.0
2025-05-23 20:01:00+00:00,20956.75,20975.5,20952.0,20969.75,1207.0
2025-05-23 20:02:00+00:00,20952.5,20958.0,20945.5,20957.75,929.0
2025-05-23 20:03:00+00:00,20949.0,20954.0,20947.75,20952.25,500.0
2025-05-23 20:04:00+00:00,20943.0,20951.0,20942.0,20949.5,702.0
2025-05-23 20:05:00+00:00,20936.5,20943.0,20935.75,20942.5,830.0
2025-05-23 20:06:00+00:00,20942.5,20944.25,20934.75,20936.5,580.0
2025-05-23 20:07:00+00:00,20941.0,20949.75,20941.0,20943.75,509.0
2025-05-23 20:08:00+00:00,20940.75,20947.25,20939.75,20941.25,230.0
2025-05-23 20:09:00+00:00,20941.25,20942.25,20937.5,20941.75,190.0
2025-05-23 20:10:00+00:00,20940.0,20941.25,20937.0,20941.25,322.0
2025-05-23 20:11:00+00:00,20941.0,20941.25,20936.0,20940.75,231.0
2025-05-23 20:12:00+00:00,20941.5,20943.0,20936.25,20942.0,246.0
2025-05-23 20:13:00+00:00,20941.25,20945.25,20937.5,20942.0,557.0
2025-05-23 20:14:00+00:00,20948.5,20950.25,20939.5,20940.75,432.0
2025-05-23 20:15:00+00:00,20953.5,20961.25,20948.5,20949.25,440.0
2025-05-23 20:16:00+00:00,20950.0,20954.25,20947.75,20954.0,210.0
2025-05-23 20:17:00+00:00,20946.75,20950.5,20945.0,20950.25,130.0
2025-05-23 20:18:00+00:00,20946.25,20950.0,20944.0,20947.25,104.0
2025-05-23 20:19:00+00:00,20957.0,20958.0,20944.75,20946.5,130.0
2025-05-23 20:20:00+00:00,20955.0,20959.5,20952.25,20956.75,169.0
2025-05-23 20:21:00+00:00,20955.0,20957.0,20952.75,20955.25,64.0
2025-05-23 20:22:00+00:00,20951.5,20956.5,20950.0,20954.75,122.0
2025-05-23 20:23:00+00:00,20944.75,20950.0,20943.5,20950.0,118.0
2025-05-23 20:24:00+00:00,20948.0,20948.5,20944.5,20945.5,92.0
2025-05-23 20:25:00+00:00,20948.75,20948.75,20945.0,20947.25,107.0
2025-05-23 20:26:00+00:00,20950.0,20952.0,20948.75,20949.0,137.0
2025-05-23 20:27:00+00:00,20950.25,20951.25,20948.5,20950.75,74.0
2025-05-23 20:28:00+00:00,20957.25,20959.0,20950.5,20950.75,165.0
2025-05-23 20:29:00+00:00,20955.0,20960.0,20954.25,20957.75,191.0
2025-05-23 20:30:00+00:00,20948.75,20954.75,20948.5,20954.75,127.0
2025-05-23 20:31:00+00:00,20945.25,20948.75,20944.5,20948.5,102.0
2025-05-23 20:32:00+00:00,20942.0,20945.5,20941.5,20945.25,103.0
2025-05-23 20:33:00+00:00,20937.5,20942.25,20937.0,20941.5,109.0
2025-05-23 20:34:00+00:00,20938.0,20941.0,20936.0,20937.25,103.0
2025-05-23 20:35:00+00:00,20933.0,20938.0,20930.75,20937.25,179.0
2025-05-23 20:36:00+00:00,20934.5,20936.75,20932.0,20933.75,100.0
2025-05-23 20:37:00+00:00,20935.0,20935.0,20930.75,20934.0,97.0
2025-05-23 20:38:00+00:00,20940.75,20942.0,20934.0,20934.5,163.0
2025-05-23 20:39:00+00:00,20940.5,20944.25,20939.75,20941.25,119.0
2025-05-23 20:40:00+00:00,20938.5,20942.75,20938.25,20941.0,60.0
2025-05-23 20:41:00+00:00,20938.25,20941.0,20937.5,20939.5,49.0
2025-05-23 20:42:00+00:00,20939.25,20939.5,20937.5,20937.75,70.0
2025-05-23 20:43:00+00:00,20938.75,20940.25,20938.0,20939.5,101.0
2025-05-23 20:44:00+00:00,20937.25,20940.0,20936.0,20939.0,95.0
2025-05-23 20:45:00+00:00,20938.0,20940.5,20936.5,20937.75,103.0
2025-05-23 20:46:00+00:00,20935.5,20938.0,20935.5,20937.5,62.0
2025-05-23 20:47:00+00:00,20944.25,20944.25,20935.25,20936.25,107.0
2025-05-23 20:48:00+00:00,20943.5,20946.25,20943.25,20943.75,128.0
2025-05-23 20:49:00+00:00,20944.25,20945.75,20943.25,20944.0,103.0
2025-05-23 20:50:00+00:00,20941.0,20944.0,20939.25,20943.25,65.0
2025-05-23 20:51:00+00:00,20937.5,20943.5,20937.25,20940.75,110.0
2025-05-23 20:52:00+00:00,20937.5,20939.0,20936.5,20936.75,106.0
2025-05-23 20:53:00+00:00,20937.5,20938.75,20937.0,20937.5,63.0
2025-05-23 20:54:00+00:00,20940.75,20941.25,20936.75,20938.25,76.0
2025-05-23 20:55:00+00:00,20940.25,20942.75,20940.25,20941.0,94.0
2025-05-23 20:56:00+00:00,20944.5,20946.25,20940.0,20940.75,87.0
2025-05-23 20:57:00+00:00,20946.25,20946.5,20942.25,20944.5,59.0
2025-05-23 20:58:00+00:00,20952.75,20958.75,20945.75,20946.25,174.0
2025-05-23 20:59:00+00:00,20953.25,20975.0,20952.25,20953.5,223.0
2025-05-25 22:00:00+00:00,20963.75,20987.75,20954.25,20978.0,0.0
2025-05-25 22:01:00+00:00,20984.75,20984.75,20958.25,20964.0,144.0
2025-05-25 22:02:00+00:00,20982.25,20989.25,20976.5,20983.5,215.0
2025-05-25 22:03:00+00:00,20996.0,21006.75,20985.25,20985.75,219.0
2025-05-25 22:04:00+00:00,20993.5,20998.5,20984.5,20994.75,113.0
2025-05-25 22:05:00+00:00,21000.25,21000.25,20991.75,20991.75,58.0
2025-05-25 22:06:00+00:00,21049.5,21059.5,20994.5,21000.0,357.0
2025-05-25 22:07:00+00:00,21056.25,21059.75,21028.0,21051.0,447.0
2025-05-25 22:08:00+00:00,21079.5,21122.75,21051.5,21051.5,807.0
2025-05-25 22:09:00+00:00,21085.5,21095.0,21062.5,21080.25,238.0
2025-05-25 22:10:00+00:00,21071.75,21101.0,21071.75,21087.75,200.0
2025-05-25 22:11:00+00:00,21067.5,21079.0,21065.0,21070.5,179.0
2025-05-25 22:12:00+00:00,21102.0,21104.0,21066.75,21069.25,379.0
2025-05-25 22:13:00+00:00,21112.0,21119.25,21101.25,21101.25,261.0
2025-05-25 22:14:00+00:00,21100.75,21112.75,21094.75,21110.0,137.0
2025-05-25 22:15:00+00:00,21094.75,21106.0,21092.5,21100.75,109.0
2025-05-25 22:16:00+00:00,21103.75,21107.0,21092.0,21096.25,121.0
2025-05-25 22:17:00+00:00,21113.5,21114.75,21102.5,21102.5,97.0
2025-05-25 22:18:00+00:00,21110.5,21117.75,21105.0,21114.25,135.0
2025-05-25 22:19:00+00:00,21130.75,21135.5,21105.25,21110.25,294.0
2025-05-25 22:20:00+00:00,21132.0,21146.5,21126.75,21129.5,378.0
2025-05-25 22:21:00+00:00,21136.75,21151.75,21130.75,21131.25,232.0
2025-05-25 22:22:00+00:00,21169.5,21172.75,21135.5,21138.0,482.0
2025-05-25 22:23:00+00:00,21173.5,21182.25,21159.0,21170.5,341.0
2025-05-25 22:24:00+00:00,21200.75,21202.75,21163.25,21172.5,414.0
2025-05-25 22:25:00+00:00,21197.5,21229.25,21195.0,21201.5,564.0
2025-05-25 22:26:00+00:00,21183.75,21199.0,21181.0,21196.0,231.0
2025-05-25 22:27:00+00:00,21189.25,21191.75,21178.0,21184.0,148.0
2025-05-25 22:28:00+00:00,21182.0,21192.75,21177.75,21188.5,98.0
2025-05-25 22:29:00+00:00,21195.0,21195.0,21178.5,21183.0,112.0
2025-05-25 22:30:00+00:00,21182.25,21199.75,21180.5,21196.0,197.0
2025-05-25 22:31:00+00:00,21174.5,21182.75,21170.0,21182.25,174.0
2025-05-25 22:32:00+00:00,21169.0,21175.0,21166.0,21175.0,116.0
2025-05-25 22:33:00+00:00,21164.0,21174.75,21163.0,21168.75,190.0
2025-05-25 22:34:00+00:00,21159.5,21168.25,21159.0,21164.25,124.0
2025-05-25 22:35:00+00:00,21159.25,21163.0,21155.25,21159.25,120.0
2025-05-25 22:36:00+00:00,21159.5,21161.0,21155.75,21158.75,51.0
2025-05-25 22:37:00+00:00,21152.75,21161.0,21147.75,21161.0,128.0
2025-05-25 22:38:00+00:00,21152.25,21153.0,21149.0,21152.25,84.0
2025-05-25 22:39:00+00:00,21142.25,21155.25,21138.5,21152.5,301.0
2025-05-25 22:40:00+00:00,21148.0,21152.5,21141.75,21142.25,123.0
2025-05-25 22:41:00+00:00,21141.75,21152.25,21139.25,21150.0,96.0
2025-05-25 22:42:00+00:00,21148.5,21148.5,21141.25,21141.75,59.0
2025-05-25 22:43:00+00:00,21151.25,21152.25,21146.0,21147.25,107.0
2025-05-25 22:44:00+00:00,21153.0,21155.25,21145.0,21151.25,81.0
2025-05-25 22:45:00+00:00,21170.0,21171.25,21153.25,21153.25,207.0
2025-05-25 22:46:00+00:00,21162.75,21174.0,21162.0,21169.0,166.0
2025-05-25 22:47:00+00:00,21157.0,21165.25,21153.5,21162.75,74.0
2025-05-25 22:48:00+00:00,21162.0,21165.0,21155.75,21157.0,76.0
2025-05-25 22:49:00+00:00,21178.5,21178.5,21162.75,21163.5,102.0
2025-05-25 22:50:00+00:00,21172.75,21191.75,21169.75,21177.75,399.0
2025-05-25 22:51:00+00:00,21170.75,21176.0,21162.25,21171.5,125.0
2025-05-25 22:52:00+00:00,21167.0,21170.25,21165.0,21170.25,48.0
2025-05-25 22:53:00+00:00,21168.25,21170.75,21165.5,21168.25,83.0
2025-05-25 22:54:00+00:00,21175.5,21175.5,21169.0,21169.0,52.0
2025-05-25 22:55:00+00:00,21175.75,21187.25,21175.75,21175.75,144.0
2025-05-25 22:56:00+00:00,21180.0,21184.0,21174.5,21174.75,86.0
2025-05-25 22:57:00+00:00,21178.0,21180.5,21175.75,21180.0,58.0
2025-05-25 22:58:00+00:00,21171.5,21177.5,21170.5,21176.75,81.0
2025-05-25 22:59:00+00:00,21164.75,21172.25,21162.0,21171.5,106.0
2025-05-25 23:00:00+00:00,21170.75,21174.75,21164.0,21164.0,88.0
2025-05-25 23:01:00+00:00,21176.25,21177.0,21168.75,21168.75,160.0
2025-05-25 23:02:00+00:00,21182.75,21188.75,21176.75,21176.75,154.0
2025-05-25 23:03:00+00:00,21180.0,21184.25,21177.75,21183.75,95.0
2025-05-25 23:04:00+00:00,21185.25,21187.5,21180.0,21181.5,84.0
2025-05-25 23:05:00+00:00,21199.0,21199.0,21186.25,21186.25,224.0
2025-05-25 23:06:00+00:00,21195.25,21202.25,21195.0,21197.0,144.0
2025-05-25 23:07:00+00:00,21183.75,21195.75,21182.0,21195.25,164.0
2025-05-25 23:08:00+00:00,21179.75,21185.0,21174.0,21183.5,151.0
2025-05-25 23:09:00+00:00,21178.0,21184.0,21176.0,21179.5,40.0
2025-05-25 23:10:00+00:00,21180.5,21180.5,21177.0,21177.75,26.0
2025-05-25 23:11:00+00:00,21188.75,21190.0,21181.25,21181.25,74.0
2025-05-25 23:12:00+00:00,21183.75,21191.0,21182.25,21189.75,64.0
2025-05-25 23:13:00+00:00,21187.5,21187.5,21184.0,21184.0,41.0
2025-05-25 23:14:00+00:00,21186.0,21186.0,21183.5,21186.0,57.0
2025-05-25 23:15:00+00:00,21177.0,21184.75,21177.0,21184.75,59.0
2025-05-25 23:16:00+00:00,21173.0,21177.25,21169.5,21177.0,114.0
2025-05-25 23:17:00+00:00,21173.75,21174.0,21172.0,21173.75,26.0
2025-05-25 23:18:00+00:00,21171.5,21173.75,21171.25,21173.0,19.0
2025-05-25 23:19:00+00:00,21170.0,21173.75,21170.0,21172.0,30.0
2025-05-25 23:20:00+00:00,21173.0,21173.0,21170.0,21170.5,19.0
2025-05-25 23:21:00+00:00,21172.75,21172.75,21170.75,21171.0,16.0
2025-05-25 23:22:00+00:00,21168.5,21172.75,21166.0,21172.75,45.0
2025-05-25 23:23:00+00:00,21167.5,21170.5,21167.5,21168.5,39.0
2025-05-25 23:24:00+00:00,21172.5,21174.5,21166.0,21167.5,56.0
2025-05-25 23:25:00+00:00,21180.0,21180.0,21172.0,21172.5,168.0
2025-05-25 23:26:00+00:00,21172.75,21182.5,21172.5,21180.5,81.0
2025-05-25 23:27:00+00:00,21170.75,21175.25,21170.0,21172.75,73.0
2025-05-25 23:28:00+00:00,21177.25,21177.25,21170.0,21172.0,153.0
2025-05-25 23:29:00+00:00,21174.75,21175.75,21174.5,21175.0,10.0
2025-05-25 23:30:00+00:00,21162.5,21174.5,21162.5,21174.5,82.0
2025-05-25 23:31:00+00:00,21169.0,21169.5,21163.25,21164.0,68.0
2025-05-25 23:32:00+00:00,21181.75,21181.75,21168.75,21168.75,154.0
2025-05-25 23:33:00+00:00,21177.5,21181.75,21176.5,21180.0,47.0
2025-05-25 23:34:00+00:00,21176.5,21178.25,21175.75,21177.0,21.0
2025-05-25 23:35:00+00:00,21176.5,21179.75,21176.0,21177.0,39.0
2025-05-25 23:36:00+00:00,21178.75,21179.5,21176.75,21177.5,29.0
2025-05-25 23:37:00+00:00,21184.5,21185.0,21179.0,21179.5,71.0
2025-05-25 23:38:00+00:00,21192.25,21193.0,21184.75,21185.0,115.0
2025-05-25 23:39:00+00:00,21193.75,21195.25,21186.75,21192.5,203.0
2025-05-25 23:40:00+00:00,21192.25,21194.0,21189.25,21193.0,107.0
2025-05-25 23:41:00+00:00,21194.25,21195.0,21189.75,21193.5,79.0
2025-05-25 23:42:00+00:00,21203.75,21207.5,21194.25,21194.75,319.0
2025-05-25 23:43:00+00:00,21200.25,21207.5,21198.75,21205.0,100.0
2025-05-25 23:44:00+00:00,21202.0,21203.75,21199.5,21199.5,60.0
2025-05-25 23:45:00+00:00,21197.75,21206.75,21196.5,21202.0,90.0
2025-05-25 23:46:00+00:00,21206.5,21213.0,21193.0,21198.25,358.0
2025-05-25 23:47:00+00:00,21203.0,21208.0,21200.0,21207.75,167.0
2025-05-25 23:48:00+00:00,21196.25,21204.25,21196.0,21202.5,87.0
2025-05-25 23:49:00+00:00,21192.5,21195.5,21190.25,21195.5,93.0
2025-05-25 23:50:00+00:00,21192.75,21194.5,21190.0,21190.0,53.0
2025-05-25 23:51:00+00:00,21191.5,21192.75,21185.5,21192.0,86.0
2025-05-25 23:52:00+00:00,21184.25,21189.75,21178.75,21189.75,113.0
2025-05-25 23:53:00+00:00,21178.5,21184.0,21178.5,21184.0,39.0
2025-05-25 23:54:00+00:00,21181.5,21181.5,21178.0,21178.0,62.0
2025-05-25 23:55:00+00:00,21182.0,21182.25,21177.0,21180.5,81.0
2025-05-25 23:56:00+00:00,21184.5,21186.75,21180.75,21183.0,90.0
2025-05-25 23:57:00+00:00,21184.5,21186.0,21182.25,21185.0,33.0
2025-05-25 23:58:00+00:00,21184.75,21186.0,21182.75,21185.5,28.0
2025-05-25 23:59:00+00:00,21188.75,21190.5,21183.25,21183.25,73.0
2025-05-26 00:00:00+00:00,21177.0,21196.75,21174.25,21187.5,271.0
2025-05-26 00:01:00+00:00,21187.75,21189.5,21172.0,21176.75,130.0
2025-05-26 00:02:00+00:00,21185.0,21197.5,21185.0,21188.75,114.0
2025-05-26 00:03:00+00:00,21183.0,21187.25,21178.5,21185.75,81.0
2025-05-26 00:04:00+00:00,21187.75,21192.75,21183.5,21183.5,74.0
2025-05-26 00:05:00+00:00,21194.0,21194.5,21188.5,21188.5,39.0
2025-05-26 00:06:00+00:00,21203.5,21203.5,21194.75,21194.75,144.0
2025-05-26 00:07:00+00:00,21194.25,21207.0,21194.25,21204.25,119.0
2025-05-26 00:08:00+00:00,21204.0,21206.0,21194.25,21194.25,159.0
2025-05-26 00:09:00+00:00,21204.0,21210.0,21202.75,21202.75,99.0
2025-05-26 00:10:00+00:00,21199.75,21203.0,21199.25,21202.5,61.0
2025-05-26 00:11:00+00:00,21189.0,21199.25,21187.0,21199.25,97.0
2025-05-26 00:12:00+00:00,21181.0,21191.5,21181.0,21189.25,114.0
2025-05-26 00:13:00+00:00,21180.5,21182.5,21179.75,21182.0,55.0
2025-05-26 00:14:00+00:00,21178.0,21181.0,21177.0,21180.5,68.0
2025-05-26 00:15:00+00:00,21201.25,21202.5,21178.0,21178.25,387.0
2025-05-26 00:16:00+00:00,21204.0,21212.0,21202.25,21202.75,228.0
2025-05-26 00:17:00+00:00,21194.5,21205.0,21193.0,21205.0,119.0
2025-05-26 00:18:00+00:00,21184.5,21194.0,21181.75,21193.25,156.0
2025-05-26 00:19:00+00:00,21199.75,21200.5,21180.0,21184.0,248.0
2025-05-26 00:20:00+00:00,21193.75,21203.75,21191.0,21198.75,115.0
2025-05-26 00:21:00+00:00,21189.5,21194.75,21184.75,21193.5,84.0
2025-05-26 00:22:00+00:00,21185.5,21189.0,21183.0,21188.75,58.0
2025-05-26 00:23:00+00:00,21182.25,21189.75,21182.25,21187.25,64.0
2025-05-26 00:24:00+00:00,21180.0,21184.0,21178.75,21181.0,66.0
2025-05-26 00:25:00+00:00,21179.25,21181.75,21178.75,21181.75,42.0
2025-05-26 00:26:00+00:00,21176.75,21179.75,21172.25,21178.5,89.0
2025-05-26 00:27:00+00:00,21173.5,21178.0,21172.75,21177.25,79.0
2025-05-26 00:28:00+00:00,21173.0,21176.75,21171.0,21172.0,86.0
2025-05-26 00:29:00+00:00,21175.0,21175.0,21170.75,21173.25,46.0
2025-05-26 00:30:00+00:00,21172.0,21181.5,21172.0,21175.25,89.0
2025-05-26 00:31:00+00:00,21172.75,21173.75,21168.0,21171.75,125.0
2025-05-26 00:32:00+00:00,21171.25,21173.5,21171.0,21171.75,19.0
2025-05-26 00:33:00+00:00,21172.25,21173.0,21170.25,21172.25,30.0
2025-05-26 00:34:00+00:00,21177.75,21178.75,21172.25,21174.0,48.0
2025-05-26 00:35:00+00:00,21174.5,21176.0,21172.5,21175.0,41.0
2025-05-26 00:36:00+00:00,21174.75,21174.75,21170.25,21172.0,28.0
2025-05-26 00:37:00+00:00,21183.25,21183.25,21174.5,21174.75,65.0
2025-05-26 00:38:00+00:00,21188.5,21188.5,21182.75,21184.5,140.0
2025-05-26 00:39:00+00:00,21191.0,21191.25,21186.0,21188.25,92.0
2025-05-26 00:40:00+00:00,21190.0,21191.75,21187.5,21191.75,44.0
2025-05-26 00:41:00+00:00,21191.75,21195.0,21190.5,21190.5,83.0
2025-05-26 00:42:00+00:00,21197.25,21198.0,21190.0,21191.5,92.0
2025-05-26 00:43:00+00:00,21198.5,21199.25,21195.5,21197.75,77.0
2025-05-26 00:44:00+00:00,21195.25,21200.75,21195.25,21198.5,112.0
2025-05-26 00:45:00+00:00,21200.75,21202.0,21194.0,21194.75,85.0
2025-05-26 00:46:00+00:00,21199.0,21199.5,21194.5,21199.5,75.0
2025-05-26 00:47:00+00:00,21197.5,21202.75,21194.75,21195.75,97.0
2025-05-26 00:48:00+00:00,21203.75,21206.0,21197.25,21197.75,108.0
2025-05-26 00:49:00+00:00,21199.5,21203.75,21198.0,21203.5,80.0
2025-05-26 00:50:00+00:00,21196.5,21198.5,21195.75,21198.0,128.0
2025-05-26 00:51:00+00:00,21195.25,21196.0,21193.5,21195.25,40.0
2025-05-26 00:52:00+00:00,21193.0,21195.5,21190.5,21195.5,70.0
2025-05-26 00:53:00+00:00,21195.5,21198.5,21191.75,21192.75,71.0
2025-05-26 00:54:00+00:00,21192.0,21194.5,21191.5,21194.5,21.0
2025-05-26 00:55:00+00:00,21187.0,21191.75,21183.0,21191.25,115.0
2025-05-26 00:56:00+00:00,21186.5,21187.75,21184.0,21187.25,84.0
2025-05-26 00:57:00+00:00,21187.75,21189.5,21185.25,21185.25,41.0
2025-05-26 00:58:00+00:00,21192.0,21194.5,21186.25,21187.5,40.0
2025-05-26 00:59:00+00:00,21186.5,21197.25,21186.5,21192.75,114.0
2025-05-26 01:00:00+00:00,21170.0,21185.75,21169.75,21185.25,204.0
2025-05-26 01:01:00+00:00,21172.25,21175.75,21168.25,21170.75,194.0
2025-05-26 01:02:00+00:00,21174.75,21175.25,21171.0,21173.25,28.0
2025-05-26 01:03:00+00:00,21175.5,21178.5,21173.5,21175.5,86.0
2025-05-26 01:04:00+00:00,21176.5,21177.0,21174.0,21176.5,36.0
2025-05-26 01:05:00+00:00,21176.75,21177.75,21173.25,21175.5,42.0
2025-05-26 01:06:00+00:00,21178.25,21178.5,21174.75,21176.5,60.0
2025-05-26 01:07:00+00:00,21176.25,21180.5,21176.25,21179.0,50.0
2025-05-26 01:08:00+00:00,21177.5,21179.5,21174.75,21174.75,30.0
2025-05-26 01:09:00+00:00,21180.25,21180.75,21176.5,21177.25,46.0
2025-05-26 01:10:00+00:00,21185.75,21187.25,21180.0,21180.0,87.0
2025-05-26 01:11:00+00:00,21189.0,21192.75,21185.75,21185.75,125.0
2025-05-26 01:12:00+00:00,21193.5,21196.25,21189.0,21190.25,90.0
2025-05-26 01:13:00+00:00,21194.5,21200.75,21193.0,21193.5,149.0
2025-05-26 01:14:00+00:00,21200.0,21203.0,21194.75,21195.75,115.0
2025-05-26 01:15:00+00:00,21201.25,21204.75,21199.0,21201.75,87.0
2025-05-26 01:16:00+00:00,21196.0,21206.75,21196.0,21200.25,152.0
2025-05-26 01:17:00+00:00,21191.75,21195.75,21189.75,21195.5,158.0
2025-05-26 01:18:00+00:00,21197.0,21202.25,21192.75,21193.0,113.0
2025-05-26 01:19:00+00:00,21191.0,21196.0,21191.0,21195.75,56.0
2025-05-26 01:20:00+00:00,21189.5,21192.0,21186.25,21192.0,119.0
2025-05-26 01:21:00+00:00,21187.75,21189.75,21184.5,21189.75,59.0
2025-05-26 01:22:00+00:00,21190.5,21191.0,21186.75,21187.75,46.0
2025-05-26 01:23:00+00:00,21186.75,21189.5,21186.25,21189.5,22.0
2025-05-26 01:24:00+00:00,21185.75,21188.5,21185.75,21187.0,30.0
2025-05-26 01:25:00+00:00,21184.75,21186.5,21183.75,21186.5,44.0
2025-05-26 01:26:00+00:00,21183.75,21185.0,21177.75,21185.0,109.0
2025-05-26 01:27:00+00:00,21183.5,21183.5,21180.5,21181.25,58.0
2025-05-26 01:28:00+00:00,21181.75,21185.25,21181.75,21184.75,41.0
2025-05-26 01:29:00+00:00,21176.5,21181.0,21175.5,21181.0,64.0
2025-05-26 01:30:00+00:00,21177.75,21178.25,21176.25,21178.0,38.0
2025-05-26 01:31:00+00:00,21173.0,21178.0,21172.5,21178.0,62.0
2025-05-26 01:32:00+00:00,21171.0,21174.75,21170.0,21174.25,87.0
2025-05-26 01:33:00+00:00,21172.5,21175.75,21170.75,21171.25,97.0
2025-05-26 01:34:00+00:00,21171.25,21178.5,21171.25,21172.5,84.0
2025-05-26 01:35:00+00:00,21181.25,21182.5,21172.25,21172.75,110.0
2025-05-26 01:36:00+00:00,21179.75,21183.75,21178.0,21180.75,59.0
2025-05-26 01:37:00+00:00,21182.5,21186.0,21181.0,21182.25,92.0
2025-05-26 01:38:00+00:00,21183.75,21183.75,21181.75,21183.25,29.0
2025-05-26 01:39:00+00:00,21188.75,21189.75,21184.75,21185.0,88.0
2025-05-26 01:40:00+00:00,21201.75,21202.5,21188.5,21188.5,195.0
2025-05-26 01:41:00+00:00,21200.0,21202.5,21195.75,21202.5,119.0
2025-05-26 01:42:00+00:00,21200.0,21203.0,21197.75,21200.75,91.0
2025-05-26 01:43:00+00:00,21196.75,21203.25,21196.0,21201.25,100.0
2025-05-26 01:44:00+00:00,21198.5,21200.25,21195.5,21196.25,63.0
2025-05-26 01:45:00+00:00,21201.0,21201.0,21197.75,21199.5,23.0
2025-05-26 01:46:00+00:00,21201.0,21202.0,21198.5,21201.25,54.0
2025-05-26 01:47:00+00:00,21203.0,21203.75,21200.25,21200.75,71.0
2025-05-26 01:48:00+00:00,21203.5,21205.0,21198.75,21204.0,89.0
2025-05-26 01:49:00+00:00,21203.0,21209.0,21203.0,21203.25,111.0
2025-05-26 01:50:00+00:00,21200.75,21203.75,21199.75,21203.75,73.0
2025-05-26 01:51:00+00:00,21202.5,21205.5,21202.5,21203.25,49.0
2025-05-26 01:52:00+00:00,21202.75,21204.0,21202.0,21202.25,39.0
2025-05-26 01:53:00+00:00,21197.75,21202.25,21196.5,21202.25,93.0
2025-05-26 01:54:00+00:00,21199.25,21200.75,21196.5,21197.75,57.0
2025-05-26 01:55:00+00:00,21196.75,21199.25,21196.5,21198.25,51.0
2025-05-26 01:56:00+00:00,21200.75,21200.75,21197.75,21197.75,34.0
2025-05-26 01:57:00+00:00,21204.5,21208.0,21200.75,21200.75,155.0
2025-05-26 01:58:00+00:00,21204.5,21206.5,21202.75,21205.25,44.0
2025-05-26 01:59:00+00:00,21205.75,21207.75,21204.5,21204.5,53.0
2025-05-26 02:00:00+00:00,21200.0,21208.5,21200.0,21206.75,138.0
2025-05-26 02:01:00+00:00,21204.0,21204.0,21198.75,21199.5,33.0
2025-05-26 02:02:00+00:00,21206.0,21206.75,21201.5,21202.0,69.0
2025-05-26 02:03:00+00:00,21200.5,21205.5,21199.25,21205.5,47.0
2025-05-26 02:04:00+00:00,21209.75,21211.5,21201.5,21201.5,129.0
2025-05-26 02:05:00+00:00,21208.75,21211.5,21205.75,21210.75,91.0
2025-05-26 02:06:00+00:00,21206.5,21207.75,21205.0,21207.5,33.0
2025-05-26 02:07:00+00:00,21202.75,21205.5,21202.75,21205.5,45.0
2025-05-26 02:08:00+00:00,21205.75,21205.75,21200.5,21202.25,53.0
2025-05-26 02:09:00+00:00,21209.0,21209.25,21205.75,21205.75,40.0
2025-05-26 02:10:00+00:00,21207.75,21210.25,21207.5,21209.5,68.0
2025-05-26 02:11:00+00:00,21205.75,21207.5,21205.75,21207.5,17.0
2025-05-26 02:12:00+00:00,21207.0,21208.25,21202.25,21206.5,68.0
2025-05-26 02:13:00+00:00,21207.25,21207.25,21205.25,21205.25,29.0
2025-05-26 02:14:00+00:00,21206.75,21207.5,21205.25,21206.0,37.0
2025-05-26 02:15:00+00:00,21201.75,21207.0,21201.75,21205.75,35.0
2025-05-26 02:16:00+00:00,21202.0,21203.25,21200.0,21201.25,52.0
2025-05-26 02:17:00+00:00,21210.25,21211.0,21202.25,21202.25,53.0
2025-05-26 02:18:00+00:00,21216.25,21219.0,21209.25,21209.75,201.0
2025-05-26 02:19:00+00:00,21212.5,21219.5,21212.5,21216.25,135.0
2025-05-26 02:20:00+00:00,21214.5,21216.5,21210.25,21212.25,111.0
2025-05-26 02:21:00+00:00,21222.5,21223.0,21213.0,21214.25,169.0
2025-05-26 02:22:00+00:00,21223.5,21226.25,21219.75,21221.5,165.0
2025-05-26 02:23:00+00:00,21226.5,21226.5,21221.5,21224.25,87.0
2025-05-26 02:24:00+00:00,21221.75,21228.25,21220.25,21227.25,209.0
2025-05-26 02:25:00+00:00,21226.5,21228.5,21221.0,21222.0,125.0
2025-05-26 02:26:00+00:00,21225.75,21233.25,21225.75,21227.75,228.0
2025-05-26 02:27:00+00:00,21229.25,21230.0,21221.75,21225.5,108.0
2025-05-26 02:28:00+00:00,21222.25,21228.75,21221.25,21228.75,99.0
2025-05-26 02:29:00+00:00,21219.25,21222.0,21219.25,21222.0,64.0
2025-05-26 02:30:00+00:00,21222.75,21223.0,21218.0,21218.75,106.0
2025-05-26 02:31:00+00:00,21222.5,21223.75,21222.0,21223.75,20.0
2025-05-26 02:32:00+00:00,21217.25,21222.25,21217.0,21221.25,46.0
2025-05-26 02:33:00+00:00,21209.75,21217.0,21209.5,21216.25,125.0
2025-05-26 02:34:00+00:00,21206.5,21210.75,21204.75,21210.75,174.0
2025-05-26 02:35:00+00:00,21207.5,21209.25,21205.25,21207.5,46.0
2025-05-26 02:36:00+00:00,21206.75,21207.25,21205.25,21206.5,32.0
2025-05-26 02:37:00+00:00,21202.5,21206.5,21202.5,21206.5,53.0
2025-05-26 02:38:00+00:00,21205.5,21205.5,21202.0,21203.0,69.0
2025-05-26 02:39:00+00:00,21199.5,21208.5,21198.75,21205.75,107.0
2025-05-26 02:40:00+00:00,21199.75,21201.5,21196.0,21200.0,106.0
2025-05-26 02:41:00+00:00,21202.5,21203.5,21198.0,21199.5,63.0
2025-05-26 02:42:00+00:00,21201.5,21203.5,21201.5,21202.5,20.0
2025-05-26 02:43:00+00:00,21201.25,21201.25,21199.0,21199.75,16.0
2025-05-26 02:44:00+00:00,21199.5,21201.5,21199.0,21201.5,46.0
2025-05-26 02:45:00+00:00,21200.25,21200.25,21199.5,21199.5,12.0
2025-05-26 02:46:00+00:00,21194.75,21200.5,21194.5,21199.75,67.0
2025-05-26 02:47:00+00:00,21193.0,21196.25,21193.0,21195.0,55.0
2025-05-26 02:48:00+00:00,21193.5,21195.5,21193.5,21194.25,33.0
2025-05-26 02:49:00+00:00,21191.75,21195.5,21190.0,21194.75,141.0
2025-05-26 02:50:00+00:00,21194.25,21196.25,21193.0,21193.5,76.0
2025-05-26 02:51:00+00:00,21193.25,21196.0,21192.5,21194.0,55.0
2025-05-26 02:52:00+00:00,21194.75,21195.5,21190.75,21195.0,72.0
2025-05-26 02:53:00+00:00,21193.25,21195.0,21193.25,21195.0,20.0
2025-05-26 02:54:00+00:00,21192.25,21193.25,21190.5,21192.5,48.0
2025-05-26 02:55:00+00:00,21193.0,21193.0,21190.5,21191.25,28.0
2025-05-26 02:56:00+00:00,21192.75,21193.0,21189.75,21191.0,62.0
2025-05-26 02:57:00+00:00,21193.75,21196.5,21192.25,21192.5,99.0
2025-05-26 02:58:00+00:00,21193.5,21193.5,21191.75,21192.75,35.0
2025-05-26 02:59:00+00:00,21193.5,21195.5,21191.75,21193.25,43.0
2025-05-26 03:00:00+00:00,21194.0,21197.0,21194.0,21194.25,74.0
2025-05-26 03:01:00+00:00,21198.5,21201.5,21193.5,21193.5,104.0
2025-05-26 03:02:00+00:00,21200.75,21202.5,21199.25,21199.25,47.0
2025-05-26 03:03:00+00:00,21204.0,21206.75,21202.25,21202.25,65.0
2025-05-26 03:04:00+00:00,21204.0,21205.25,21201.25,21205.25,21.0
2025-05-26 03:05:00+00:00,21208.75,21208.75,21203.75,21204.0,36.0
2025-05-26 03:06:00+00:00,21210.5,21211.75,21207.75,21207.75,70.0
2025-05-26 03:07:00+00:00,21211.0,21212.5,21209.0,21211.0,56.0
2025-05-26 03:08:00+00:00,21211.0,21213.25,21211.0,21212.0,51.0
2025-05-26 03:09:00+00:00,21211.75,21213.0,21211.5,21211.5,27.0
2025-05-26 03:10:00+00:00,21210.5,21215.5,21210.0,21212.0,94.0
2025-05-26 03:11:00+00:00,21212.5,21214.75,21210.5,21210.5,62.0
2025-05-26 03:12:00+00:00,21213.75,21214.25,21212.5,21213.25,45.0
2025-05-26 03:13:00+00:00,21215.0,21216.75,21213.5,21214.0,52.0
2025-05-26 03:14:00+00:00,21217.0,21219.75,21215.5,21216.5,71.0
2025-05-26 03:15:00+00:00,21217.25,21217.75,21216.25,21216.5,26.0
2025-05-26 03:16:00+00:00,21218.0,21219.0,21216.75,21216.75,19.0
2025-05-26 03:17:00+00:00,21218.75,21218.75,21216.5,21217.75,27.0
2025-05-26 03:18:00+00:00,21215.75,21218.5,21214.25,21218.5,45.0
2025-05-26 03:19:00+00:00,21218.0,21218.75,21212.5,21214.0,81.0
2025-05-26 03:20:00+00:00,21216.75,21218.25,21214.0,21218.0,41.0
2025-05-26 03:21:00+00:00,21214.75,21216.0,21214.75,21215.75,15.0
2025-05-26 03:22:00+00:00,21212.75,21217.5,21212.75,21215.5,29.0
2025-05-26 03:23:00+00:00,21214.0,21217.75,21213.75,21213.75,41.0
2025-05-26 03:24:00+00:00,21215.25,21215.75,21213.75,21215.0,37.0
2025-05-26 03:25:00+00:00,21214.75,21216.0,21213.0,21216.0,59.0
2025-05-26 03:26:00+00:00,21215.75,21216.75,21214.0,21215.25,18.0
2025-05-26 03:27:00+00:00,21216.25,21216.5,21215.0,21215.0,12.0
2025-05-26 03:28:00+00:00,21215.0,21218.75,21215.0,21217.5,39.0
2025-05-26 03:29:00+00:00,21215.5,21217.25,21214.5,21214.75,33.0
2025-05-26 03:30:00+00:00,21211.75,21214.0,21210.5,21213.75,36.0
2025-05-26 03:31:00+00:00,21209.5,21212.75,21209.5,21211.0,66.0
2025-05-26 03:32:00+00:00,21211.75,21215.0,21211.25,21211.25,57.0
2025-05-26 03:33:00+00:00,21214.0,21214.0,21211.0,21211.0,20.0
2025-05-26 03:34:00+00:00,21214.5,21218.75,21212.75,21215.0,96.0
2025-05-26 03:35:00+00:00,21208.0,21215.25,21206.25,21213.75,101.0
2025-05-26 03:36:00+00:00,21211.0,21211.75,21207.0,21207.0,27.0
2025-05-26 03:37:00+00:00,21211.75,21212.5,21210.25,21210.25,16.0
2025-05-26 03:38:00+00:00,21213.0,21214.25,21212.75,21214.0,31.0
2025-05-26 03:39:00+00:00,21215.5,21216.0,21213.75,21214.75,26.0
2025-05-26 03:40:00+00:00,21215.75,21216.25,21212.25,21214.75,57.0
2025-05-26 03:41:00+00:00,21213.5,21215.75,21213.5,21215.75,13.0
2025-05-26 03:42:00+00:00,21215.25,21215.75,21213.75,21213.75,18.0
2025-05-26 03:43:00+00:00,21220.0,21222.75,21215.25,21215.25,84.0
2025-05-26 03:44:00+00:00,21220.0,21221.75,21218.75,21219.75,32.0
2025-05-26 03:45:00+00:00,21220.25,21222.5,21220.0,21220.0,43.0
2025-05-26 03:46:00+00:00,21219.5,21219.75,21218.5,21219.0,20.0
2025-05-26 03:47:00+00:00,21219.75,21221.75,21219.75,21220.25,18.0
2025-05-26 03:48:00+00:00,21213.0,21221.5,21212.25,21221.5,72.0
2025-05-26 03:49:00+00:00,21212.5,21214.0,21211.0,21212.25,35.0
2025-05-26 03:50:00+00:00,21210.75,21214.75,21210.75,21214.75,14.0
2025-05-26 03:51:00+00:00,21212.5,21212.75,21211.25,21211.5,27.0
2025-05-26 03:52:00+00:00,21213.25,21214.0,21211.5,21212.75,12.0
2025-05-26 03:53:00+00:00,21214.0,21215.75,21214.0,21214.25,15.0
2025-05-26 03:54:00+00:00,21215.75,21215.75,21215.5,21215.5,6.0
2025-05-26 03:55:00+00:00,21214.0,21214.0,21213.25,21213.25,13.0
2025-05-26 03:56:00+00:00,21213.0,21214.0,21212.75,21212.75,13.0
2025-05-26 03:57:00+00:00,21212.0,21213.5,21210.75,21213.5,14.0
2025-05-26 03:58:00+00:00,21210.5,21211.25,21209.5,21211.25,15.0
2025-05-26 04:00:00+00:00,21211.5,21212.5,21211.0,21212.5,10.0
2025-05-26 04:01:00+00:00,21212.5,21213.25,21210.25,21211.25,20.0
2025-05-26 04:02:00+00:00,21211.75,21211.75,21210.75,21211.75,20.0
2025-05-26 04:03:00+00:00,21212.75,21212.75,21211.75,21212.0,7.0
2025-05-26 04:04:00+00:00,21213.5,21213.5,21213.5,21213.5,3.0
2025-05-26 04:05:00+00:00,21211.5,21212.5,21210.5,21212.5,19.0
2025-05-26 04:06:00+00:00,21213.25,21213.25,21211.75,21211.75,7.0
2025-05-26 04:07:00+00:00,21210.25,21212.25,21210.0,21212.25,16.0
2025-05-26 04:08:00+00:00,21211.75,21211.75,21209.75,21209.75,12.0
2025-05-26 04:09:00+00:00,21209.75,21212.0,21209.75,21212.0,9.0
2025-05-26 04:10:00+00:00,21209.75,21210.75,21208.25,21210.75,19.0
2025-05-26 04:11:00+00:00,21208.0,21209.75,21207.0,21209.75,28.0
2025-05-26 04:12:00+00:00,21208.0,21208.75,21206.25,21206.5,27.0
2025-05-26 04:13:00+00:00,21208.5,21208.75,21205.0,21207.75,90.0
2025-05-26 04:14:00+00:00,21206.75,21208.5,21206.75,21208.5,21.0
2025-05-26 04:15:00+00:00,21206.75,21207.5,21204.5,21206.5,58.0
2025-05-26 04:16:00+00:00,21204.75,21208.0,21204.75,21207.0,32.0
2025-05-26 04:17:00+00:00,21205.75,21206.0,21203.25,21204.25,44.0
2025-05-26 04:18:00+00:00,21209.25,21212.5,21206.0,21206.0,49.0
2025-05-26 04:19:00+00:00,21211.5,21211.5,21210.25,21210.25,16.0
2025-05-26 04:20:00+00:00,21205.75,21211.0,21204.75,21211.0,49.0
2025-05-26 04:21:00+00:00,21210.25,21210.25,21203.5,21204.75,66.0
2025-05-26 04:22:00+00:00,21212.75,21213.25,21211.0,21211.75,28.0
2025-05-26 04:23:00+00:00,21209.5,21211.25,21209.5,21211.25,7.0
2025-05-26 04:24:00+00:00,21209.25,21209.75,21209.0,21209.75,6.0
2025-05-26 04:25:00+00:00,21208.75,21209.25,21208.75,21209.0,5.0
2025-05-26 04:26:00+00:00,21209.0,21209.25,21209.0,21209.0,5.0
2025-05-26 04:27:00+00:00,21207.25,21208.5,21206.75,21208.5,18.0
2025-05-26 04:28:00+00:00,21207.25,21208.0,21207.25,21207.75,12.0
2025-05-26 04:29:00+00:00,21208.0,21208.0,21207.5,21207.5,4.0
2025-05-26 04:30:00+00:00,21206.0,21208.25,21204.0,21208.25,42.0
2025-05-26 04:31:00+00:00,21205.25,21207.25,21204.75,21206.5,23.0
2025-05-26 04:32:00+00:00,21207.5,21207.5,21205.5,21205.5,20.0
2025-05-26 04:33:00+00:00,21206.0,21207.5,21205.0,21205.75,15.0
2025-05-26 04:34:00+00:00,21212.0,21212.0,21206.5,21206.5,19.0
2025-05-26 04:35:00+00:00,21212.75,21216.5,21211.25,21213.0,91.0
2025-05-26 04:36:00+00:00,21215.75,21215.75,21214.5,21215.5,17.0
2025-05-26 04:37:00+00:00,21218.0,21218.25,21215.25,21215.5,30.0
2025-05-26 04:38:00+00:00,21216.5,21219.25,21216.0,21219.0,30.0
2025-05-26 04:39:00+00:00,21215.75,21216.75,21215.0,21216.75,14.0
2025-05-26 04:40:00+00:00,21219.0,21219.25,21215.75,21216.0,28.0
2025-05-26 04:41:00+00:00,21219.75,21219.75,21218.0,21218.5,25.0
2025-05-26 04:42:00+00:00,21217.75,21219.75,21217.25,21219.75,17.0
2025-05-26 04:43:00+00:00,21220.0,21220.0,21217.0,21217.5,30.0
2025-05-26 04:44:00+00:00,21219.5,21220.25,21218.75,21218.75,18.0
2025-05-26 04:45:00+00:00,21218.25,21218.5,21217.5,21218.5,9.0
2025-05-26 04:46:00+00:00,21219.0,21219.25,21217.25,21217.75,29.0
2025-05-26 04:47:00+00:00,21219.75,21220.5,21217.75,21218.5,16.0
2025-05-26 04:48:00+00:00,21222.25,21226.25,21219.75,21220.25,147.0
2025-05-26 04:49:00+00:00,21222.75,21224.5,21221.25,21222.25,77.0
2025-05-26 04:50:00+00:00,21221.75,21224.0,21220.25,21224.0,24.0
2025-05-26 04:51:00+00:00,21226.0,21226.75,21221.5,21221.5,49.0
2025-05-26 04:52:00+00:00,21225.5,21227.75,21224.75,21226.5,27.0
2025-05-26 04:53:00+00:00,21225.25,21227.0,21223.75,21226.0,40.0
2025-05-26 04:54:00+00:00,21225.75,21227.0,21224.75,21225.0,65.0
2025-05-26 04:55:00+00:00,21224.75,21226.25,21224.5,21225.25,59.0
2025-05-26 04:56:00+00:00,21224.25,21226.0,21223.5,21224.25,44.0
2025-05-26 04:57:00+00:00,21222.75,21224.5,21222.75,21224.0,18.0
2025-05-26 04:58:00+00:00,21219.0,21222.5,21217.75,21222.5,55.0
2025-05-26 04:59:00+00:00,21220.0,21221.5,21219.0,21219.25,35.0
2025-05-26 05:00:00+00:00,21219.5,21219.5,21212.75,21219.5,85.0
2025-05-26 05:01:00+00:00,21215.5,21221.75,21215.5,21219.0,69.0
2025-05-26 05:02:00+00:00,21214.0,21215.5,21213.25,21215.5,40.0
2025-05-26 05:03:00+00:00,21213.0,21214.25,21212.25,21214.0,53.0
2025-05-26 05:04:00+00:00,21214.25,21214.25,21212.75,21212.75,17.0
2025-05-26 05:05:00+00:00,21215.25,21215.25,21213.0,21214.5,27.0
2025-05-26 05:06:00+00:00,21211.75,21214.75,21211.0,21214.75,30.0
2025-05-26 05:07:00+00:00,21211.5,21212.5,21208.25,21212.0,82.0
2025-05-26 05:08:00+00:00,21210.25,21213.0,21210.0,21210.75,34.0
2025-05-26 05:09:00+00:00,21208.0,21210.25,21207.0,21210.25,46.0
2025-05-26 05:10:00+00:00,21206.0,21209.0,21205.5,21207.25,32.0
2025-05-26 05:11:00+00:00,21208.0,21208.0,21204.25,21206.0,34.0
2025-05-26 05:12:00+00:00,21208.25,21209.0,21207.25,21208.25,24.0
2025-05-26 05:13:00+00:00,21205.75,21208.5,21205.0,21208.5,42.0
2025-05-26 05:14:00+00:00,21203.75,21205.5,21203.75,21205.0,18.0
2025-05-26 05:15:00+00:00,21207.0,21207.0,21203.75,21206.0,35.0
2025-05-26 05:16:00+00:00,21212.25,21212.5,21207.0,21207.0,75.0
2025-05-26 05:17:00+00:00,21212.0,21217.0,21211.5,21211.5,106.0
2025-05-26 05:18:00+00:00,21214.25,21215.5,21214.25,21214.25,12.0
2025-05-26 05:19:00+00:00,21213.0,21213.75,21212.0,21213.75,21.0
2025-05-26 05:20:00+00:00,21213.75,21214.5,21212.0,21212.0,26.0
2025-05-26 05:21:00+00:00,21214.0,21215.25,21213.25,21214.0,14.0
2025-05-26 05:22:00+00:00,21216.25,21216.25,21213.25,21213.25,24.0
2025-05-26 05:23:00+00:00,21214.0,21214.75,21212.75,21214.75,30.0
2025-05-26 05:24:00+00:00,21209.75,21213.25,21209.25,21212.5,30.0
2025-05-26 05:25:00+00:00,21210.5,21210.5,21207.0,21209.5,49.0
2025-05-26 05:26:00+00:00,21205.0,21210.75,21204.75,21210.75,26.0
2025-05-26 05:27:00+00:00,21200.75,21205.25,21196.5,21205.25,147.0
2025-05-26 05:28:00+00:00,21201.75,21201.75,21199.5,21200.75,43.0
2025-05-26 05:29:00+00:00,21200.0,21201.25,21199.0,21201.25,26.0
2025-05-26 05:30:00+00:00,21199.5,21200.5,21195.0,21200.25,122.0
2025-05-26 05:31:00+00:00,21195.75,21198.75,21195.75,21198.75,32.0
2025-05-26 05:32:00+00:00,21204.0,21205.75,21196.75,21197.5,151.0
2025-05-26 05:33:00+00:00,21207.5,21207.5,21205.5,21205.5,60.0
2025-05-26 05:34:00+00:00,21207.0,21207.0,21205.25,21206.5,14.0
2025-05-26 05:35:00+00:00,21207.5,21208.0,21206.0,21206.0,35.0
2025-05-26 05:36:00+00:00,21208.5,21209.0,21207.5,21208.5,34.0
2025-05-26 05:37:00+00:00,21213.5,21215.5,21210.0,21210.0,70.0
2025-05-26 05:38:00+00:00,21211.75,21214.75,21211.0,21214.0,23.0
2025-05-26 05:39:00+00:00,21207.5,21214.25,21207.5,21212.75,91.0
2025-05-26 05:40:00+00:00,21211.75,21212.0,21208.5,21208.5,29.0
2025-05-26 05:41:00+00:00,21212.0,21212.5,21209.75,21212.0,13.0
2025-05-26 05:42:00+00:00,21210.75,21213.75,21210.75,21212.5,31.0
2025-05-26 05:43:00+00:00,21211.0,21211.75,21208.75,21211.0,43.0
2025-05-26 05:44:00+00:00,21212.0,21212.0,21211.0,21211.0,21.0
2025-05-26 05:45:00+00:00,21206.5,21211.75,21206.25,21210.0,62.0
2025-05-26 05:46:00+00:00,21205.25,21207.25,21205.25,21206.5,17.0
2025-05-26 05:47:00+00:00,21208.5,21212.75,21205.0,21205.0,33.0
2025-05-26 05:48:00+00:00,21210.75,21211.0,21206.75,21207.25,54.0
2025-05-26 05:49:00+00:00,21210.25,21212.5,21207.25,21209.0,75.0
2025-05-26 05:50:00+00:00,21213.0,21213.0,21208.75,21210.75,59.0
2025-05-26 05:51:00+00:00,21216.0,21216.0,21212.0,21214.0,31.0
2025-05-26 05:52:00+00:00,21213.0,21218.0,21213.0,21216.75,52.0
2025-05-26 05:53:00+00:00,21209.75,21212.25,21208.5,21212.25,35.0
2025-05-26 05:54:00+00:00,21209.75,21211.0,21206.5,21210.25,32.0
2025-05-26 05:55:00+00:00,21207.0,21210.75,21207.0,21208.75,29.0
2025-05-26 05:56:00+00:00,21207.0,21207.5,21206.25,21207.5,40.0
2025-05-26 05:57:00+00:00,21205.0,21208.5,21205.0,21208.0,23.0
2025-05-26 05:58:00+00:00,21201.0,21204.75,21201.0,21204.75,28.0
2025-05-26 05:59:00+00:00,21202.25,21203.5,21201.0,21203.0,35.0
2025-05-26 06:00:00+00:00,21194.25,21202.0,21189.75,21202.0,313.0
2025-05-26 06:01:00+00:00,21205.5,21205.5,21190.5,21194.75,145.0
2025-05-26 06:02:00+00:00,21206.75,21206.75,21202.0,21206.5,80.0
2025-05-26 06:03:00+00:00,21210.75,21210.75,21206.25,21207.25,51.0
2025-05-26 06:04:00+00:00,21213.5,21214.25,21210.75,21210.75,69.0
2025-05-26 06:05:00+00:00,21213.75,21215.0,21210.5,21212.75,83.0
2025-05-26 06:06:00+00:00,21223.0,21226.5,21216.0,21216.0,196.0
2025-05-26 06:07:00+00:00,21222.25,21223.25,21219.0,21223.25,74.0
2025-05-26 06:08:00+00:00,21224.75,21230.75,21223.0,21223.0,177.0
2025-05-26 06:09:00+00:00,21222.5,21224.5,21221.5,21224.5,49.0
2025-05-26 06:10:00+00:00,21219.5,21221.5,21216.25,21221.5,88.0
2025-05-26 06:11:00+00:00,21214.5,21217.25,21213.25,21217.25,76.0
2025-05-26 06:12:00+00:00,21213.0,21217.5,21211.5,21212.75,95.0
2025-05-26 06:13:00+00:00,21203.75,21213.0,21201.25,21212.5,174.0
2025-05-26 06:14:00+00:00,21204.25,21206.5,21202.75,21203.5,76.0
2025-05-26 06:15:00+00:00,21205.5,21207.0,21201.75,21203.75,77.0
2025-05-26 06:16:00+00:00,21204.5,21207.0,21204.0,21206.0,21.0
2025-05-26 06:17:00+00:00,21211.25,21215.0,21203.75,21203.75,84.0
2025-05-26 06:18:00+00:00,21208.0,21211.5,21207.5,21211.5,56.0
2025-05-26 06:19:00+00:00,21207.5,21208.0,21205.75,21207.0,24.0
2025-05-26 06:20:00+00:00,21209.25,21211.0,21206.5,21207.5,35.0
2025-05-26 06:21:00+00:00,21212.5,21212.75,21210.25,21210.25,34.0
2025-05-26 06:22:00+00:00,21217.0,21218.25,21211.75,21211.75,39.0
2025-05-26 06:23:00+00:00,21210.0,21218.5,21210.0,21218.5,79.0
2025-05-26 06:24:00+00:00,21214.0,21214.0,21208.25,21208.75,50.0
2025-05-26 06:25:00+00:00,21215.0,21217.5,21212.0,21213.0,76.0
2025-05-26 06:26:00+00:00,21219.5,21220.0,21211.5,21215.75,57.0
2025-05-26 06:27:00+00:00,21226.75,21227.25,21220.0,21220.0,136.0
2025-05-26 06:28:00+00:00,21223.25,21226.75,21218.5,21226.75,86.0
2025-05-26 06:29:00+00:00,21242.25,21244.25,21224.25,21224.25,434.0
2025-05-26 06:30:00+00:00,21233.5,21244.5,21231.0,21241.75,168.0
2025-05-26 06:31:00+00:00,21238.5,21248.25,21233.0,21234.25,192.0
2025-05-26 06:32:00+00:00,21227.75,21240.0,21227.5,21238.0,94.0
2025-05-26 06:33:00+00:00,21231.75,21236.25,21228.25,21229.5,79.0
2025-05-26 06:34:00+00:00,21234.25,21234.25,21230.75,21231.5,50.0
2025-05-26 06:35:00+00:00,21234.0,21235.0,21231.25,21235.0,17.0
2025-05-26 06:36:00+00:00,21233.75,21237.0,21231.75,21234.75,46.0
2025-05-26 06:37:00+00:00,21236.5,21236.5,21231.0,21232.0,23.0
2025-05-26 06:38:00+00:00,21237.0,21242.75,21236.25,21236.25,102.0
2025-05-26 06:39:00+00:00,21237.75,21239.25,21235.0,21236.5,57.0
2025-05-26 06:40:00+00:00,21229.25,21239.75,21228.75,21239.0,104.0
2025-05-26 06:41:00+00:00,21223.25,21231.25,21221.75,21229.75,108.0
2025-05-26 06:42:00+00:00,21217.25,21224.25,21216.0,21223.0,86.0
2025-05-26 06:43:00+00:00,21221.75,21224.75,21218.0,21218.0,64.0
2025-05-26 06:44:00+00:00,21220.0,21222.5,21219.5,21221.0,29.0
2025-05-26 06:45:00+00:00,21235.0,21237.0,21221.5,21221.75,189.0
2025-05-26 06:46:00+00:00,21226.75,21233.25,21225.75,21233.25,41.0
2025-05-26 06:47:00+00:00,21229.75,21231.75,21229.0,21229.0,14.0
2025-05-26 06:48:00+00:00,21254.0,21257.0,21232.0,21232.0,341.0
2025-05-26 06:49:00+00:00,21243.75,21254.25,21240.5,21253.25,188.0
2025-05-26 06:50:00+00:00,21249.5,21249.5,21238.25,21242.5,100.0
2025-05-26 06:51:00+00:00,21249.5,21250.25,21247.0,21249.75,25.0
2025-05-26 06:52:00+00:00,21245.75,21250.5,21244.0,21248.0,50.0
2025-05-26 06:53:00+00:00,21243.5,21246.0,21242.25,21246.0,25.0
2025-05-26 06:54:00+00:00,21244.75,21247.5,21242.25,21243.25,62.0
2025-05-26 06:55:00+00:00,21246.75,21249.75,21244.25,21245.0,54.0
2025-05-26 06:56:00+00:00,21245.25,21247.5,21243.25,21247.5,21.0
2025-05-26 06:57:00+00:00,21252.0,21254.0,21243.0,21244.75,84.0
2025-05-26 06:58:00+00:00,21252.5,21256.0,21249.75,21251.5,79.0
2025-05-26 06:59:00+00:00,21251.25,21262.5,21249.25,21252.75,235.0
2025-05-26 07:00:00+00:00,21251.0,21256.25,21247.25,21251.75,163.0
2025-05-26 07:01:00+00:00,21248.25,21256.0,21245.75,21254.25,82.0
2025-05-26 07:02:00+00:00,21242.25,21246.25,21240.5,21246.25,90.0
2025-05-26 07:03:00+00:00,21245.25,21246.25,21241.0,21243.0,45.0
2025-05-26 07:04:00+00:00,21251.25,21251.75,21242.25,21244.5,68.0
2025-05-26 07:05:00+00:00,21250.0,21250.5,21245.0,21249.5,70.0
2025-05-26 07:06:00+00:00,21249.75,21249.75,21244.75,21248.5,18.0
2025-05-26 07:07:00+00:00,21249.75,21250.0,21242.25,21246.25,95.0
2025-05-26 07:08:00+00:00,21260.25,21266.25,21247.25,21249.75,253.0
2025-05-26 07:09:00+00:00,21254.5,21262.5,21253.75,21259.25,70.0
2025-05-26 07:10:00+00:00,21250.0,21256.75,21250.0,21253.0,71.0
2025-05-26 07:11:00+00:00,21245.5,21250.75,21240.5,21250.75,75.0
2025-05-26 07:12:00+00:00,21246.0,21248.75,21242.0,21243.75,42.0
2025-05-26 07:13:00+00:00,21240.75,21245.0,21240.25,21245.0,49.0
2025-05-26 07:14:00+00:00,21236.25,21241.25,21234.5,21240.5,98.0
2025-05-26 07:15:00+00:00,21236.25,21238.25,21231.5,21235.0,102.0
2025-05-26 07:16:00+00:00,21231.0,21237.0,21231.0,21236.0,66.0
2025-05-26 07:17:00+00:00,21241.5,21242.5,21233.0,21233.0,143.0
2025-05-26 07:18:00+00:00,21248.0,21248.5,21240.0,21241.75,108.0
2025-05-26 07:19:00+00:00,21256.5,21257.25,21247.0,21247.25,83.0
2025-05-26 07:20:00+00:00,21258.0,21259.0,21253.0,21258.25,110.0
2025-05-26 07:21:00+00:00,21262.0,21262.25,21257.25,21258.0,77.0
2025-05-26 07:22:00+00:00,21263.25,21264.25,21259.25,21260.0,72.0
2025-05-26 07:23:00+00:00,21259.0,21262.0,21255.75,21261.25,124.0
2025-05-26 07:24:00+00:00,21257.25,21260.25,21255.25,21260.0,54.0
2025-05-26 07:25:00+00:00,21260.5,21261.0,21255.0,21257.25,85.0
2025-05-26 07:26:00+00:00,21257.0,21260.75,21251.0,21260.75,151.0
2025-05-26 07:27:00+00:00,21251.75,21253.75,21250.0,21253.75,76.0
2025-05-26 07:28:00+00:00,21250.5,21253.75,21249.0,21251.0,66.0
2025-05-26 07:29:00+00:00,21252.0,21252.75,21250.0,21250.5,22.0
2025-05-26 07:30:00+00:00,21255.75,21256.75,21250.0,21250.25,23.0
2025-05-26 07:40:00+00:00,21251.0,21264.25,21250.0,21251.80078125,596.0
2025-05-26 07:41:00+00:00,21247.75,21251.75,21247.75,21251.0,29.0
2025-05-26 07:42:00+00:00,21246.75,21247.5,21244.5,21245.5,39.0
2025-05-26 07:43:00+00:00,21252.5,21253.0,21244.25,21245.75,74.0
2025-05-26 07:44:00+00:00,21253.0,21256.75,21252.75,21252.75,48.0
2025-05-26 07:45:00+00:00,21255.0,21258.25,21253.25,21255.0,38.0
2025-05-26 07:46:00+00:00,21253.0,21256.75,21251.5,21256.75,28.0
2025-05-26 07:47:00+00:00,21252.0,21252.25,21248.75,21251.75,27.0
2025-05-26 07:48:00+00:00,21253.0,21253.0,21249.25,21251.75,18.0
2025-05-26 07:49:00+00:00,21251.5,21253.5,21250.5,21252.75,17.0
2025-05-26 07:50:00+00:00,21252.5,21255.5,21251.25,21253.5,62.0
2025-05-26 07:51:00+00:00,21252.0,21253.75,21251.0,21251.0,18.0
2025-05-26 07:52:00+00:00,21250.75,21252.25,21250.0,21250.75,28.0
2025-05-26 07:53:00+00:00,21250.0,21252.75,21249.0,21251.5,30.0
2025-05-26 07:54:00+00:00,21253.0,21253.75,21251.25,21252.75,27.0
2025-05-26 07:55:00+00:00,21250.25,21251.5,21248.5,21250.25,13.0
2025-05-26 07:56:00+00:00,21257.75,21262.0,21247.75,21249.0,149.0
2025-05-26 07:57:00+00:00,21259.75,21262.0,21257.75,21257.75,73.0
2025-05-26 07:58:00+00:00,21273.75,21279.5,21259.75,21260.0,403.0
2025-05-26 07:59:00+00:00,21274.25,21275.75,21270.0,21272.75,102.0
2025-05-26 08:00:00+00:00,21270.25,21275.25,21269.75,21274.25,114.0
2025-05-26 08:01:00+00:00,21277.75,21280.75,21271.25,21271.25,163.0
2025-05-26 08:02:00+00:00,21271.5,21279.5,21271.5,21277.25,105.0
2025-05-26 08:03:00+00:00,21282.0,21283.0,21273.25,21273.25,125.0
2025-05-26 08:04:00+00:00,21282.0,21283.75,21280.25,21282.0,117.0
2025-05-26 08:05:00+00:00,21275.25,21281.0,21273.25,21281.0,147.0
2025-05-26 08:06:00+00:00,21275.0,21276.25,21273.5,21274.75,66.0
2025-05-26 08:07:00+00:00,21272.0,21276.25,21270.25,21274.5,48.0
2025-05-26 08:08:00+00:00,21275.5,21276.5,21269.5,21272.0,72.0
2025-05-26 08:09:00+00:00,21277.25,21280.0,21274.75,21276.25,156.0
2025-05-26 08:10:00+00:00,21275.75,21278.5,21274.0,21277.75,44.0
2025-05-26 08:11:00+00:00,21274.0,21275.0,21273.5,21274.75,21.0
2025-05-26 08:12:00+00:00,21273.0,21273.5,21270.75,21273.5,38.0
2025-05-26 08:13:00+00:00,21274.0,21274.75,21272.75,21274.0,20.0
2025-05-26 08:14:00+00:00,21275.75,21276.5,21273.25,21275.0,24.0
2025-05-26 08:15:00+00:00,21280.5,21280.5,21274.25,21275.75,41.0
2025-05-26 08:16:00+00:00,21279.5,21286.0,21279.5,21280.5,117.0
2025-05-26 08:17:00+00:00,21276.5,21279.25,21272.75,21279.25,76.0
2025-05-26 08:18:00+00:00,21279.75,21282.5,21276.0,21276.0,64.0
2025-05-26 08:19:00+00:00,21277.25,21280.0,21276.5,21280.0,38.0
2025-05-26 08:20:00+00:00,21270.0,21276.5,21268.25,21276.5,97.0
2025-05-26 08:21:00+00:00,21272.25,21275.25,21271.0,21272.0,29.0
2025-05-26 08:22:00+00:00,21270.0,21271.0,21269.5,21270.25,18.0
2025-05-26 08:23:00+00:00,21268.5,21273.25,21268.0,21269.0,41.0
2025-05-26 08:24:00+00:00,21266.75,21269.75,21266.75,21269.75,30.0
2025-05-26 08:25:00+00:00,21266.25,21268.75,21266.25,21267.25,46.0
2025-05-26 08:26:00+00:00,21268.0,21269.75,21264.25,21266.25,85.0
2025-05-26 08:27:00+00:00,21268.5,21268.75,21266.75,21266.75,28.0
2025-05-26 08:28:00+00:00,21269.0,21272.0,21268.75,21269.0,35.0
2025-05-26 08:29:00+00:00,21274.0,21274.0,21270.5,21270.5,17.0
2025-05-26 08:30:00+00:00,21269.5,21275.0,21269.0,21274.5,33.0
2025-05-26 08:31:00+00:00,21272.25,21272.25,21268.5,21269.0,38.0
2025-05-26 08:32:00+00:00,21270.75,21271.5,21270.75,21271.5,3.0
2025-05-26 08:33:00+00:00,21270.25,21271.25,21269.5,21271.25,17.0
2025-05-26 08:34:00+00:00,21266.75,21270.75,21265.25,21270.75,46.0
2025-05-26 08:35:00+00:00,21265.0,21269.0,21265.0,21267.25,16.0
2025-05-26 08:36:00+00:00,21266.0,21266.75,21265.25,21265.75,6.0
2025-05-26 08:37:00+00:00,21263.25,21264.75,21262.75,21264.75,22.0
2025-05-26 08:38:00+00:00,21272.75,21277.0,21262.5,21264.0,147.0
2025-05-26 08:39:00+00:00,21274.0,21276.25,21273.75,21273.75,30.0
2025-05-26 08:40:00+00:00,21274.0,21274.25,21273.5,21273.5,11.0
2025-05-26 08:41:00+00:00,21267.75,21273.5,21267.25,21273.0,33.0
2025-05-26 08:42:00+00:00,21272.75,21273.0,21265.5,21267.25,24.0
2025-05-26 08:43:00+00:00,21273.0,21275.0,21273.0,21273.25,22.0
2025-05-26 08:44:00+00:00,21273.25,21274.0,21273.25,21274.0,2.0
2025-05-26 08:45:00+00:00,21272.25,21273.25,21271.25,21273.25,19.0
2025-05-26 08:46:00+00:00,21277.25,21279.75,21273.25,21273.25,67.0
2025-05-26 08:47:00+00:00,21270.75,21276.75,21268.5,21276.5,59.0
2025-05-26 08:48:00+00:00,21275.0,21275.0,21268.75,21270.25,35.0
2025-05-26 08:49:00+00:00,21268.25,21276.25,21268.0,21275.0,39.0
2025-05-26 08:50:00+00:00,21267.25,21267.25,21265.0,21266.75,15.0
2025-05-26 08:51:00+00:00,21258.75,21268.0,21258.25,21267.5,101.0
2025-05-26 08:52:00+00:00,21254.75,21259.0,21250.75,21259.0,211.0
2025-05-26 08:53:00+00:00,21249.75,21254.25,21249.5,21254.0,90.0
2025-05-26 08:54:00+00:00,21249.0,21252.0,21247.75,21249.25,78.0
2025-05-26 08:55:00+00:00,21249.5,21253.0,21247.75,21250.0,61.0
2025-05-26 08:56:00+00:00,21244.0,21249.75,21244.0,21249.75,64.0
2025-05-26 08:57:00+00:00,21241.0,21244.5,21238.25,21244.5,134.0
2025-05-26 08:58:00+00:00,21246.25,21247.0,21239.75,21239.75,54.0
2025-05-26 08:59:00+00:00,21246.75,21248.25,21245.75,21247.0,36.0
2025-05-26 09:00:00+00:00,21247.75,21250.25,21245.75,21246.75,39.0
2025-05-26 09:01:00+00:00,21244.75,21247.25,21244.75,21247.0,22.0
2025-05-26 09:02:00+00:00,21254.5,21254.5,21246.5,21246.5,65.0
2025-05-26 09:03:00+00:00,21254.25,21254.5,21248.5,21254.5,36.0
2025-05-26 09:04:00+00:00,21255.25,21257.5,21255.0,21255.0,33.0
2025-05-26 09:05:00+00:00,21257.25,21257.25,21252.0,21256.0,29.0
2025-05-26 09:06:00+00:00,21260.75,21260.75,21255.25,21255.25,38.0
2025-05-26 09:07:00+00:00,21258.75,21262.0,21257.5,21259.75,27.0
2025-05-26 09:08:00+00:00,21259.25,21261.25,21259.25,21259.75,7.0
2025-05-26 09:09:00+00:00,21260.0,21261.5,21258.5,21259.25,15.0
2025-05-26 09:10:00+00:00,21258.25,21260.75,21256.5,21260.75,20.0
2025-05-26 09:11:00+00:00,21260.25,21260.25,21259.25,21259.25,9.0
2025-05-26 09:12:00+00:00,21257.75,21257.75,21257.75,21257.75,2.0
2025-05-26 09:13:00+00:00,21261.0,21261.0,21259.0,21259.75,15.0
2025-05-26 09:14:00+00:00,21260.5,21262.75,21260.5,21261.5,14.0
2025-05-26 09:15:00+00:00,21262.0,21262.25,21259.75,21262.25,23.0
2025-05-26 09:16:00+00:00,21259.5,21263.0,21259.25,21262.25,17.0
2025-05-26 09:17:00+00:00,21259.5,21259.5,21256.5,21258.0,8.0
2025-05-26 09:18:00+00:00,21250.75,21258.75,21250.75,21258.75,34.0
2025-05-26 09:19:00+00:00,21252.25,21254.0,21250.0,21250.75,47.0
2025-05-26 09:20:00+00:00,21251.0,21254.5,21250.5,21252.5,22.0
2025-05-26 09:21:00+00:00,21251.75,21252.25,21250.25,21251.0,10.0
2025-05-26 09:22:00+00:00,21254.5,21254.5,21248.5,21251.5,31.0
2025-05-26 09:23:00+00:00,21256.25,21256.25,21252.0,21254.75,27.0
2025-05-26 09:24:00+00:00,21260.25,21260.25,21255.25,21256.0,45.0
2025-05-26 09:25:00+00:00,21260.0,21261.5,21256.5,21260.25,44.0
2025-05-26 09:26:00+00:00,21258.25,21259.0,21256.0,21258.75,14.0
2025-05-26 09:27:00+00:00,21259.5,21260.0,21258.0,21260.0,16.0
2025-05-26 09:28:00+00:00,21259.5,21261.75,21259.25,21259.25,29.0
2025-05-26 09:29:00+00:00,21256.0,21259.5,21256.0,21259.5,5.0
2025-05-26 09:30:00+00:00,21255.0,21257.5,21255.0,21256.5,15.0
2025-05-26 09:40:00+00:00,21246.0,21247.0,21243.75,21246.0,280.0
2025-05-26 09:41:00+00:00,21246.25,21247.75,21246.25,21247.0,9.0
2025-05-26 09:42:00+00:00,21246.25,21248.0,21244.25,21247.75,25.0
2025-05-26 09:43:00+00:00,21251.75,21252.0,21248.25,21248.25,45.0
2025-05-26 09:44:00+00:00,21253.5,21254.0,21251.25,21251.25,20.0
2025-05-26 09:45:00+00:00,21252.5,21254.0,21251.0,21254.0,29.0
2025-05-26 09:46:00+00:00,21250.5,21252.0,21250.5,21252.0,8.0
2025-05-26 09:47:00+00:00,21251.25,21252.5,21250.5,21250.75,14.0
2025-05-26 09:48:00+00:00,21251.75,21251.75,21249.5,21251.25,18.0
2025-05-26 09:49:00+00:00,21248.5,21251.0,21246.75,21251.0,76.0
2025-05-26 09:50:00+00:00,21253.25,21254.25,21249.0,21249.0,31.0
2025-05-26 09:51:00+00:00,21250.75,21252.75,21249.25,21251.75,16.0
2025-05-26 09:52:00+00:00,21252.0,21252.5,21251.0,21251.0,4.0
2025-05-26 09:53:00+00:00,21250.25,21253.25,21248.75,21253.25,14.0
2025-05-26 09:54:00+00:00,21250.25,21250.25,21249.0,21249.25,5.0
2025-05-26 09:55:00+00:00,21252.25,21256.0,21248.75,21251.0,103.0
2025-05-26 09:56:00+00:00,21252.75,21255.0,21251.75,21251.75,17.0
2025-05-26 09:57:00+00:00,21253.5,21254.75,21252.0,21253.5,27.0
2025-05-26 09:58:00+00:00,21252.0,21254.5,21252.0,21254.0,18.0
2025-05-26 09:59:00+00:00,21250.25,21252.25,21250.25,21251.75,11.0
2025-05-26 10:00:00+00:00,21250.0,21254.5,21250.0,21251.0,44.0
2025-05-26 10:01:00+00:00,21246.5,21251.25,21246.25,21251.25,50.0
2025-05-26 10:02:00+00:00,21256.25,21256.25,21247.5,21247.5,58.0
2025-05-26 10:03:00+00:00,21256.5,21257.25,21254.5,21257.0,40.0
2025-05-26 10:04:00+00:00,21256.0,21256.75,21254.75,21255.5,16.0
2025-05-26 10:05:00+00:00,21261.75,21261.75,21255.5,21256.0,46.0
2025-05-26 10:06:00+00:00,21264.25,21266.75,21262.0,21262.0,49.0
2025-05-26 10:07:00+00:00,21265.0,21266.5,21264.25,21265.0,27.0
2025-05-26 10:08:00+00:00,21265.25,21269.25,21265.25,21265.75,35.0
2025-05-26 10:09:00+00:00,21262.0,21266.25,21260.75,21266.25,25.0
2025-05-26 10:10:00+00:00,21266.5,21266.75,21262.5,21262.5,25.0
2025-05-26 10:11:00+00:00,21266.5,21266.75,21264.25,21266.75,17.0
2025-05-26 10:12:00+00:00,21265.25,21266.25,21264.0,21266.25,8.0
2025-05-26 10:13:00+00:00,21262.75,21267.0,21262.75,21263.0,40.0
2025-05-26 10:14:00+00:00,21261.0,21263.5,21261.0,21263.0,12.0
2025-05-26 10:15:00+00:00,21264.75,21266.75,21261.0,21261.0,26.0
2025-05-26 10:16:00+00:00,21266.25,21266.25,21263.75,21265.75,11.0
2025-05-26 10:17:00+00:00,21264.0,21267.25,21264.0,21266.25,28.0
2025-05-26 10:18:00+00:00,21263.5,21264.0,21262.0,21263.75,13.0
2025-05-26 10:19:00+00:00,21264.75,21266.75,21263.0,21263.0,13.0
2025-05-26 10:20:00+00:00,21273.5,21273.5,21266.0,21266.25,43.0
2025-05-26 10:21:00+00:00,21272.75,21277.75,21271.5,21274.0,79.0
2025-05-26 10:22:00+00:00,21270.5,21272.75,21270.0,21271.5,48.0
2025-05-26 10:23:00+00:00,21273.25,21273.25,21270.5,21271.0,8.0
2025-05-26 10:24:00+00:00,21272.25,21272.25,21269.75,21270.75,14.0
2025-05-26 10:25:00+00:00,21273.75,21274.25,21271.75,21271.75,22.0
2025-05-26 10:26:00+00:00,21271.0,21273.0,21270.5,21272.0,16.0
2025-05-26 10:27:00+00:00,21267.5,21271.5,21267.5,21271.0,29.0
2025-05-26 10:28:00+00:00,21268.5,21268.75,21266.0,21267.5,44.0
2025-05-26 10:29:00+00:00,21269.25,21269.75,21268.25,21269.5,11.0
2025-05-26 10:30:00+00:00,21268.5,21269.25,21267.0,21269.25,67.0
2025-05-26 10:31:00+00:00,21269.5,21270.0,21268.5,21269.0,6.0
2025-05-26 10:32:00+00:00,21270.5,21275.0,21270.25,21270.25,40.0
2025-05-26 10:33:00+00:00,21268.75,21270.5,21267.5,21270.25,28.0
2025-05-26 10:34:00+00:00,21268.0,21270.0,21266.5,21269.75,23.0
2025-05-26 10:35:00+00:00,21268.25,21268.75,21265.5,21268.75,15.0
2025-05-26 10:36:00+00:00,21265.75,21268.0,21263.75,21267.25,20.0
2025-05-26 10:37:00+00:00,21266.25,21266.25,21264.0,21264.5,13.0
2025-05-26 10:38:00+00:00,21266.25,21266.5,21264.0,21266.5,15.0
2025-05-26 10:39:00+00:00,21264.75,21266.5,21263.5,21264.75,20.0
2025-05-26 10:40:00+00:00,21263.0,21266.25,21263.0,21264.5,29.0
2025-05-26 10:41:00+00:00,21265.0,21265.0,21262.25,21263.25,19.0
2025-05-26 10:42:00+00:00,21265.75,21267.75,21265.25,21265.25,18.0
2025-05-26 10:43:00+00:00,21269.25,21270.0,21267.25,21267.25,26.0
2025-05-26 10:44:00+00:00,21269.5,21271.5,21266.75,21266.75,18.0
2025-05-26 10:45:00+00:00,21270.75,21270.75,21268.75,21269.0,8.0
2025-05-26 10:46:00+00:00,21269.0,21270.0,21267.0,21270.0,12.0
2025-05-26 10:47:00+00:00,21270.25,21270.5,21269.0,21269.0,9.0
2025-05-26 10:48:00+00:00,21273.75,21273.75,21269.25,21270.0,24.0
2025-05-26 10:49:00+00:00,21275.0,21276.5,21273.75,21274.0,73.0
2025-05-26 10:50:00+00:00,21275.0,21276.25,21274.0,21274.25,29.0
2025-05-26 10:51:00+00:00,21269.5,21276.0,21267.5,21275.5,56.0
2025-05-26 10:52:00+00:00,21270.0,21271.5,21268.5,21269.25,10.0
2025-05-26 10:53:00+00:00,21271.0,21271.5,21271.0,21271.5,6.0
2025-05-26 10:54:00+00:00,21270.5,21271.5,21269.25,21271.5,22.0
2025-05-26 10:55:00+00:00,21266.0,21270.5,21266.0,21269.5,23.0
2025-05-26 10:56:00+00:00,21259.75,21266.0,21259.0,21266.0,68.0
2025-05-26 10:57:00+00:00,21263.0,21264.0,21259.25,21260.75,44.0
2025-05-26 10:58:00+00:00,21262.5,21263.0,21261.25,21261.25,10.0
2025-05-26 10:59:00+00:00,21262.25,21264.75,21261.75,21263.0,13.0
2025-05-26 11:00:00+00:00,21263.5,21265.0,21262.25,21262.25,31.0
2025-05-26 11:01:00+00:00,21262.5,21265.75,21262.5,21265.25,16.0
2025-05-26 11:02:00+00:00,21260.25,21262.5,21260.25,21262.25,20.0
2025-05-26 11:03:00+00:00,21260.5,21262.0,21260.5,21262.0,6.0
2025-05-26 11:04:00+00:00,21259.0,21262.25,21259.0,21262.25,12.0
2025-05-26 11:05:00+00:00,21260.25,21264.5,21259.25,21260.5,35.0
2025-05-26 11:06:00+00:00,21261.5,21263.75,21261.0,21261.0,19.0
2025-05-26 11:07:00+00:00,21263.0,21263.0,21263.0,21263.0,1.0
2025-05-26 11:08:00+00:00,21265.5,21265.75,21262.5,21262.5,22.0
2025-05-26 11:09:00+00:00,21266.0,21268.5,21265.5,21266.0,50.0
2025-05-26 11:10:00+00:00,21268.25,21270.0,21266.75,21267.0,30.0
2025-05-26 11:11:00+00:00,21267.5,21267.75,21266.75,21266.75,15.0
2025-05-26 11:12:00+00:00,21270.0,21270.0,21266.0,21267.25,11.0
2025-05-26 11:13:00+00:00,21273.0,21276.0,21269.0,21269.75,36.0
2025-05-26 11:14:00+00:00,21277.5,21278.0,21272.75,21272.75,33.0
2025-05-26 11:15:00+00:00,21275.25,21277.0,21273.5,21276.0,30.0
2025-05-26 11:16:00+00:00,21279.0,21280.0,21276.75,21276.75,39.0
2025-05-26 11:17:00+00:00,21273.5,21278.25,21273.0,21278.25,152.0
2025-05-26 11:18:00+00:00,21267.25,21273.25,21266.0,21273.25,65.0
2025-05-26 11:19:00+00:00,21266.75,21268.75,21266.0,21267.75,20.0
2025-05-26 11:20:00+00:00,21265.75,21266.75,21263.75,21266.75,46.0
2025-05-26 11:21:00+00:00,21266.75,21268.5,21266.25,21266.5,20.0
2025-05-26 11:22:00+00:00,21265.0,21265.5,21264.5,21265.25,8.0
2025-05-26 11:23:00+00:00,21265.75,21265.75,21265.25,21265.5,9.0
2025-05-26 11:24:00+00:00,21266.5,21267.5,21263.75,21267.0,70.0
2025-05-26 11:25:00+00:00,21257.5,21265.25,21255.0,21265.25,103.0
2025-05-26 11:26:00+00:00,21261.25,21261.25,21256.75,21257.25,33.0
2025-05-26 11:27:00+00:00,21261.0,21261.25,21260.0,21261.0,17.0
2025-05-26 11:28:00+00:00,21263.25,21265.0,21261.0,21261.0,31.0
2025-05-26 11:29:00+00:00,21266.75,21267.75,21265.75,21265.75,33.0
2025-05-26 11:30:00+00:00,21266.0,21267.75,21265.0,21266.25,27.0
2025-05-26 11:31:00+00:00,21264.0,21266.25,21261.75,21266.0,66.0
2025-05-26 11:32:00+00:00,21269.0,21269.25,21264.5,21264.5,33.0
2025-05-26 11:33:00+00:00,21270.25,21270.25,21267.25,21268.0,33.0
2025-05-26 11:34:00+00:00,21273.0,21275.25,21270.5,21270.5,39.0
2025-05-26 11:35:00+00:00,21275.5,21276.5,21273.0,21273.5,23.0
2025-05-26 11:36:00+00:00,21275.0,21277.0,21274.5,21275.25,27.0
2025-05-26 11:37:00+00:00,21271.75,21276.75,21271.75,21275.0,40.0
2025-05-26 11:38:00+00:00,21274.0,21274.75,21271.0,21272.5,28.0
2025-05-26 11:39:00+00:00,21273.5,21274.5,21271.75,21274.0,54.0
2025-05-26 11:40:00+00:00,21273.0,21274.75,21272.0,21274.75,28.0
2025-05-26 11:41:00+00:00,21273.5,21274.0,21272.5,21272.5,6.0
2025-05-26 11:42:00+00:00,21272.5,21273.25,21272.5,21273.25,7.0
2025-05-26 11:43:00+00:00,21278.0,21278.0,21272.75,21274.5,80.0
2025-05-26 11:44:00+00:00,21279.25,21280.5,21276.0,21277.0,51.0
2025-05-26 11:45:00+00:00,21276.75,21280.25,21275.5,21278.25,113.0
2025-05-26 11:46:00+00:00,21277.75,21278.25,21274.25,21275.5,40.0
2025-05-26 11:47:00+00:00,21278.0,21278.25,21276.0,21277.0,19.0
2025-05-26 11:48:00+00:00,21277.75,21278.0,21276.75,21277.75,17.0
2025-05-26 11:49:00+00:00,21278.0,21279.0,21277.5,21278.5,16.0
2025-05-26 11:50:00+00:00,21277.0,21278.25,21275.25,21277.75,24.0
2025-05-26 11:51:00+00:00,21275.75,21276.75,21274.5,21276.5,18.0
2025-05-26 11:52:00+00:00,21276.25,21277.25,21275.75,21275.75,11.0
2025-05-26 11:53:00+00:00,21275.25,21276.0,21274.25,21276.0,9.0
2025-05-26 11:54:00+00:00,21276.0,21276.0,21272.25,21275.0,29.0
2025-05-26 11:55:00+00:00,21276.25,21276.25,21275.0,21276.0,11.0
2025-05-26 11:56:00+00:00,21274.0,21277.0,21272.75,21277.0,19.0
2025-05-26 11:57:00+00:00,21274.75,21275.25,21272.5,21272.75,23.0
2025-05-26 11:58:00+00:00,21275.5,21276.25,21274.0,21274.0,21.0
2025-05-26 11:59:00+00:00,21274.75,21276.0,21274.5,21276.0,12.0
2025-05-26 12:00:00+00:00,21278.0,21278.5,21275.0,21275.0,24.0
2025-05-26 12:01:00+00:00,21277.0,21279.0,21276.5,21277.25,23.0
2025-05-26 12:02:00+00:00,21277.25,21278.25,21277.25,21278.25,4.0
2025-05-26 12:03:00+00:00,21278.0,21278.0,21275.0,21277.25,27.0
2025-05-26 12:04:00+00:00,21278.5,21278.75,21276.0,21276.5,12.0
2025-05-26 12:05:00+00:00,21276.0,21277.0,21274.0,21277.0,8.0
2025-05-26 12:06:00+00:00,21278.25,21279.5,21277.25,21278.0,15.0
2025-05-26 12:07:00+00:00,21278.5,21279.5,21277.75,21279.0,9.0
2025-05-26 12:08:00+00:00,21279.75,21279.75,21277.0,21278.5,23.0
2025-05-26 12:09:00+00:00,21280.0,21283.5,21279.75,21279.75,110.0
2025-05-26 12:10:00+00:00,21281.0,21281.0,21278.5,21279.5,15.0
2025-05-26 12:11:00+00:00,21280.5,21281.25,21279.5,21280.75,14.0
2025-05-26 12:12:00+00:00,21279.0,21280.5,21278.75,21279.5,16.0
2025-05-26 12:13:00+00:00,21277.0,21281.25,21277.0,21278.75,27.0
2025-05-26 12:14:00+00:00,21276.75,21279.75,21274.0,21277.5,62.0
2025-05-26 12:15:00+00:00,21280.75,21281.5,21278.75,21278.75,17.0
2025-05-26 12:16:00+00:00,21280.0,21283.5,21279.75,21280.0,58.0
2025-05-26 12:17:00+00:00,21279.0,21280.25,21278.75,21280.0,12.0
2025-05-26 12:18:00+00:00,21278.25,21279.5,21277.75,21278.25,45.0
2025-05-26 12:19:00+00:00,21281.75,21282.0,21277.5,21277.75,51.0
2025-05-26 12:20:00+00:00,21281.0,21289.0,21281.0,21283.0,269.0
2025-05-26 12:21:00+00:00,21284.5,21287.5,21281.25,21282.0,57.0
2025-05-26 12:22:00+00:00,21283.5,21285.5,21283.0,21285.5,36.0
2025-05-26 12:23:00+00:00,21279.75,21284.5,21279.75,21284.5,40.0
2025-05-26 12:24:00+00:00,21279.5,21280.0,21278.0,21278.75,36.0
2025-05-26 12:25:00+00:00,21278.5,21281.5,21278.5,21280.25,36.0
2025-05-26 12:26:00+00:00,21279.25,21281.25,21277.75,21278.75,36.0
2025-05-26 12:27:00+00:00,21278.75,21282.5,21277.0,21279.0,48.0
2025-05-26 12:28:00+00:00,21275.5,21278.5,21274.75,21277.0,53.0
2025-05-26 12:29:00+00:00,21275.0,21276.25,21273.25,21275.5,82.0
2025-05-26 12:30:00+00:00,21278.5,21279.75,21274.5,21275.25,64.0
2025-05-26 12:31:00+00:00,21286.25,21286.5,21279.25,21279.5,80.0
2025-05-26 12:32:00+00:00,21285.25,21288.25,21283.75,21285.25,91.0
2025-05-26 12:33:00+00:00,21284.25,21286.5,21283.5,21286.25,33.0
2025-05-26 12:34:00+00:00,21284.75,21286.0,21284.5,21285.25,7.0
2025-05-26 12:35:00+00:00,21284.0,21285.0,21283.75,21284.75,16.0
2025-05-26 12:36:00+00:00,21278.5,21282.25,21277.25,21282.25,87.0
2025-05-26 12:37:00+00:00,21277.25,21279.75,21276.5,21277.5,36.0
2025-05-26 12:38:00+00:00,21277.0,21277.5,21275.5,21277.0,25.0
2025-05-26 12:39:00+00:00,21272.0,21277.25,21270.75,21277.25,93.0
2025-05-26 12:40:00+00:00,21270.0,21273.25,21267.5,21271.5,111.0
2025-05-26 12:41:00+00:00,21270.75,21272.5,21269.5,21269.75,76.0
2025-05-26 12:42:00+00:00,21269.75,21271.0,21269.0,21270.25,38.0
2025-05-26 12:43:00+00:00,21270.0,21271.5,21268.75,21269.5,35.0
2025-05-26 12:44:00+00:00,21269.5,21270.75,21268.5,21270.5,50.0
2025-05-26 12:45:00+00:00,21271.25,21274.25,21269.25,21271.25,66.0
2025-05-26 12:46:00+00:00,21270.25,21272.75,21268.75,21272.0,36.0
2025-05-26 12:47:00+00:00,21270.5,21270.5,21268.5,21270.25,29.0
2025-05-26 12:48:00+00:00,21267.5,21269.5,21266.0,21269.5,52.0
2025-05-26 12:49:00+00:00,21268.5,21269.75,21266.0,21267.75,41.0
2025-05-26 12:50:00+00:00,21271.25,21273.75,21268.5,21269.0,80.0
2025-05-26 12:51:00+00:00,21272.5,21273.5,21271.5,21271.5,16.0
2025-05-26 12:52:00+00:00,21273.0,21273.5,21270.25,21272.5,22.0
2025-05-26 12:53:00+00:00,21272.75,21273.25,21271.5,21272.5,16.0
2025-05-26 12:54:00+00:00,21272.0,21272.75,21271.75,21271.75,6.0
2025-05-26 12:55:00+00:00,21273.5,21274.0,21270.75,21270.75,25.0
2025-05-26 12:56:00+00:00,21274.5,21274.5,21272.25,21272.25,25.0
2025-05-26 12:57:00+00:00,21272.75,21274.5,21272.5,21274.0,60.0
2025-05-26 12:58:00+00:00,21263.75,21271.75,21262.25,21271.75,95.0
2025-05-26 12:59:00+00:00,21262.0,21265.75,21259.5,21264.25,120.0
2025-05-26 13:00:00+00:00,21272.75,21272.75,21261.75,21263.0,300.0
2025-05-26 13:01:00+00:00,21273.5,21276.25,21271.0,21271.75,115.0
2025-05-26 13:02:00+00:00,21276.5,21281.25,21270.25,21272.5,185.0
2025-05-26 13:03:00+00:00,21276.0,21277.5,21272.75,21277.0,63.0
2025-05-26 13:04:00+00:00,21274.75,21277.25,21274.0,21277.0,18.0
2025-05-26 13:05:00+00:00,21274.0,21276.25,21272.5,21273.75,48.0
2025-05-26 13:06:00+00:00,21269.75,21271.25,21269.0,21270.25,48.0
2025-05-26 13:07:00+00:00,21268.25,21269.75,21267.5,21269.0,20.0
2025-05-26 13:08:00+00:00,21269.0,21269.0,21267.75,21268.5,7.0
2025-05-26 13:09:00+00:00,21270.25,21270.75,21268.75,21270.0,31.0
2025-05-26 13:10:00+00:00,21273.5,21274.25,21266.25,21269.0,83.0
2025-05-26 13:11:00+00:00,21278.25,21278.25,21273.0,21273.75,92.0
2025-05-26 13:12:00+00:00,21277.5,21279.5,21276.5,21278.5,29.0
2025-05-26 13:13:00+00:00,21278.75,21280.0,21277.0,21278.0,20.0
2025-05-26 13:14:00+00:00,21278.5,21279.75,21277.25,21278.75,17.0
2025-05-26 13:15:00+00:00,21280.0,21280.5,21278.25,21278.25,28.0
2025-05-26 13:16:00+00:00,21275.75,21278.5,21273.25,21278.5,60.0
2025-05-26 13:17:00+00:00,21276.5,21278.0,21275.0,21276.5,14.0
2025-05-26 13:18:00+00:00,21273.25,21275.25,21271.75,21275.25,29.0
2025-05-26 13:19:00+00:00,21267.5,21273.0,21267.0,21273.0,67.0
2025-05-26 13:20:00+00:00,21265.0,21268.0,21263.75,21267.0,87.0
2025-05-26 13:21:00+00:00,21265.75,21267.0,21263.25,21264.0,48.0
2025-05-26 13:22:00+00:00,21270.5,21270.5,21266.5,21267.0,48.0
2025-05-26 13:23:00+00:00,21267.5,21270.25,21266.0,21270.0,45.0
2025-05-26 13:24:00+00:00,21266.0,21268.0,21265.75,21267.75,26.0
2025-05-26 13:25:00+00:00,21254.0,21268.25,21253.25,21267.75,216.0
2025-05-26 13:26:00+00:00,21255.5,21257.0,21248.5,21254.0,206.0
2025-05-26 13:27:00+00:00,21257.5,21259.75,21255.25,21255.25,53.0
2025-05-26 13:28:00+00:00,21259.0,21259.75,21257.75,21257.75,15.0
2025-05-26 13:29:00+00:00,21260.75,21262.0,21259.0,21260.25,128.0
2025-05-26 13:30:00+00:00,21274.5,21274.5,21258.75,21260.0,331.0
2025-05-26 13:31:00+00:00,21280.75,21281.0,21272.5,21274.0,373.0
2025-05-26 13:32:00+00:00,21287.5,21290.5,21279.25,21281.25,517.0
2025-05-26 13:33:00+00:00,21299.0,21306.0,21287.25,21287.25,654.0
2025-05-26 13:34:00+00:00,21299.5,21303.5,21296.5,21299.5,279.0
2025-05-26 13:35:00+00:00,21304.5,21307.0,21299.0,21299.75,356.0
2025-05-26 13:36:00+00:00,21295.25,21307.75,21294.25,21303.0,355.0
2025-05-26 13:37:00+00:00,21298.0,21301.0,21293.25,21294.75,212.0
2025-05-26 13:38:00+00:00,21298.0,21300.5,21294.0,21298.5,144.0
2025-05-26 13:39:00+00:00,21298.5,21299.75,21294.25,21298.25,104.0
2025-05-26 13:40:00+00:00,21299.0,21300.0,21293.25,21298.5,137.0
2025-05-26 13:41:00+00:00,21296.25,21299.5,21292.5,21299.5,116.0
2025-05-26 13:42:00+00:00,21296.0,21298.0,21290.75,21296.0,117.0
2025-05-26 13:43:00+00:00,21296.25,21297.75,21291.75,21296.75,66.0
2025-05-26 13:44:00+00:00,21301.75,21302.75,21297.0,21297.0,166.0
2025-05-26 13:45:00+00:00,21294.5,21303.5,21294.25,21302.25,178.0
2025-05-26 13:46:00+00:00,21302.0,21304.25,21292.25,21295.25,176.0
2025-05-26 13:47:00+00:00,21300.0,21302.25,21298.5,21302.25,60.0
2025-05-26 13:48:00+00:00,21298.25,21301.0,21297.5,21300.5,40.0
2025-05-26 13:49:00+00:00,21296.75,21299.5,21296.0,21299.5,57.0
2025-05-26 13:50:00+00:00,21288.25,21298.0,21286.5,21297.0,233.0
2025-05-26 13:51:00+00:00,21292.25,21292.5,21285.0,21289.75,160.0
2025-05-26 13:52:00+00:00,21291.0,21294.0,21289.25,21293.0,66.0
2025-05-26 13:53:00+00:00,21290.0,21291.75,21289.0,21291.0,29.0
2025-05-26 13:54:00+00:00,21284.0,21288.5,21281.75,21288.5,212.0
2025-05-26 13:55:00+00:00,21278.25,21283.5,21269.75,21283.0,535.0
2025-05-26 13:56:00+00:00,21276.25,21278.75,21274.25,21278.5,116.0
2025-05-26 13:57:00+00:00,21280.75,21280.75,21272.0,21275.0,128.0
2025-05-26 13:58:00+00:00,21278.0,21282.25,21274.5,21280.75,68.0
2025-05-26 13:59:00+00:00,21279.25,21283.5,21278.75,21278.75,132.0
2025-05-26 14:00:00+00:00,21275.25,21282.0,21272.5,21280.5,149.0
2025-05-26 14:01:00+00:00,21277.5,21279.5,21272.5,21275.0,103.0
2025-05-26 14:02:00+00:00,21275.5,21280.5,21274.5,21279.0,60.0
2025-05-26 14:03:00+00:00,21272.25,21277.25,21268.0,21276.0,168.0
2025-05-26 14:04:00+00:00,21273.5,21273.75,21268.0,21271.25,87.0
2025-05-26 14:05:00+00:00,21270.5,21274.0,21267.0,21272.75,137.0
2025-05-26 14:06:00+00:00,21268.0,21270.0,21263.25,21268.5,152.0
2025-05-26 14:07:00+00:00,21269.0,21270.0,21265.5,21268.5,55.0
2025-05-26 14:08:00+00:00,21267.5,21270.25,21266.25,21268.0,56.0
2025-05-26 14:09:00+00:00,21269.5,21273.0,21263.25,21267.75,150.0
2025-05-26 14:10:00+00:00,21272.5,21272.5,21269.0,21269.0,135.0
2025-05-26 14:11:00+00:00,21269.75,21276.0,21269.5,21272.5,372.0
2025-05-26 14:12:00+00:00,21270.25,21272.75,21267.5,21271.0,104.0
2025-05-26 14:13:00+00:00,21271.0,21272.5,21267.25,21270.25,93.0
2025-05-26 14:14:00+00:00,21275.25,21275.25,21271.0,21272.25,64.0
2025-05-26 14:15:00+00:00,21271.5,21275.75,21271.5,21274.25,56.0
2025-05-26 14:16:00+00:00,21273.0,21273.25,21269.0,21272.5,72.0
2025-05-26 14:17:00+00:00,21273.75,21276.75,21270.0,21272.25,101.0
2025-05-26 14:18:00+00:00,21270.75,21273.5,21266.0,21272.0,89.0
2025-05-26 14:19:00+00:00,21274.25,21275.25,21270.25,21270.75,55.0
2025-05-26 14:20:00+00:00,21268.5,21274.5,21268.25,21273.25,73.0
2025-05-26 14:21:00+00:00,21261.25,21270.25,21259.75,21268.5,285.0
2025-05-26 14:22:00+00:00,21266.0,21268.0,21259.5,21260.0,123.0
2025-05-26 14:23:00+00:00,21265.75,21268.5,21265.25,21267.25,60.0
2025-05-26 14:24:00+00:00,21270.0,21271.75,21265.75,21265.75,97.0
2025-05-26 14:25:00+00:00,21272.75,21274.75,21268.75,21268.75,77.0
2025-05-26 14:26:00+00:00,21272.5,21276.5,21271.25,21274.0,86.0
2025-05-26 14:27:00+00:00,21272.25,21272.5,21270.25,21272.5,34.0
2025-05-26 14:28:00+00:00,21266.0,21273.5,21263.5,21273.0,128.0
2025-05-26 14:29:00+00:00,21266.75,21270.0,21266.75,21268.0,61.0
2025-05-26 14:30:00+00:00,21249.75,21268.5,21240.75,21268.5,715.0
2025-05-26 14:31:00+00:00,21256.25,21257.0,21242.25,21248.25,281.0
2025-05-26 14:32:00+00:00,21252.75,21257.5,21251.5,21256.25,95.0
2025-05-26 14:33:00+00:00,21247.0,21253.0,21247.0,21252.25,138.0
2025-05-26 14:34:00+00:00,21247.75,21250.0,21246.5,21246.5,27.0
2025-05-26 14:35:00+00:00,21235.75,21247.5,21232.75,21247.5,355.0
2025-05-26 14:36:00+00:00,21244.5,21244.5,21237.5,21238.0,84.0
2025-05-26 14:37:00+00:00,21239.0,21245.5,21239.0,21243.75,84.0
2025-05-26 14:38:00+00:00,21240.25,21241.75,21237.25,21238.5,87.0
2025-05-26 14:39:00+00:00,21235.75,21238.75,21232.0,21238.75,164.0
2025-05-26 14:40:00+00:00,21237.75,21239.25,21234.0,21235.0,116.0
2025-05-26 14:41:00+00:00,21241.75,21243.5,21236.25,21237.0,100.0
2025-05-26 14:42:00+00:00,21243.25,21248.5,21240.5,21241.25,128.0
2025-05-26 14:43:00+00:00,21242.25,21245.25,21239.75,21243.25,103.0
2025-05-26 14:44:00+00:00,21243.5,21244.0,21241.0,21241.75,26.0
2025-05-26 14:45:00+00:00,21241.0,21242.75,21236.0,21242.5,106.0
2025-05-26 14:46:00+00:00,21238.0,21241.25,21237.25,21241.25,45.0
2025-05-26 14:47:00+00:00,21240.5,21241.75,21237.0,21239.0,71.0
2025-05-26 14:48:00+00:00,21238.5,21240.0,21234.75,21240.0,121.0
2025-05-26 14:49:00+00:00,21237.5,21242.75,21237.5,21237.75,80.0
2025-05-26 14:50:00+00:00,21239.0,21243.5,21236.25,21237.75,94.0
2025-05-26 14:51:00+00:00,21234.0,21238.5,21232.5,21238.5,143.0
2025-05-26 14:52:00+00:00,21241.75,21243.0,21234.75,21235.0,106.0
2025-05-26 14:53:00+00:00,21242.5,21244.25,21240.75,21243.0,80.0
2025-05-26 14:54:00+00:00,21242.5,21243.25,21239.5,21241.5,45.0
2025-05-26 14:55:00+00:00,21238.5,21244.75,21238.5,21244.0,44.0
2025-05-26 14:56:00+00:00,21230.0,21238.0,21224.75,21238.0,390.0
2025-05-26 14:57:00+00:00,21228.5,21230.5,21227.75,21229.0,65.0
2025-05-26 14:58:00+00:00,21227.25,21230.5,21226.75,21229.0,79.0
2025-05-26 14:59:00+00:00,21230.25,21230.75,21225.75,21228.5,139.0
2025-05-26 15:00:00+00:00,21228.5,21236.75,21225.75,21231.25,269.0
2025-05-26 15:01:00+00:00,21229.5,21234.75,21228.75,21229.5,100.0
2025-05-26 15:02:00+00:00,21229.25,21232.25,21226.0,21230.75,105.0
2025-05-26 15:03:00+00:00,21224.75,21229.25,21222.5,21227.5,265.0
2025-05-26 15:04:00+00:00,21221.75,21226.25,21218.5,21226.25,216.0
2025-05-26 15:05:00+00:00,21218.5,21221.5,21215.5,21221.5,240.0
2025-05-26 15:06:00+00:00,21221.75,21223.75,21215.5,21217.75,150.0
2025-05-26 15:07:00+00:00,21220.0,21225.0,21220.0,21223.25,72.0
2025-05-26 15:08:00+00:00,21222.0,21224.75,21216.25,21219.75,105.0
2025-05-26 15:09:00+00:00,21223.0,21225.25,21221.75,21222.25,59.0
2025-05-26 15:10:00+00:00,21228.5,21229.5,21222.25,21223.25,180.0
2025-05-26 15:11:00+00:00,21222.25,21228.25,21221.5,21227.75,77.0
2025-05-26 15:12:00+00:00,21228.75,21231.5,21219.0,21221.25,214.0
2025-05-26 15:13:00+00:00,21229.5,21231.5,21228.0,21228.75,68.0
2025-05-26 15:14:00+00:00,21227.5,21230.5,21226.5,21230.5,89.0
2025-05-26 15:15:00+00:00,21227.0,21228.0,21227.0,21227.75,14.0
2025-05-26 15:16:00+00:00,21227.25,21229.75,21225.75,21227.75,64.0
2025-05-26 15:17:00+00:00,21226.75,21231.75,21226.25,21227.75,75.0
2025-05-26 15:18:00+00:00,21232.75,21233.5,21227.5,21227.5,66.0
2025-05-26 15:19:00+00:00,21236.75,21238.25,21231.75,21232.25,131.0
2025-05-26 15:20:00+00:00,21240.0,21240.5,21237.0,21237.25,126.0
2025-05-26 15:21:00+00:00,21241.0,21241.0,21236.5,21240.5,112.0
2025-05-26 15:22:00+00:00,21236.75,21240.75,21236.25,21240.75,48.0
2025-05-26 15:23:00+00:00,21239.0,21239.75,21235.0,21237.0,54.0
2025-05-26 15:24:00+00:00,21238.5,21240.75,21238.5,21239.25,36.0
2025-05-26 15:25:00+00:00,21239.0,21241.0,21238.25,21239.75,31.0
2025-05-26 15:26:00+00:00,21245.5,21247.75,21238.75,21238.75,153.0
2025-05-26 15:27:00+00:00,21243.25,21246.25,21241.0,21244.75,75.0
2025-05-26 15:28:00+00:00,21248.5,21248.5,21244.75,21244.75,106.0
2025-05-26 15:29:00+00:00,21253.25,21254.5,21246.0,21248.5,184.0
2025-05-26 15:30:00+00:00,21257.5,21257.5,21253.0,21253.25,198.0
2025-05-26 15:31:00+00:00,21259.0,21260.0,21255.75,21257.0,129.0
2025-05-26 15:32:00+00:00,21260.75,21262.25,21258.0,21258.25,163.0
2025-05-26 15:33:00+00:00,21261.25,21264.0,21259.25,21260.5,98.0
2025-05-26 15:34:00+00:00,21264.0,21265.0,21261.25,21262.0,133.0
2025-05-26 15:35:00+00:00,21263.25,21266.5,21260.75,21263.75,128.0
2025-05-26 15:36:00+00:00,21266.25,21266.25,21262.25,21263.25,72.0
2025-05-26 15:37:00+00:00,21265.0,21267.5,21263.75,21266.0,122.0
2025-05-26 15:38:00+00:00,21264.5,21269.25,21264.5,21266.5,113.0
2025-05-26 15:39:00+00:00,21262.75,21265.5,21262.75,21264.25,55.0
2025-05-26 15:40:00+00:00,21267.25,21267.5,21259.5,21262.75,174.0
2025-05-26 15:41:00+00:00,21265.0,21268.5,21262.75,21267.5,86.0
2025-05-26 15:42:00+00:00,21266.5,21267.75,21264.75,21264.75,47.0
2025-05-26 15:43:00+00:00,21267.75,21271.25,21264.75,21267.0,165.0
2025-05-26 15:44:00+00:00,21266.25,21268.0,21266.0,21268.0,52.0
2025-05-26 15:45:00+00:00,21268.0,21272.0,21266.0,21266.0,95.0
2025-05-26 15:46:00+00:00,21266.5,21269.0,21266.5,21268.0,35.0
2025-05-26 15:47:00+00:00,21269.0,21270.5,21266.25,21267.0,60.0
2025-05-26 15:48:00+00:00,21270.25,21272.25,21268.5,21269.75,102.0
2025-05-26 15:49:00+00:00,21271.75,21273.75,21270.0,21270.5,71.0
2025-05-26 15:50:00+00:00,21271.0,21274.0,21270.25,21271.75,97.0
2025-05-26 15:51:00+00:00,21270.5,21273.0,21270.5,21271.5,35.0
2025-05-26 15:52:00+00:00,21273.75,21275.0,21271.0,21271.0,78.0
2025-05-26 15:53:00+00:00,21272.75,21273.75,21271.5,21273.75,36.0
2025-05-26 15:54:00+00:00,21272.0,21274.5,21269.25,21273.5,90.0
2025-05-26 15:55:00+00:00,21273.5,21275.5,21271.0,21271.0,65.0
2025-05-26 15:56:00+00:00,21272.0,21275.0,21272.0,21272.75,47.0
2025-05-26 15:57:00+00:00,21270.75,21273.5,21270.75,21273.0,43.0
2025-05-26 15:58:00+00:00,21275.25,21275.25,21271.25,21271.25,56.0
2025-05-26 15:59:00+00:00,21273.5,21276.25,21272.75,21275.0,67.0
2025-05-26 16:00:00+00:00,21272.0,21278.75,21269.25,21274.0,257.0
2025-05-26 16:01:00+00:00,21271.25,21274.25,21270.25,21271.25,62.0
2025-05-26 16:02:00+00:00,21271.0,21272.0,21268.0,21272.0,65.0
2025-05-26 16:03:00+00:00,21271.5,21274.0,21270.0,21270.0,56.0
2025-05-26 16:04:00+00:00,21273.0,21273.0,21270.0,21272.25,46.0
2025-05-26 16:05:00+00:00,21270.75,21273.25,21270.75,21272.0,35.0
2025-05-26 16:06:00+00:00,21272.0,21272.0,21269.5,21271.0,37.0
2025-05-26 16:07:00+00:00,21272.25,21272.5,21271.25,21271.5,22.0
2025-05-26 16:08:00+00:00,21270.75,21272.0,21270.75,21271.5,38.0
2025-05-26 16:09:00+00:00,21275.25,21277.0,21270.0,21270.0,141.0
2025-05-26 16:10:00+00:00,21282.5,21283.0,21275.0,21275.5,321.0
2025-05-26 16:11:00+00:00,21281.75,21287.25,21280.0,21282.75,264.0
2025-05-26 16:12:00+00:00,21280.75,21282.25,21280.25,21282.0,65.0
2025-05-26 16:13:00+00:00,21281.75,21283.0,21279.75,21280.0,82.0
2025-05-26 16:14:00+00:00,21281.75,21282.5,21281.25,21282.25,12.0
2025-05-26 16:15:00+00:00,21282.0,21284.75,21281.5,21282.75,56.0
2025-05-26 16:16:00+00:00,21278.75,21281.75,21278.0,21281.75,61.0
2025-05-26 16:17:00+00:00,21279.5,21280.0,21278.0,21278.5,22.0
2025-05-26 16:18:00+00:00,21279.0,21282.25,21277.0,21280.25,77.0
2025-05-26 16:19:00+00:00,21279.0,21279.25,21277.5,21278.25,32.0
2025-05-26 16:20:00+00:00,21281.25,21282.25,21277.75,21278.75,97.0
2025-05-26 16:21:00+00:00,21275.5,21281.25,21274.5,21281.25,85.0
2025-05-26 16:22:00+00:00,21274.0,21276.0,21272.0,21275.25,116.0
2025-05-26 16:23:00+00:00,21276.0,21277.75,21274.25,21274.5,51.0
2025-05-26 16:24:00+00:00,21273.0,21276.0,21273.0,21275.75,38.0
2025-05-26 16:25:00+00:00,21272.75,21275.75,21270.0,21273.75,131.0
2025-05-26 16:26:00+00:00,21272.25,21274.75,21271.0,21272.25,43.0
2025-05-26 16:27:00+00:00,21272.75,21274.25,21272.25,21273.0,21.0
2025-05-26 16:28:00+00:00,21271.75,21273.5,21270.0,21271.5,47.0
2025-05-26 16:29:00+00:00,21274.0,21275.25,21271.5,21272.0,91.0
2025-05-26 16:30:00+00:00,21271.5,21274.5,21270.75,21274.5,76.0
2025-05-26 16:31:00+00:00,21271.5,21273.5,21268.25,21273.0,99.0
2025-05-26 16:32:00+00:00,21270.5,21271.75,21268.75,21270.5,71.0
2025-05-26 16:33:00+00:00,21269.75,21270.75,21269.75,21270.75,6.0
2025-05-26 16:34:00+00:00,21269.5,21270.75,21269.25,21269.25,19.0
2025-05-26 16:35:00+00:00,21272.5,21272.5,21269.0,21270.0,53.0
2025-05-26 16:36:00+00:00,21270.75,21272.75,21270.75,21272.25,25.0
2025-05-26 16:37:00+00:00,21276.75,21277.0,21270.75,21271.25,70.0
2025-05-26 16:38:00+00:00,21277.0,21277.5,21275.5,21276.75,22.0
2025-05-26 16:39:00+00:00,21277.5,21277.5,21275.75,21276.5,47.0
2025-05-26 16:40:00+00:00,21274.0,21277.75,21272.75,21277.75,69.0
2025-05-26 16:41:00+00:00,21275.75,21276.25,21273.75,21274.0,43.0
2025-05-26 16:42:00+00:00,21277.25,21278.25,21273.75,21276.0,59.0
2025-05-26 16:43:00+00:00,21276.5,21278.25,21275.0,21278.25,33.0
2025-05-26 16:44:00+00:00,21278.75,21279.0,21273.5,21277.0,117.0
2025-05-26 16:45:00+00:00,21287.25,21293.5,21276.5,21279.25,316.0
2025-05-26 16:46:00+00:00,21284.75,21290.0,21279.75,21288.25,201.0
2025-05-26 16:47:00+00:00,21281.5,21284.75,21281.0,21284.25,35.0
2025-05-26 16:48:00+00:00,21280.5,21282.0,21277.0,21280.75,69.0
2025-05-26 16:49:00+00:00,21282.25,21282.25,21279.5,21280.0,30.0
2025-05-26 16:50:00+00:00,21280.25,21282.75,21278.75,21282.5,37.0
2025-05-26 16:51:00+00:00,21281.25,21281.25,21279.25,21280.0,19.0
2025-05-26 16:52:00+00:00,21278.5,21280.0,21278.5,21279.0,16.0
2025-05-26 16:53:00+00:00,21279.5,21280.0,21278.25,21278.5,34.0
2025-05-26 16:54:00+00:00,21279.0,21281.25,21275.5,21280.25,126.0
2025-05-26 16:55:00+00:00,21288.5,21290.0,21277.25,21279.5,131.0
2025-05-26 16:56:00+00:00,21293.25,21294.0,21287.75,21289.0,97.0
2025-05-26 16:57:00+00:00,21286.5,21294.0,21286.5,21294.0,114.0
2025-05-26 16:58:00+00:00,21279.25,21288.0,21278.25,21286.75,111.0
2025-05-26 16:59:00+00:00,21283.5,21290.5,21276.25,21279.75,179.0
2025-05-26 22:00:00+00:00,21273.5,21292.0,21268.25,21281.25,260.0
2025-05-26 22:01:00+00:00,21270.0,21282.0,21270.0,21272.0,134.0
2025-05-26 22:02:00+00:00,21258.25,21271.5,21256.0,21271.0,269.0
2025-05-26 22:03:00+00:00,21264.0,21266.0,21252.75,21258.25,161.0
2025-05-26 22:04:00+00:00,21267.25,21268.5,21262.25,21264.25,122.0
2025-05-26 22:05:00+00:00,21261.0,21267.25,21261.0,21267.25,60.0
2025-05-26 22:06:00+00:00,21264.0,21265.0,21261.5,21261.75,59.0
2025-05-26 22:07:00+00:00,21268.5,21270.0,21262.5,21264.5,93.0
2025-05-26 22:08:00+00:00,21272.5,21272.5,21267.0,21268.5,134.0
2025-05-26 22:09:00+00:00,21269.75,21271.75,21267.25,21271.75,70.0
2025-05-26 22:10:00+00:00,21265.75,21270.0,21265.0,21269.0,84.0
2025-05-26 22:11:00+00:00,21261.25,21266.0,21259.25,21265.5,103.0
2025-05-26 22:12:00+00:00,21281.0,21282.5,21261.75,21261.75,234.0
2025-05-26 22:13:00+00:00,21280.0,21281.75,21276.0,21279.5,89.0
2025-05-26 22:14:00+00:00,21268.5,21280.5,21268.5,21279.0,150.0
2025-05-26 22:15:00+00:00,21276.5,21278.75,21268.75,21269.25,107.0
2025-05-26 22:16:00+00:00,21278.25,21278.25,21276.25,21276.5,27.0
2025-05-26 22:17:00+00:00,21271.25,21278.25,21269.5,21278.25,85.0
2025-05-26 22:18:00+00:00,21272.75,21273.75,21269.0,21271.5,45.0
2025-05-26 22:19:00+00:00,21271.5,21272.25,21269.0,21272.25,45.0
2025-05-26 22:20:00+00:00,21263.25,21271.0,21261.0,21271.0,123.0
2025-05-26 22:21:00+00:00,21262.75,21264.75,21259.5,21263.75,78.0
2025-05-26 22:22:00+00:00,21261.0,21261.75,21258.5,21261.75,50.0
2025-05-26 22:23:00+00:00,21258.75,21260.5,21256.0,21260.5,120.0
2025-05-26 22:24:00+00:00,21259.0,21259.5,21257.75,21258.25,14.0
2025-05-26 22:25:00+00:00,21260.0,21260.25,21258.0,21258.75,26.0
2025-05-26 22:26:00+00:00,21261.5,21263.0,21259.5,21259.5,47.0
2025-05-26 22:27:00+00:00,21262.0,21262.0,21259.75,21261.5,21.0
2025-05-26 22:28:00+00:00,21257.25,21263.0,21254.5,21261.75,77.0
2025-05-26 22:29:00+00:00,21256.25,21258.25,21256.25,21256.25,26.0
2025-05-26 22:30:00+00:00,21246.75,21256.25,21245.75,21256.25,262.0
2025-05-26 22:31:00+00:00,21247.75,21250.25,21244.0,21247.0,111.0
2025-05-26 22:32:00+00:00,21244.0,21248.5,21243.0,21247.0,121.0
2025-05-26 22:33:00+00:00,21239.25,21244.0,21239.25,21243.75,143.0
2025-05-26 22:34:00+00:00,21238.25,21240.75,21234.25,21239.5,174.0
2025-05-26 22:35:00+00:00,21238.25,21240.25,21237.25,21238.5,38.0
2025-05-26 22:36:00+00:00,21234.75,21238.25,21233.5,21238.0,85.0
2025-05-26 22:37:00+00:00,21234.75,21236.25,21231.5,21233.75,114.0
2025-05-26 22:38:00+00:00,21235.0,21235.75,21232.25,21235.25,58.0
2025-05-26 22:39:00+00:00,21235.0,21236.75,21234.5,21235.0,57.0
2025-05-26 22:40:00+00:00,21238.25,21241.25,21236.0,21236.0,97.0
2025-05-26 22:41:00+00:00,21238.5,21238.75,21237.5,21238.25,22.0
2025-05-26 22:42:00+00:00,21236.75,21238.75,21236.0,21238.25,20.0
2025-05-26 22:43:00+00:00,21238.25,21239.0,21233.5,21237.0,64.0
2025-05-26 22:44:00+00:00,21239.0,21240.25,21237.75,21238.5,41.0
2025-05-26 22:45:00+00:00,21245.25,21246.25,21239.0,21239.0,81.0
2025-05-26 22:46:00+00:00,21236.75,21244.75,21236.5,21244.5,73.0
2025-05-26 22:47:00+00:00,21237.75,21238.25,21235.0,21237.25,36.0
2025-05-26 22:48:00+00:00,21233.25,21237.75,21232.5,21237.75,55.0
2025-05-26 22:49:00+00:00,21237.0,21237.25,21228.0,21233.0,93.0
2025-05-26 22:50:00+00:00,21231.25,21236.25,21231.25,21236.25,52.0
2025-05-26 22:51:00+00:00,21233.75,21235.0,21229.75,21231.75,52.0
2025-05-26 22:52:00+00:00,21230.75,21234.5,21230.5,21233.75,34.0
2025-05-26 22:53:00+00:00,21233.75,21234.5,21231.25,21231.25,53.0
2025-05-26 22:54:00+00:00,21233.0,21236.5,21232.75,21234.0,42.0
2025-05-26 22:55:00+00:00,21234.25,21235.75,21233.0,21234.25,23.0
2025-05-26 22:56:00+00:00,21232.0,21233.0,21230.5,21233.0,45.0
2025-05-26 22:57:00+00:00,21231.25,21231.5,21230.25,21231.25,24.0
2025-05-26 22:58:00+00:00,21230.25,21233.25,21228.5,21232.5,52.0
2025-05-26 22:59:00+00:00,21228.5,21230.25,21224.0,21229.75,135.0
2025-05-26 23:00:00+00:00,21233.75,21235.25,21228.0,21229.25,97.0
2025-05-26 23:01:00+00:00,21231.25,21238.0,21231.25,21234.25,105.0
2025-05-26 23:02:00+00:00,21230.0,21231.5,21226.25,21231.5,67.0
2025-05-26 23:03:00+00:00,21235.75,21240.75,21230.0,21230.5,157.0
2025-05-26 23:04:00+00:00,21231.0,21236.0,21227.25,21235.5,137.0
2025-05-26 23:05:00+00:00,21228.5,21230.25,21226.0,21230.25,57.0
2025-05-26 23:06:00+00:00,21231.25,21233.0,21225.75,21227.75,61.0
2025-05-26 23:07:00+00:00,21233.5,21234.0,21228.75,21231.75,68.0
2025-05-26 23:08:00+00:00,21233.5,21234.75,21231.25,21233.75,27.0
2025-05-26 23:09:00+00:00,21233.25,21234.25,21232.5,21233.25,18.0
2025-05-26 23:10:00+00:00,21234.25,21235.0,21227.0,21233.25,162.0
2025-05-26 23:11:00+00:00,21234.75,21238.0,21233.25,21233.75,85.0
2025-05-26 23:12:00+00:00,21236.75,21238.25,21233.25,21234.0,51.0
2025-05-26 23:13:00+00:00,21239.5,21241.0,21233.75,21236.75,123.0
2025-05-26 23:14:00+00:00,21237.25,21244.0,21237.25,21239.25,121.0
2025-05-26 23:15:00+00:00,21242.0,21242.0,21236.25,21238.0,52.0
2025-05-26 23:16:00+00:00,21245.25,21245.75,21240.75,21241.25,73.0
2025-05-26 23:17:00+00:00,21245.0,21246.5,21242.0,21245.25,87.0
2025-05-26 23:18:00+00:00,21239.25,21244.75,21238.0,21244.75,46.0
2025-05-26 23:19:00+00:00,21239.75,21240.0,21236.5,21238.25,41.0
2025-05-26 23:20:00+00:00,21226.75,21240.25,21226.75,21240.25,178.0
2025-05-26 23:21:00+00:00,21230.5,21231.75,21226.25,21226.5,82.0
2025-05-26 23:22:00+00:00,21230.5,21233.5,21230.25,21230.25,50.0
2025-05-26 23:23:00+00:00,21229.0,21232.0,21228.75,21231.25,53.0
2025-05-26 23:24:00+00:00,21230.0,21230.0,21227.75,21229.25,53.0
2025-05-26 23:25:00+00:00,21230.75,21231.25,21228.0,21230.25,37.0
2025-05-26 23:26:00+00:00,21231.0,21231.0,21229.5,21229.75,9.0
2025-05-26 23:27:00+00:00,21226.75,21230.75,21226.0,21230.75,20.0
2025-05-26 23:28:00+00:00,21224.75,21228.5,21220.5,21226.5,170.0
2025-05-26 23:29:00+00:00,21232.75,21234.75,21225.25,21225.25,164.0
2025-05-26 23:30:00+00:00,21234.25,21236.75,21233.0,21233.5,55.0
2025-05-26 23:31:00+00:00,21226.75,21233.25,21226.75,21233.25,56.0
2025-05-26 23:32:00+00:00,21227.0,21229.5,21224.75,21227.0,57.0
2025-05-26 23:33:00+00:00,21232.0,21232.0,21224.0,21226.0,58.0
2025-05-26 23:34:00+00:00,21233.5,21236.75,21231.5,21231.5,103.0
2025-05-26 23:35:00+00:00,21236.0,21236.0,21232.25,21232.5,30.0
2025-05-26 23:36:00+00:00,21234.25,21239.5,21234.25,21235.75,63.0
2025-05-26 23:37:00+00:00,21230.5,21237.5,21230.0,21234.25,52.0
2025-05-26 23:38:00+00:00,21228.5,21230.75,21227.25,21230.75,38.0
2025-05-26 23:39:00+00:00,21226.75,21228.75,21226.5,21228.0,18.0
2025-05-26 23:40:00+00:00,21227.5,21228.0,21226.25,21227.75,24.0
2025-05-26 23:41:00+00:00,21227.0,21228.5,21223.5,21226.5,63.0
2025-05-26 23:42:00+00:00,21226.0,21227.75,21224.5,21227.25,58.0
2025-05-26 23:43:00+00:00,21225.75,21227.0,21223.25,21225.75,73.0
2025-05-26 23:44:00+00:00,21225.5,21226.0,21224.0,21225.0,29.0
2025-05-26 23:45:00+00:00,21226.5,21227.75,21224.0,21226.0,82.0
2025-05-26 23:46:00+00:00,21226.0,21227.75,21224.25,21225.75,48.0
2025-05-26 23:47:00+00:00,21226.75,21227.0,21224.5,21225.0,45.0
2025-05-26 23:48:00+00:00,21229.0,21229.5,21226.25,21226.25,52.0
2025-05-26 23:49:00+00:00,21227.5,21228.75,21226.0,21228.5,24.0
2025-05-26 23:50:00+00:00,21226.5,21228.25,21225.5,21227.75,18.0
2025-05-26 23:51:00+00:00,21225.0,21225.5,21218.25,21225.5,150.0
2025-05-26 23:52:00+00:00,21231.5,21233.5,21225.25,21225.25,157.0
2025-05-26 23:53:00+00:00,21234.0,21234.25,21230.5,21231.25,126.0
2025-05-26 23:54:00+00:00,21232.25,21235.25,21231.75,21235.0,51.0
2025-05-26 23:55:00+00:00,21233.25,21236.25,21232.75,21233.25,42.0
2025-05-26 23:56:00+00:00,21234.75,21234.75,21232.25,21232.75,25.0
2025-05-26 23:57:00+00:00,21234.25,21235.5,21232.5,21233.75,25.0
2025-05-26 23:58:00+00:00,21235.25,21235.25,21231.75,21234.0,32.0
2025-05-26 23:59:00+00:00,21235.25,21237.5,21233.25,21234.5,30.0
2025-05-27 00:00:00+00:00,21231.75,21237.25,21230.75,21236.25,153.0
2025-05-27 00:01:00+00:00,21232.75,21236.0,21229.5,21230.75,79.0
2025-05-27 00:02:00+00:00,21233.75,21237.75,21230.0,21234.25,107.0
2025-05-27 00:03:00+00:00,21228.0,21236.75,21228.0,21235.5,105.0
2025-05-27 00:04:00+00:00,21224.5,21227.5,21223.5,21227.5,83.0
2025-05-27 00:05:00+00:00,21225.5,21231.25,21223.25,21225.75,101.0
2025-05-27 00:06:00+00:00,21223.5,21225.75,21220.0,21225.25,96.0
2025-05-27 00:07:00+00:00,21226.5,21226.5,21219.25,21223.5,82.0
2025-05-27 00:08:00+00:00,21221.0,21227.0,21219.0,21226.0,95.0
2025-05-27 00:09:00+00:00,21224.5,21225.25,21220.75,21221.75,65.0
2025-05-27 00:10:00+00:00,21220.5,21227.75,21219.0,21225.5,90.0
2025-05-27 00:11:00+00:00,21224.25,21225.0,21220.25,21220.75,51.0
2025-05-27 00:12:00+00:00,21223.0,21225.5,21221.5,21223.5,50.0
2025-05-27 00:13:00+00:00,21221.25,21224.5,21220.0,21222.5,48.0
2025-05-27 00:14:00+00:00,21225.5,21227.0,21220.75,21222.0,73.0
2025-05-27 00:15:00+00:00,21226.0,21226.0,21223.0,21224.75,55.0
2025-05-27 00:16:00+00:00,21223.75,21228.0,21222.75,21227.0,100.0
2025-05-27 00:17:00+00:00,21226.25,21227.25,21222.25,21222.75,56.0
2025-05-27 00:18:00+00:00,21229.75,21231.5,21226.75,21226.75,85.0
2025-05-27 00:19:00+00:00,21233.0,21234.5,21231.0,21231.0,93.0
2025-05-27 00:20:00+00:00,21229.75,21233.0,21227.75,21232.5,52.0
2025-05-27 00:21:00+00:00,21223.75,21230.25,21223.5,21230.25,77.0
2025-05-27 00:22:00+00:00,21205.5,21222.75,21202.5,21222.75,587.0
2025-05-27 00:23:00+00:00,21210.25,21211.5,21204.5,21204.75,135.0
2025-05-27 00:24:00+00:00,21209.5,21213.25,21208.5,21210.0,83.0
2025-05-27 00:25:00+00:00,21209.5,21212.0,21207.75,21208.25,76.0
2025-05-27 00:26:00+00:00,21207.5,21211.5,21206.75,21210.5,43.0
2025-05-27 00:27:00+00:00,21209.0,21211.0,21206.0,21207.5,61.0
2025-05-27 00:28:00+00:00,21210.5,21211.25,21208.5,21211.0,50.0
2025-05-27 00:29:00+00:00,21211.75,21211.75,21210.0,21210.75,21.0
2025-05-27 00:30:00+00:00,21209.25,21212.0,21208.0,21211.25,62.0
2025-05-27 00:31:00+00:00,21211.5,21213.75,21209.0,21209.0,57.0
2025-05-27 00:32:00+00:00,21212.25,21213.5,21210.5,21212.0,39.0
2025-05-27 00:33:00+00:00,21210.75,21211.75,21209.25,21211.75,34.0
2025-05-27 00:34:00+00:00,21209.25,21212.75,21209.25,21209.75,50.0
2025-05-27 00:35:00+00:00,21214.25,21215.25,21207.0,21208.0,85.0
2025-05-27 00:36:00+00:00,21214.75,21217.75,21208.75,21215.5,223.0
2025-05-27 00:37:00+00:00,21215.25,21216.0,21214.5,21215.25,30.0
2025-05-27 00:38:00+00:00,21225.0,21226.0,21215.75,21216.0,192.0
2025-05-27 00:39:00+00:00,21221.0,21226.0,21221.0,21224.5,73.0
2025-05-27 00:40:00+00:00,21216.0,21220.0,21213.0,21220.0,93.0
2025-05-27 00:41:00+00:00,21214.0,21216.25,21214.0,21215.5,33.0
2025-05-27 00:42:00+00:00,21217.25,21218.0,21213.5,21215.0,78.0
2025-05-27 00:43:00+00:00,21217.5,21221.25,21217.5,21217.5,52.0
2025-05-27 00:44:00+00:00,21216.25,21218.5,21215.25,21215.5,39.0
2025-05-27 00:45:00+00:00,21220.5,21222.25,21216.75,21217.0,55.0
2025-05-27 00:46:00+00:00,21228.5,21229.5,21221.75,21221.75,140.0
2025-05-27 00:47:00+00:00,21227.75,21230.25,21227.0,21229.0,35.0
2025-05-27 00:48:00+00:00,21229.75,21230.5,21227.75,21227.75,47.0
2025-05-27 00:49:00+00:00,21234.0,21234.5,21229.75,21230.75,163.0
2025-05-27 00:50:00+00:00,21236.25,21236.25,21232.0,21233.75,93.0
2025-05-27 00:51:00+00:00,21238.0,21241.0,21234.25,21236.0,139.0
2025-05-27 00:52:00+00:00,21238.25,21240.0,21237.75,21239.0,27.0
2025-05-27 00:53:00+00:00,21239.75,21242.25,21237.75,21238.0,128.0
2025-05-27 00:54:00+00:00,21240.5,21242.5,21239.5,21240.5,81.0
2025-05-27 00:55:00+00:00,21237.25,21240.25,21236.5,21240.0,68.0
2025-05-27 00:56:00+00:00,21239.0,21240.0,21237.0,21237.75,65.0
2025-05-27 00:57:00+00:00,21236.5,21239.0,21234.75,21239.0,78.0
2025-05-27 00:58:00+00:00,21239.0,21239.25,21237.0,21237.0,33.0
2025-05-27 00:59:00+00:00,21240.5,21241.75,21238.25,21238.25,39.0
2025-05-27 01:00:00+00:00,21236.0,21240.5,21235.0,21240.5,77.0
2025-05-27 01:01:00+00:00,21228.25,21236.0,21225.25,21235.75,214.0
2025-05-27 01:02:00+00:00,21229.0,21231.0,21225.25,21227.25,89.0
2025-05-27 01:03:00+00:00,21218.75,21230.25,21218.25,21228.5,142.0
2025-05-27 01:04:00+00:00,21210.75,21218.75,21208.5,21218.75,305.0
2025-05-27 01:05:00+00:00,21212.25,21215.5,21210.75,21211.75,127.0
2025-05-27 01:06:00+00:00,21210.5,21213.0,21209.25,21213.0,75.0
2025-05-27 01:07:00+00:00,21204.0,21211.25,21199.25,21211.0,406.0
2025-05-27 01:08:00+00:00,21205.75,21207.25,21203.5,21203.5,185.0
2025-05-27 01:09:00+00:00,21200.75,21206.5,21200.25,21205.5,106.0
2025-05-27 01:10:00+00:00,21192.0,21202.0,21192.0,21201.25,489.0
2025-05-27 01:11:00+00:00,21191.25,21194.25,21189.5,21191.5,236.0
2025-05-27 01:12:00+00:00,21192.0,21194.0,21188.5,21191.5,142.0
2025-05-27 01:13:00+00:00,21195.75,21195.75,21189.25,21191.25,108.0
2025-05-27 01:14:00+00:00,21193.25,21195.75,21191.75,21195.0,126.0
2025-05-27 01:15:00+00:00,21192.75,21194.5,21189.5,21194.25,105.0
2025-05-27 01:16:00+00:00,21192.5,21193.0,21190.25,21192.75,35.0
2025-05-27 01:17:00+00:00,21190.75,21192.0,21189.75,21192.0,63.0
2025-05-27 01:18:00+00:00,21193.25,21197.0,21187.0,21189.75,162.0
2025-05-27 01:19:00+00:00,21187.25,21196.75,21187.25,21191.75,95.0
2025-05-27 01:20:00+00:00,21189.0,21191.75,21184.75,21187.0,189.0
2025-05-27 01:21:00+00:00,21189.25,21190.75,21188.25,21189.25,62.0
2025-05-27 01:22:00+00:00,21189.5,21191.5,21188.75,21190.0,55.0
2025-05-27 01:23:00+00:00,21188.75,21191.75,21188.0,21188.25,63.0
2025-05-27 01:24:00+00:00,21194.0,21194.75,21187.75,21188.5,87.0
2025-05-27 01:25:00+00:00,21193.75,21195.75,21192.0,21193.0,65.0
2025-05-27 01:26:00+00:00,21189.75,21193.25,21187.25,21193.25,112.0
2025-05-27 01:27:00+00:00,21187.25,21190.25,21186.5,21189.0,52.0
2025-05-27 01:28:00+00:00,21191.25,21192.0,21188.25,21188.25,58.0
2025-05-27 01:29:00+00:00,21194.75,21196.0,21191.75,21191.75,80.0
2025-05-27 01:30:00+00:00,21197.0,21198.0,21192.5,21195.25,89.0
2025-05-27 01:31:00+00:00,21200.25,21201.75,21195.75,21196.5,96.0
2025-05-27 01:32:00+00:00,21192.25,21200.25,21191.0,21200.25,136.0
2025-05-27 01:33:00+00:00,21193.25,21197.5,21190.75,21191.25,76.0
2025-05-27 01:34:00+00:00,21191.75,21193.5,21191.0,21192.75,62.0
2025-05-27 01:35:00+00:00,21183.5,21191.5,21180.0,21191.5,324.0
2025-05-27 01:36:00+00:00,21183.75,21186.0,21181.0,21182.5,105.0
2025-05-27 01:37:00+00:00,21182.25,21184.75,21180.75,21183.25,76.0
2025-05-27 01:38:00+00:00,21186.0,21186.5,21179.0,21182.25,119.0
2025-05-27 01:39:00+00:00,21184.25,21186.25,21183.25,21185.75,48.0
2025-05-27 01:40:00+00:00,21187.0,21189.5,21184.0,21184.25,121.0
2025-05-27 01:41:00+00:00,21189.75,21191.75,21185.5,21187.0,100.0
2025-05-27 01:42:00+00:00,21188.0,21190.5,21187.5,21189.75,60.0
2025-05-27 01:43:00+00:00,21189.75,21190.5,21188.5,21188.75,37.0
2025-05-27 01:44:00+00:00,21185.5,21191.0,21183.0,21190.0,144.0
2025-05-27 01:45:00+00:00,21179.5,21185.0,21176.75,21185.0,217.0
2025-05-27 01:46:00+00:00,21181.5,21182.25,21177.0,21177.75,117.0
2025-05-27 01:47:00+00:00,21181.0,21182.5,21180.0,21181.0,64.0
2025-05-27 01:48:00+00:00,21179.5,21183.5,21178.25,21181.0,70.0
2025-05-27 01:49:00+00:00,21179.0,21180.5,21174.25,21178.75,125.0
2025-05-27 01:50:00+00:00,21178.0,21181.25,21178.0,21179.75,44.0
2025-05-27 01:51:00+00:00,21178.0,21181.0,21176.25,21177.5,116.0
2025-05-27 01:52:00+00:00,21180.75,21181.25,21177.25,21177.5,133.0
2025-05-27 01:53:00+00:00,21178.0,21181.0,21174.25,21180.25,109.0
2025-05-27 01:54:00+00:00,21178.5,21179.0,21176.75,21177.0,49.0
2025-05-27 01:55:00+00:00,21179.25,21180.25,21177.0,21180.25,48.0
2025-05-27 01:56:00+00:00,21178.0,21180.75,21177.0,21179.5,54.0
2025-05-27 01:57:00+00:00,21178.0,21180.0,21177.0,21179.25,30.0
2025-05-27 01:58:00+00:00,21176.0,21179.75,21175.75,21178.5,56.0
2025-05-27 01:59:00+00:00,21176.0,21177.5,21173.75,21176.5,101.0
2025-05-27 02:00:00+00:00,21178.0,21178.0,21172.5,21175.25,173.0
2025-05-27 02:01:00+00:00,21178.25,21179.0,21168.0,21176.5,261.0
2025-05-27 02:02:00+00:00,21177.25,21180.5,21177.25,21178.0,103.0
2025-05-27 02:03:00+00:00,21177.5,21180.0,21173.5,21177.0,67.0
2025-05-27 02:04:00+00:00,21171.5,21178.5,21170.25,21178.25,117.0
2025-05-27 02:05:00+00:00,21171.75,21174.25,21168.75,21170.25,113.0
2025-05-27 02:06:00+00:00,21170.25,21174.0,21170.25,21172.75,50.0
2025-05-27 02:07:00+00:00,21174.5,21175.0,21168.0,21171.25,113.0
2025-05-27 02:08:00+00:00,21178.25,21181.75,21167.0,21174.75,273.0
2025-05-27 02:09:00+00:00,21173.5,21178.75,21172.25,21178.0,48.0
2025-05-27 02:10:00+00:00,21171.0,21172.75,21168.25,21172.25,107.0
2025-05-27 02:11:00+00:00,21169.0,21170.0,21165.0,21170.0,128.0
2025-05-27 02:12:00+00:00,21167.5,21168.25,21165.75,21167.75,66.0
2025-05-27 02:13:00+00:00,21171.0,21171.75,21166.75,21167.0,67.0
2025-05-27 02:14:00+00:00,21167.0,21171.25,21167.0,21171.0,64.0
2025-05-27 02:15:00+00:00,21170.25,21170.25,21165.75,21167.25,90.0
2025-05-27 02:16:00+00:00,21167.75,21174.0,21166.25,21171.75,129.0
2025-05-27 02:17:00+00:00,21166.0,21167.5,21162.0,21167.5,171.0
2025-05-27 02:18:00+00:00,21166.5,21167.5,21165.25,21166.0,49.0
2025-05-27 02:19:00+00:00,21165.75,21168.5,21165.5,21166.5,46.0
2025-05-27 02:20:00+00:00,21164.25,21165.75,21162.75,21165.75,79.0
2025-05-27 02:21:00+00:00,21166.25,21166.75,21163.5,21164.75,51.0
2025-05-27 02:22:00+00:00,21169.5,21172.0,21167.75,21168.0,135.0
2025-05-27 02:23:00+00:00,21172.25,21172.5,21168.75,21168.75,96.0
2025-05-27 02:24:00+00:00,21175.25,21177.0,21171.5,21172.0,143.0
2025-05-27 02:25:00+00:00,21172.5,21175.75,21172.25,21174.75,51.0
2025-05-27 02:26:00+00:00,21173.5,21175.0,21172.5,21172.5,29.0
2025-05-27 02:27:00+00:00,21174.0,21174.25,21173.25,21174.0,17.0
2025-05-27 02:28:00+00:00,21177.25,21177.25,21174.25,21175.0,47.0
2025-05-27 02:29:00+00:00,21176.25,21177.5,21175.75,21177.5,28.0
2025-05-27 02:30:00+00:00,21175.75,21177.0,21175.0,21175.75,64.0
2025-05-27 02:31:00+00:00,21179.0,21180.0,21175.5,21176.0,72.0
2025-05-27 02:32:00+00:00,21178.25,21179.75,21176.75,21179.75,57.0
2025-05-27 02:33:00+00:00,21182.75,21183.0,21177.25,21177.25,55.0
2025-05-27 02:34:00+00:00,21177.0,21183.5,21176.0,21182.5,133.0
2025-05-27 02:35:00+00:00,21177.0,21177.25,21174.0,21177.25,78.0
2025-05-27 02:36:00+00:00,21179.0,21179.5,21177.5,21177.5,36.0
2025-05-27 02:37:00+00:00,21179.0,21180.0,21177.25,21178.0,28.0
2025-05-27 02:38:00+00:00,21177.0,21178.25,21175.5,21178.0,35.0
2025-05-27 02:39:00+00:00,21178.5,21179.0,21178.25,21178.75,20.0
2025-05-27 02:40:00+00:00,21179.0,21180.0,21178.25,21179.25,46.0
2025-05-27 02:41:00+00:00,21179.25,21183.5,21178.75,21180.5,66.0
2025-05-27 02:42:00+00:00,21178.0,21179.25,21177.75,21178.25,48.0
2025-05-27 02:43:00+00:00,21173.0,21177.75,21172.5,21177.75,58.0
2025-05-27 02:44:00+00:00,21173.5,21174.75,21171.0,21174.0,80.0
2025-05-27 02:45:00+00:00,21171.25,21175.25,21171.0,21174.5,76.0
2025-05-27 02:46:00+00:00,21174.0,21174.0,21170.0,21170.75,94.0
2025-05-27 02:47:00+00:00,21175.0,21175.5,21174.5,21174.5,15.0
2025-05-27 02:48:00+00:00,21173.75,21176.5,21173.75,21176.5,22.0
2025-05-27 02:49:00+00:00,21175.75,21176.0,21173.5,21174.0,45.0
2025-05-27 02:50:00+00:00,21181.5,21182.25,21175.5,21176.5,87.0
2025-05-27 02:51:00+00:00,21175.75,21181.25,21175.75,21181.25,67.0
2025-05-27 02:52:00+00:00,21177.5,21179.0,21174.75,21176.0,44.0
2025-05-27 02:53:00+00:00,21181.0,21181.5,21177.0,21177.5,61.0
2025-05-27 02:54:00+00:00,21180.0,21181.25,21179.75,21181.0,23.0
2025-05-27 02:55:00+00:00,21182.0,21183.75,21180.75,21180.75,60.0
2025-05-27 02:56:00+00:00,21181.5,21183.5,21181.5,21183.5,14.0
2025-05-27 02:57:00+00:00,21176.75,21182.5,21176.75,21182.0,58.0
2025-05-27 02:58:00+00:00,21181.0,21181.75,21176.5,21177.0,27.0
2025-05-27 02:59:00+00:00,21181.5,21181.5,21180.0,21180.75,11.0
2025-05-27 03:00:00+00:00,21181.5,21182.5,21179.75,21180.0,36.0
2025-05-27 03:01:00+00:00,21184.5,21184.5,21181.5,21181.5,43.0
2025-05-27 03:02:00+00:00,21182.5,21183.75,21181.75,21183.5,31.0
2025-05-27 03:03:00+00:00,21186.5,21189.0,21182.0,21182.75,122.0
2025-05-27 03:04:00+00:00,21182.25,21186.0,21182.0,21185.75,96.0
2025-05-27 03:05:00+00:00,21182.0,21183.25,21180.75,21182.25,30.0
2025-05-27 03:06:00+00:00,21183.5,21184.75,21181.25,21181.25,19.0
2025-05-27 03:07:00+00:00,21183.0,21183.75,21183.0,21183.5,12.0
2025-05-27 03:08:00+00:00,21185.25,21185.25,21182.25,21182.75,24.0
2025-05-27 03:09:00+00:00,21182.5,21185.25,21182.5,21185.25,26.0
2025-05-27 03:10:00+00:00,21182.5,21183.5,21178.75,21182.0,64.0
2025-05-27 03:11:00+00:00,21180.0,21182.75,21180.0,21181.75,40.0
2025-05-27 03:12:00+00:00,21181.25,21181.25,21179.0,21180.0,21.0
2025-05-27 03:13:00+00:00,21174.25,21180.5,21173.0,21180.5,115.0
2025-05-27 03:14:00+00:00,21173.0,21175.5,21172.25,21173.75,47.0
2025-05-27 03:15:00+00:00,21174.75,21175.0,21171.25,21172.0,60.0
2025-05-27 03:16:00+00:00,21177.0,21177.5,21174.25,21174.75,48.0
2025-05-27 03:17:00+00:00,21179.0,21179.75,21175.5,21175.5,42.0
2025-05-27 03:18:00+00:00,21176.25,21179.5,21176.25,21178.5,60.0
2025-05-27 03:19:00+00:00,21179.25,21179.25,21175.0,21176.75,68.0
2025-05-27 03:20:00+00:00,21180.0,21183.0,21177.0,21178.25,89.0
2025-05-27 03:21:00+00:00,21173.25,21178.75,21173.25,21178.75,98.0
2025-05-27 03:22:00+00:00,21169.0,21174.0,21168.0,21173.25,98.0
2025-05-27 03:23:00+00:00,21167.25,21169.0,21167.25,21168.0,36.0
2025-05-27 03:24:00+00:00,21166.75,21169.75,21166.75,21167.75,36.0
2025-05-27 03:25:00+00:00,21167.5,21170.5,21166.5,21167.5,46.0
2025-05-27 03:26:00+00:00,21164.25,21167.5,21163.25,21167.5,105.0
2025-05-27 03:27:00+00:00,21167.0,21167.75,21163.5,21164.25,53.0
2025-05-27 03:28:00+00:00,21168.25,21169.5,21167.0,21168.25,55.0
2025-05-27 03:29:00+00:00,21171.5,21172.25,21168.75,21168.75,53.0
2025-05-27 03:30:00+00:00,21170.0,21172.5,21168.0,21172.25,37.0
2025-05-27 03:31:00+00:00,21170.5,21171.5,21170.0,21170.5,29.0
2025-05-27 03:32:00+00:00,21169.0,21171.5,21168.25,21171.25,73.0
2025-05-27 03:33:00+00:00,21169.0,21171.0,21169.0,21169.25,47.0
2025-05-27 03:34:00+00:00,21167.5,21169.5,21167.0,21169.0,40.0
2025-05-27 03:35:00+00:00,21170.25,21170.75,21165.25,21166.5,35.0
2025-05-27 03:36:00+00:00,21171.25,21172.5,21170.25,21171.25,58.0
2025-05-27 03:37:00+00:00,21173.0,21173.5,21171.0,21171.5,58.0
2025-05-27 03:38:00+00:00,21171.5,21174.0,21171.5,21173.5,40.0
2025-05-27 03:39:00+00:00,21169.75,21173.0,21169.75,21171.0,44.0
2025-05-27 03:40:00+00:00,21167.25,21170.75,21166.75,21169.75,53.0
2025-05-27 03:41:00+00:00,21169.25,21169.5,21165.75,21166.75,50.0
2025-05-27 03:42:00+00:00,21167.5,21168.5,21165.75,21168.5,42.0
2025-05-27 03:43:00+00:00,21165.0,21168.0,21163.5,21167.75,69.0
2025-05-27 03:44:00+00:00,21155.25,21164.25,21153.0,21164.25,318.0
2025-05-27 03:45:00+00:00,21148.0,21158.0,21147.25,21155.75,264.0
2025-05-27 03:46:00+00:00,21152.5,21152.5,21141.5,21147.75,254.0
2025-05-27 03:47:00+00:00,21155.75,21157.0,21150.5,21150.5,136.0
2025-05-27 03:48:00+00:00,21161.0,21161.5,21155.25,21155.75,77.0
2025-05-27 03:49:00+00:00,21160.0,21162.5,21160.0,21161.5,72.0
2025-05-27 03:50:00+00:00,21162.25,21162.5,21158.0,21159.25,103.0
2025-05-27 03:51:00+00:00,21163.0,21165.0,21161.5,21162.5,107.0
2025-05-27 03:52:00+00:00,21167.5,21167.75,21163.5,21163.5,58.0
2025-05-27 03:53:00+00:00,21168.5,21169.5,21164.0,21167.75,77.0
2025-05-27 03:54:00+00:00,21166.0,21169.25,21164.0,21167.5,162.0
2025-05-27 03:55:00+00:00,21165.25,21165.75,21163.5,21165.25,51.0
2025-05-27 03:56:00+00:00,21159.0,21164.25,21158.0,21164.0,71.0
2025-05-27 03:57:00+00:00,21157.0,21159.0,21153.75,21159.0,110.0
2025-05-27 03:58:00+00:00,21150.5,21159.25,21149.0,21155.5,103.0
2025-05-27 04:09:00+00:00,21168.25,21169.5,21165.75,21166.25,35.0
2025-05-27 04:10:00+00:00,21169.25,21169.75,21167.5,21168.0,31.0
2025-05-27 04:11:00+00:00,21170.75,21172.25,21170.25,21170.25,60.0
2025-05-27 04:12:00+00:00,21170.0,21171.25,21170.0,21170.75,14.0
2025-05-27 04:13:00+00:00,21167.0,21171.0,21167.0,21170.25,56.0
2025-05-27 04:14:00+00:00,21165.5,21168.0,21162.75,21167.0,87.0
2025-05-27 04:15:00+00:00,21164.5,21166.5,21161.5,21165.5,89.0
2025-05-27 04:16:00+00:00,21165.5,21166.25,21164.75,21164.75,40.0
2025-05-27 04:17:00+00:00,21167.5,21169.25,21164.5,21164.75,66.0
2025-05-27 04:18:00+00:00,21169.0,21171.0,21167.25,21167.25,119.0
2025-05-27 04:19:00+00:00,21168.75,21169.25,21167.5,21168.75,27.0
2025-05-27 04:20:00+00:00,21165.0,21168.25,21163.5,21168.25,57.0
2025-05-27 04:21:00+00:00,21165.75,21166.5,21164.0,21164.75,42.0
2025-05-27 04:22:00+00:00,21167.75,21168.0,21165.25,21165.25,40.0
2025-05-27 04:23:00+00:00,21169.0,21169.25,21167.5,21167.5,29.0
2025-05-27 04:24:00+00:00,21168.75,21169.25,21168.5,21169.0,6.0
2025-05-27 04:25:00+00:00,21169.5,21171.25,21168.75,21169.75,35.0
2025-05-27 04:26:00+00:00,21169.0,21170.0,21168.0,21170.0,25.0
2025-05-27 04:27:00+00:00,21171.5,21172.75,21168.0,21168.0,41.0
2025-05-27 04:28:00+00:00,21170.5,21172.75,21170.5,21172.25,25.0
2025-05-27 04:29:00+00:00,21171.0,21172.0,21169.5,21170.0,24.0
2025-05-27 04:30:00+00:00,21173.0,21173.5,21169.5,21171.25,54.0
2025-05-27 04:31:00+00:00,21171.75,21173.25,21171.75,21173.25,6.0
2025-05-27 04:32:00+00:00,21167.0,21172.75,21166.5,21172.5,76.0
2025-05-27 04:33:00+00:00,21166.5,21167.25,21162.5,21166.5,62.0
2025-05-27 04:34:00+00:00,21170.25,21171.0,21165.0,21166.5,54.0
2025-05-27 04:35:00+00:00,21169.75,21172.5,21168.5,21170.75,69.0
2025-05-27 04:36:00+00:00,21172.25,21172.25,21169.25,21169.75,22.0
2025-05-27 04:37:00+00:00,21170.5,21171.75,21170.5,21171.75,21.0
2025-05-27 04:38:00+00:00,21173.75,21174.25,21168.0,21170.75,90.0
2025-05-27 04:39:00+00:00,21172.0,21173.25,21170.5,21173.25,31.0
2025-05-27 04:40:00+00:00,21173.0,21173.25,21170.75,21171.5,24.0
2025-05-27 04:41:00+00:00,21172.5,21173.5,21172.0,21173.5,28.0
2025-05-27 04:42:00+00:00,21170.75,21172.5,21169.75,21172.5,28.0
2025-05-27 04:43:00+00:00,21172.0,21173.25,21171.0,21171.25,54.0
2025-05-27 04:44:00+00:00,21173.5,21174.5,21172.5,21172.5,34.0
2025-05-27 04:45:00+00:00,21173.25,21174.0,21172.5,21173.0,38.0
2025-05-27 04:46:00+00:00,21171.75,21172.75,21170.25,21172.25,29.0
2025-05-27 04:47:00+00:00,21174.5,21174.5,21172.0,21172.0,51.0
2025-05-27 04:48:00+00:00,21175.25,21175.5,21172.5,21174.5,62.0
2025-05-27 04:49:00+00:00,21175.0,21175.0,21172.75,21174.75,28.0
2025-05-27 04:50:00+00:00,21176.25,21176.25,21174.25,21175.25,56.0
2025-05-27 04:51:00+00:00,21175.25,21176.25,21173.5,21176.25,62.0
2025-05-27 04:52:00+00:00,21175.25,21176.0,21174.25,21175.75,20.0
2025-05-27 04:53:00+00:00,21174.25,21175.25,21173.75,21173.75,9.0
2025-05-27 04:54:00+00:00,21174.0,21174.5,21173.5,21174.0,16.0
2025-05-27 04:55:00+00:00,21175.5,21175.75,21173.75,21174.0,33.0
2025-05-27 04:56:00+00:00,21174.0,21175.5,21174.0,21175.5,11.0
2025-05-27 04:57:00+00:00,21174.25,21174.75,21173.0,21173.25,26.0
2025-05-27 04:58:00+00:00,21174.75,21176.0,21174.75,21174.75,26.0
2025-05-27 04:59:00+00:00,21176.0,21177.0,21174.0,21174.25,34.0
2025-05-27 05:00:00+00:00,21174.75,21176.5,21174.5,21175.5,51.0
2025-05-27 05:01:00+00:00,21176.5,21176.5,21172.5,21174.0,84.0
2025-05-27 05:02:00+00:00,21173.5,21176.0,21171.0,21175.75,66.0
2025-05-27 05:03:00+00:00,21171.25,21173.75,21171.0,21173.75,42.0
2025-05-27 05:04:00+00:00,21168.5,21170.75,21164.25,21170.75,147.0
2025-05-27 05:05:00+00:00,21169.25,21170.25,21167.0,21168.25,28.0
2025-05-27 05:06:00+00:00,21171.75,21171.75,21168.25,21170.0,28.0
2025-05-27 05:07:00+00:00,21173.5,21174.75,21171.75,21172.25,61.0
2025-05-27 05:08:00+00:00,21167.25,21172.75,21166.25,21172.75,36.0
2025-05-27 05:09:00+00:00,21167.25,21169.0,21165.25,21167.0,42.0
2025-05-27 05:10:00+00:00,21162.5,21170.5,21162.5,21167.5,79.0
2025-05-27 05:11:00+00:00,21167.25,21167.5,21159.75,21162.75,158.0
2025-05-27 05:12:00+00:00,21170.75,21172.0,21167.75,21167.75,68.0
2025-05-27 05:13:00+00:00,21168.0,21170.25,21168.0,21170.25,25.0
2025-05-27 05:14:00+00:00,21169.75,21170.75,21167.5,21168.0,40.0
2025-05-27 05:15:00+00:00,21167.75,21172.0,21167.0,21171.5,53.0
2025-05-27 05:16:00+00:00,21169.0,21170.75,21168.0,21170.5,42.0
2025-05-27 05:17:00+00:00,21168.25,21169.5,21167.0,21169.5,27.0
2025-05-27 05:18:00+00:00,21171.75,21173.0,21167.0,21167.0,66.0
2025-05-27 05:19:00+00:00,21172.5,21173.75,21169.25,21170.25,61.0
2025-05-27 05:20:00+00:00,21180.25,21181.0,21172.75,21172.75,101.0
2025-05-27 05:21:00+00:00,21179.0,21183.0,21178.25,21180.5,111.0
2025-05-27 05:22:00+00:00,21179.25,21181.5,21178.75,21180.5,40.0
2025-05-27 05:23:00+00:00,21182.0,21182.0,21176.25,21178.5,77.0
2025-05-27 05:24:00+00:00,21182.0,21183.0,21181.0,21182.0,61.0
2025-05-27 05:25:00+00:00,21183.75,21186.25,21180.5,21182.25,155.0
2025-05-27 05:26:00+00:00,21186.5,21187.5,21183.5,21183.5,48.0
2025-05-27 05:27:00+00:00,21191.0,21191.25,21186.75,21186.75,126.0
2025-05-27 05:28:00+00:00,21193.25,21194.25,21190.5,21191.75,97.0
2025-05-27 05:29:00+00:00,21194.25,21194.25,21191.75,21192.75,71.0
2025-05-27 05:30:00+00:00,21193.5,21195.0,21189.0,21193.25,117.0
2025-05-27 05:31:00+00:00,21190.0,21195.0,21188.5,21192.75,56.0
2025-05-27 05:32:00+00:00,21190.75,21192.0,21189.25,21189.25,28.0
2025-05-27 05:33:00+00:00,21187.75,21192.25,21187.0,21191.5,51.0
2025-05-27 05:34:00+00:00,21191.0,21192.25,21188.25,21188.25,64.0
2025-05-27 05:35:00+00:00,21197.25,21198.5,21190.5,21191.5,159.0
2025-05-27 05:36:00+00:00,21203.0,21203.0,21195.75,21196.25,132.0
2025-05-27 05:37:00+00:00,21203.75,21204.25,21198.5,21202.5,132.0
2025-05-27 05:38:00+00:00,21202.0,21203.5,21201.5,21203.5,50.0
2025-05-27 05:39:00+00:00,21202.25,21203.25,21199.5,21201.25,85.0
2025-05-27 05:40:00+00:00,21206.0,21208.0,21201.5,21202.25,103.0
2025-05-27 05:41:00+00:00,21209.0,21210.0,21206.25,21206.25,104.0
2025-05-27 05:42:00+00:00,21213.25,21215.5,21208.75,21209.5,241.0
2025-05-27 05:43:00+00:00,21213.5,21217.0,21212.0,21213.5,170.0
2025-05-27 05:44:00+00:00,21214.25,21217.0,21212.5,21213.75,84.0
2025-05-27 05:45:00+00:00,21212.25,21214.75,21211.0,21213.0,86.0
2025-05-27 05:46:00+00:00,21215.75,21216.25,21211.5,21212.0,82.0
2025-05-27 05:47:00+00:00,21214.25,21216.0,21213.5,21216.0,43.0
2025-05-27 05:48:00+00:00,21216.0,21216.0,21213.5,21214.25,45.0
2025-05-27 05:49:00+00:00,21212.5,21216.5,21212.0,21215.25,58.0
2025-05-27 05:50:00+00:00,21211.0,21213.25,21209.0,21212.75,96.0
2025-05-27 05:51:00+00:00,21209.0,21211.75,21208.0,21211.0,60.0
2025-05-27 05:52:00+00:00,21208.5,21208.5,21203.25,21208.5,152.0
2025-05-27 05:53:00+00:00,21210.75,21211.75,21208.75,21208.75,57.0
2025-05-27 05:54:00+00:00,21210.0,21210.5,21205.25,21210.5,44.0
2025-05-27 05:55:00+00:00,21212.25,21217.5,21209.0,21209.25,332.0
2025-05-27 05:56:00+00:00,21209.5,21213.25,21209.25,21211.5,58.0
2025-05-27 05:57:00+00:00,21211.0,21211.0,21207.25,21209.75,50.0
2025-05-27 05:58:00+00:00,21207.25,21213.0,21207.25,21210.75,71.0
2025-05-27 05:59:00+00:00,21208.0,21210.0,21207.0,21208.25,72.0
2025-05-27 06:00:00+00:00,21216.5,21216.75,21205.5,21207.75,136.0
2025-05-27 06:01:00+00:00,21206.0,21218.5,21206.0,21216.25,112.0
2025-05-27 06:02:00+00:00,21208.5,21210.75,21205.0,21206.5,83.0
2025-05-27 06:03:00+00:00,21207.0,21210.5,21206.0,21209.25,51.0
2025-05-27 06:04:00+00:00,21210.75,21210.75,21205.75,21205.75,55.0
2025-05-27 06:05:00+00:00,21211.5,21212.75,21208.5,21210.0,63.0
2025-05-27 06:06:00+00:00,21209.0,21213.0,21209.0,21211.25,34.0
2025-05-27 06:07:00+00:00,21206.75,21209.0,21206.5,21208.75,32.0
2025-05-27 06:08:00+00:00,21207.5,21209.0,21204.75,21207.25,69.0
2025-05-27 06:09:00+00:00,21215.75,21216.5,21209.25,21209.5,83.0
2025-05-27 06:10:00+00:00,21219.25,21220.5,21214.0,21214.0,120.0
2025-05-27 06:11:00+00:00,21217.5,21219.5,21216.25,21218.75,42.0
2025-05-27 06:12:00+00:00,21217.5,21219.75,21217.0,21217.75,57.0
2025-05-27 06:13:00+00:00,21217.25,21218.5,21216.0,21217.75,52.0
2025-05-27 06:14:00+00:00,21218.75,21219.0,21216.75,21216.75,20.0
2025-05-27 06:15:00+00:00,21222.75,21223.5,21218.75,21218.75,113.0
2025-05-27 06:16:00+00:00,21225.75,21226.25,21222.25,21222.75,90.0
2025-05-27 06:17:00+00:00,21225.0,21227.0,21224.0,21226.5,77.0
2025-05-27 06:18:00+00:00,21229.25,21229.5,21226.0,21226.0,70.0
2025-05-27 06:19:00+00:00,21230.5,21230.75,21228.75,21230.0,54.0
2025-05-27 06:20:00+00:00,21233.5,21233.5,21229.0,21230.25,90.0
2025-05-27 06:21:00+00:00,21234.25,21235.0,21232.5,21233.0,66.0
2025-05-27 06:22:00+00:00,21237.25,21238.5,21234.0,21234.0,149.0
2025-05-27 06:23:00+00:00,21239.0,21239.0,21236.0,21236.75,46.0
2025-05-27 06:24:00+00:00,21238.25,21238.25,21235.5,21237.5,55.0
2025-05-27 06:25:00+00:00,21235.75,21238.75,21235.5,21238.0,50.0
2025-05-27 06:26:00+00:00,21237.75,21239.0,21236.5,21236.5,71.0
2025-05-27 06:27:00+00:00,21234.5,21237.0,21232.75,21237.0,79.0
2025-05-27 06:28:00+00:00,21236.75,21236.75,21232.75,21234.5,74.0
2025-05-27 06:29:00+00:00,21239.0,21239.25,21236.0,21236.75,46.0
2025-05-27 06:30:00+00:00,21238.75,21241.25,21237.75,21239.0,167.0
2025-05-27 06:31:00+00:00,21235.0,21240.5,21235.0,21239.75,105.0
2025-05-27 06:32:00+00:00,21237.5,21237.75,21233.5,21235.0,77.0
2025-05-27 06:33:00+00:00,21236.0,21237.5,21234.75,21237.5,64.0
2025-05-27 06:34:00+00:00,21237.5,21239.0,21235.0,21236.25,55.0
2025-05-27 06:35:00+00:00,21240.25,21240.75,21237.0,21237.0,67.0
2025-05-27 06:36:00+00:00,21245.25,21250.0,21240.25,21240.25,289.0
2025-05-27 06:37:00+00:00,21246.75,21246.75,21240.5,21244.25,121.0
2025-05-27 06:38:00+00:00,21244.5,21248.0,21244.5,21247.25,109.0
2025-05-27 06:39:00+00:00,21245.0,21245.0,21243.0,21244.5,38.0
2025-05-27 06:40:00+00:00,21242.25,21247.5,21241.75,21244.5,110.0
2025-05-27 06:41:00+00:00,21242.75,21243.5,21241.5,21241.5,44.0
2025-05-27 06:42:00+00:00,21247.0,21247.75,21243.5,21243.5,40.0
2025-05-27 06:43:00+00:00,21243.0,21247.5,21241.25,21247.0,75.0
2025-05-27 06:44:00+00:00,21247.5,21247.5,21243.5,21244.0,39.0
2025-05-27 06:45:00+00:00,21249.75,21251.25,21247.75,21247.75,225.0
2025-05-27 06:46:00+00:00,21252.5,21254.0,21245.75,21248.0,145.0
2025-05-27 06:47:00+00:00,21252.5,21254.25,21252.0,21253.0,55.0
2025-05-27 06:48:00+00:00,21250.0,21255.0,21249.25,21253.0,115.0
2025-05-27 06:49:00+00:00,21249.75,21251.25,21248.5,21250.0,40.0
2025-05-27 06:50:00+00:00,21250.25,21252.0,21248.75,21251.25,39.0
2025-05-27 06:51:00+00:00,21247.0,21252.5,21247.0,21249.75,65.0
2025-05-27 06:52:00+00:00,21252.0,21252.25,21247.25,21247.5,62.0
2025-05-27 06:53:00+00:00,21249.75,21252.5,21248.75,21252.0,46.0
2025-05-27 06:54:00+00:00,21248.0,21251.25,21247.25,21251.25,81.0
2025-05-27 06:55:00+00:00,21251.5,21251.5,21248.25,21249.0,46.0
2025-05-27 06:56:00+00:00,21252.0,21252.25,21250.5,21250.5,23.0
2025-05-27 06:57:00+00:00,21253.75,21254.5,21251.25,21252.0,95.0
2025-05-27 06:58:00+00:00,21251.0,21253.0,21250.5,21253.0,50.0
2025-05-27 06:59:00+00:00,21242.75,21250.5,21240.5,21250.5,172.0
2025-05-27 07:00:00+00:00,21244.0,21254.5,21240.5,21243.0,355.0
2025-05-27 07:01:00+00:00,21237.5,21245.0,21235.5,21243.5,219.0
2025-05-27 07:02:00+00:00,21246.0,21247.25,21236.5,21236.5,116.0
2025-05-27 07:03:00+00:00,21253.5,21256.25,21248.0,21248.0,239.0
2025-05-27 07:04:00+00:00,21258.25,21259.75,21254.5,21254.5,132.0
2025-05-27 07:05:00+00:00,21260.0,21263.0,21257.25,21259.5,185.0
2025-05-27 07:06:00+00:00,21262.0,21263.5,21258.25,21259.5,88.0
2025-05-27 07:07:00+00:00,21263.5,21268.0,21259.0,21262.5,203.0
2025-05-27 07:08:00+00:00,21266.0,21267.5,21262.25,21263.75,129.0
2025-05-27 07:09:00+00:00,21259.25,21265.75,21256.5,21265.75,128.0
2025-05-27 07:10:00+00:00,21263.25,21266.0,21259.25,21259.25,141.0
2025-05-27 07:11:00+00:00,21265.25,21265.25,21259.75,21265.25,55.0
2025-05-27 07:12:00+00:00,21255.25,21265.0,21255.25,21265.0,91.0
2025-05-27 07:13:00+00:00,21263.5,21263.5,21250.75,21255.0,164.0
2025-05-27 07:14:00+00:00,21269.25,21270.0,21263.0,21263.75,153.0
2025-05-27 07:15:00+00:00,21266.75,21271.0,21263.75,21269.0,210.0
2025-05-27 07:16:00+00:00,21269.0,21272.25,21267.0,21269.0,95.0
2025-05-27 07:17:00+00:00,21271.5,21273.75,21267.5,21269.25,86.0
2025-05-27 07:18:00+00:00,21272.25,21273.5,21270.25,21271.25,60.0
2025-05-27 07:19:00+00:00,21272.0,21273.75,21271.0,21272.0,105.0
2025-05-27 07:20:00+00:00,21276.75,21277.25,21274.25,21274.5,137.0
2025-05-27 07:21:00+00:00,21278.25,21280.0,21275.75,21276.75,131.0
2025-05-27 07:22:00+00:00,21282.75,21284.0,21279.0,21279.0,197.0
2025-05-27 07:23:00+00:00,21288.5,21290.0,21282.0,21283.5,303.0
2025-05-27 07:24:00+00:00,21288.0,21291.25,21286.5,21288.25,114.0
2025-05-27 07:25:00+00:00,21288.25,21294.5,21287.25,21289.0,284.0
2025-05-27 07:26:00+00:00,21296.0,21296.0,21289.25,21290.25,149.0
2025-05-27 07:27:00+00:00,21294.25,21299.5,21293.0,21294.5,194.0
2025-05-27 07:28:00+00:00,21290.75,21301.5,21290.25,21294.5,294.0
2025-05-27 07:29:00+00:00,21286.5,21296.75,21285.25,21290.0,305.0
2025-05-27 07:30:00+00:00,21299.0,21300.0,21284.25,21286.25,217.0
2025-05-27 07:31:00+00:00,21311.5,21316.0,21300.25,21300.25,907.0
2025-05-27 07:32:00+00:00,21304.5,21314.5,21301.5,21311.25,401.0
2025-05-27 07:33:00+00:00,21311.0,21312.25,21304.5,21304.5,207.0
2025-05-27 07:34:00+00:00,21315.0,21317.5,21308.75,21310.5,223.0
2025-05-27 07:35:00+00:00,21318.0,21319.75,21312.0,21316.0,188.0
2025-05-27 07:36:00+00:00,21318.0,21320.0,21315.75,21318.75,149.0
2025-05-27 07:37:00+00:00,21324.25,21325.75,21315.25,21318.0,339.0
2025-05-27 07:38:00+00:00,21321.25,21327.25,21321.25,21324.0,159.0
2025-05-27 07:39:00+00:00,21320.75,21322.0,21312.75,21322.0,200.0
2025-05-27 07:40:00+00:00,21320.25,21323.25,21317.75,21321.25,93.0
2025-05-27 07:41:00+00:00,21316.5,21321.5,21315.75,21321.0,74.0
2025-05-27 07:42:00+00:00,21322.75,21324.25,21317.0,21317.0,87.0
2025-05-27 07:43:00+00:00,21319.5,21323.5,21317.25,21323.0,137.0
2025-05-27 07:44:00+00:00,21317.0,21320.0,21314.5,21320.0,92.0
2025-05-27 07:45:00+00:00,21330.0,21330.75,21312.75,21315.5,289.0
2025-05-27 07:46:00+00:00,21341.75,21343.25,21326.5,21330.5,393.0
2025-05-27 07:47:00+00:00,21346.0,21348.25,21335.0,21341.0,491.0
2025-05-27 07:48:00+00:00,21348.75,21348.75,21341.0,21345.25,214.0
2025-05-27 07:49:00+00:00,21349.75,21354.5,21346.0,21348.75,312.0
2025-05-27 07:50:00+00:00,21353.75,21359.75,21347.5,21348.5,473.0
2025-05-27 07:51:00+00:00,21351.75,21358.75,21351.0,21355.5,215.0
2025-05-27 07:52:00+00:00,21347.75,21353.75,21347.75,21351.5,189.0
2025-05-27 07:53:00+00:00,21345.75,21350.25,21343.0,21347.25,228.0
2025-05-27 07:54:00+00:00,21343.75,21347.0,21341.25,21345.25,228.0
2025-05-27 07:55:00+00:00,21328.75,21344.25,21328.25,21344.25,509.0
2025-05-27 07:56:00+00:00,21337.75,21340.75,21320.5,21329.25,542.0
2025-05-27 07:57:00+00:00,21331.25,21342.0,21329.0,21336.75,252.0
2025-05-27 07:58:00+00:00,21333.5,21335.0,21330.0,21332.5,100.0
2025-05-27 07:59:00+00:00,21333.75,21335.75,21331.0,21332.75,50.0
2025-05-27 08:00:00+00:00,21322.0,21337.0,21321.75,21331.75,446.0
2025-05-27 08:01:00+00:00,21325.75,21330.0,21317.0,21322.5,289.0
2025-05-27 08:02:00+00:00,21323.0,21333.75,21317.5,21329.25,374.0
2025-05-27 08:03:00+00:00,21317.25,21329.0,21316.0,21324.5,197.0
2025-05-27 08:04:00+00:00,21317.0,21319.75,21313.5,21317.5,196.0
2025-05-27 08:05:00+00:00,21323.75,21327.5,21316.5,21317.75,230.0
2025-05-27 08:06:00+00:00,21326.5,21329.75,21324.75,21325.0,167.0
2025-05-27 08:07:00+00:00,21333.5,21333.5,21325.5,21325.5,122.0
2025-05-27 08:08:00+00:00,21334.75,21338.5,21331.0,21333.0,150.0
2025-05-27 08:09:00+00:00,21336.25,21342.0,21333.25,21333.5,154.0
2025-05-27 08:10:00+00:00,21336.0,21346.75,21333.0,21338.5,276.0
2025-05-27 08:11:00+00:00,21341.25,21344.5,21335.0,21336.75,205.0
2025-05-27 08:12:00+00:00,21340.5,21340.5,21335.0,21338.5,190.0
2025-05-27 08:13:00+00:00,21338.75,21342.5,21335.25,21341.5,263.0
2025-05-27 08:14:00+00:00,21332.75,21338.5,21330.0,21338.5,157.0
2025-05-27 08:15:00+00:00,21329.25,21334.5,21328.5,21330.75,106.0
2025-05-27 08:16:00+00:00,21338.25,21339.0,21330.75,21331.25,69.0
2025-05-27 08:17:00+00:00,21336.25,21343.5,21335.0,21338.25,206.0
2025-05-27 08:18:00+00:00,21331.75,21340.5,21328.25,21336.75,160.0
2025-05-27 08:19:00+00:00,21332.0,21333.0,21329.25,21331.5,51.0
2025-05-27 08:20:00+00:00,21323.0,21330.0,21322.75,21330.0,100.0
2025-05-27 08:21:00+00:00,21323.75,21326.25,21323.25,21323.25,77.0
2025-05-27 08:22:00+00:00,21328.75,21330.5,21322.0,21322.75,164.0
2025-05-27 08:23:00+00:00,21333.75,21336.5,21325.75,21329.25,137.0
2025-05-27 08:24:00+00:00,21327.0,21333.25,21326.5,21333.0,119.0
2025-05-27 08:25:00+00:00,21327.5,21330.0,21325.75,21326.75,39.0
2025-05-27 08:26:00+00:00,21325.0,21327.75,21323.5,21326.25,134.0
2025-05-27 08:27:00+00:00,21326.5,21329.25,21325.0,21325.0,69.0
2025-05-27 08:28:00+00:00,21326.75,21330.75,21325.0,21326.75,68.0
2025-05-27 08:29:00+00:00,21325.5,21326.75,21320.5,21325.75,103.0
2025-05-27 08:30:00+00:00,21323.75,21330.25,21323.5,21325.75,105.0
2025-05-27 08:31:00+00:00,21320.0,21323.0,21318.0,21323.0,98.0
2025-05-27 08:32:00+00:00,21323.5,21324.25,21318.25,21318.25,73.0
2025-05-27 08:33:00+00:00,21320.75,21324.25,21318.0,21323.75,51.0
2025-05-27 08:34:00+00:00,21324.25,21326.0,21321.5,21322.75,102.0
2025-05-27 08:35:00+00:00,21318.25,21325.25,21313.0,21325.0,153.0
2025-05-27 08:36:00+00:00,21314.0,21319.0,21313.5,21317.25,67.0
2025-05-27 08:37:00+00:00,21315.25,21316.0,21312.5,21313.75,66.0
2025-05-27 08:38:00+00:00,21324.25,21324.25,21314.25,21316.25,85.0
2025-05-27 08:39:00+00:00,21317.0,21324.25,21317.0,21323.75,60.0
2025-05-27 08:40:00+00:00,21326.25,21326.25,21316.25,21317.0,89.0
2025-05-27 08:41:00+00:00,21323.0,21328.0,21322.25,21326.5,56.0
2025-05-27 08:42:00+00:00,21329.75,21330.25,21321.0,21323.75,69.0
2025-05-27 08:43:00+00:00,21326.25,21333.75,21324.25,21330.25,129.0
2025-05-27 08:44:00+00:00,21328.0,21328.0,21322.75,21327.25,49.0
2025-05-27 08:45:00+00:00,21323.5,21331.25,21322.5,21330.5,52.0
2025-05-27 08:46:00+00:00,21322.25,21327.5,21322.25,21326.25,60.0
2025-05-27 08:47:00+00:00,21320.0,21324.0,21319.5,21321.5,60.0
2025-05-27 08:48:00+00:00,21317.25,21323.5,21317.0,21319.75,80.0
2025-05-27 08:49:00+00:00,21308.5,21318.5,21306.25,21317.5,232.0
2025-05-27 08:50:00+00:00,21300.25,21307.25,21300.25,21307.25,189.0
2025-05-27 08:51:00+00:00,21304.25,21306.25,21298.5,21300.5,153.0
2025-05-27 08:52:00+00:00,21308.0,21309.5,21304.0,21304.5,138.0
2025-05-27 08:53:00+00:00,21307.75,21309.5,21305.0,21307.5,70.0
2025-05-27 08:54:00+00:00,21304.0,21306.75,21304.0,21306.75,46.0
2025-05-27 08:55:00+00:00,21304.5,21306.75,21304.5,21304.5,103.0
2025-05-27 08:56:00+00:00,21313.75,21315.25,21305.0,21305.0,99.0
2025-05-27 08:57:00+00:00,21310.75,21315.75,21310.25,21315.5,52.0
2025-05-27 08:58:00+00:00,21310.5,21313.75,21308.5,21312.0,57.0
2025-05-27 08:59:00+00:00,21313.25,21315.5,21310.75,21311.25,110.0
2025-05-27 09:00:00+00:00,21312.5,21316.75,21310.0,21313.25,144.0
2025-05-27 09:01:00+00:00,21319.0,21319.5,21310.5,21312.75,87.0
2025-05-27 09:02:00+00:00,21324.75,21332.0,21320.0,21320.0,301.0
2025-05-27 09:03:00+00:00,21331.0,21331.5,21321.0,21326.0,194.0
2025-05-27 09:04:00+00:00,21334.0,21335.0,21329.5,21330.25,193.0
2025-05-27 09:05:00+00:00,21334.25,21335.5,21331.5,21334.75,103.0
2025-05-27 09:06:00+00:00,21334.75,21336.0,21332.0,21334.25,131.0
2025-05-27 09:07:00+00:00,21336.75,21338.25,21334.25,21334.25,103.0
2025-05-27 09:08:00+00:00,21340.0,21341.25,21336.25,21336.5,111.0
2025-05-27 09:09:00+00:00,21338.25,21340.25,21332.75,21340.25,151.0
2025-05-27 09:10:00+00:00,21337.75,21343.0,21337.0,21337.75,142.0
2025-05-27 09:11:00+00:00,21346.25,21347.5,21336.5,21337.5,150.0
2025-05-27 09:12:00+00:00,21347.0,21349.0,21344.75,21346.75,157.0
2025-05-27 09:13:00+00:00,21349.0,21350.0,21346.75,21348.0,141.0
2025-05-27 09:14:00+00:00,21349.0,21349.75,21345.0,21349.75,79.0
2025-05-27 09:15:00+00:00,21344.0,21350.5,21342.25,21349.75,128.0
2025-05-27 09:16:00+00:00,21341.0,21343.75,21339.0,21343.75,125.0
2025-05-27 09:17:00+00:00,21339.5,21340.75,21338.75,21340.25,73.0
2025-05-27 09:18:00+00:00,21334.5,21339.25,21334.0,21339.25,111.0
2025-05-27 09:19:00+00:00,21333.75,21336.0,21332.5,21335.0,47.0
2025-05-27 09:20:00+00:00,21330.0,21334.25,21330.0,21333.25,66.0
2025-05-27 09:21:00+00:00,21329.25,21331.75,21327.75,21330.0,59.0
2025-05-27 09:22:00+00:00,21330.25,21332.25,21328.0,21328.5,56.0
2025-05-27 09:23:00+00:00,21329.0,21330.25,21325.75,21330.25,69.0
2025-05-27 09:24:00+00:00,21323.75,21329.0,21322.75,21329.0,91.0
2025-05-27 09:25:00+00:00,21321.75,21325.0,21321.0,21323.5,70.0
2025-05-27 09:26:00+00:00,21318.75,21322.0,21318.5,21320.75,96.0
2025-05-27 09:27:00+00:00,21318.0,21318.75,21315.0,21318.75,72.0
2025-05-27 09:28:00+00:00,21320.0,21322.0,21317.5,21318.0,128.0
2025-05-27 09:29:00+00:00,21317.5,21320.0,21312.0,21319.25,132.0
2025-05-27 09:30:00+00:00,21317.5,21321.5,21314.5,21316.75,143.0
2025-05-27 09:40:00+00:00,21350.0,21352.25,21344.0,21351.80078125,1701.0
2025-05-27 09:41:00+00:00,21345.25,21351.25,21344.5,21349.5,101.0
2025-05-27 09:42:00+00:00,21337.5,21352.0,21337.5,21345.25,260.0
2025-05-27 09:43:00+00:00,21337.75,21338.5,21335.5,21337.25,95.0
2025-05-27 09:44:00+00:00,21343.25,21343.25,21337.25,21339.0,66.0
2025-05-27 09:45:00+00:00,21349.25,21352.0,21341.75,21344.0,136.0
2025-05-27 09:46:00+00:00,21349.75,21353.0,21347.5,21350.0,76.0
2025-05-27 09:47:00+00:00,21341.0,21348.5,21339.5,21348.5,78.0
2025-05-27 09:48:00+00:00,21338.0,21342.25,21338.0,21340.75,51.0
2025-05-27 09:49:00+00:00,21332.25,21338.25,21332.0,21338.25,107.0
2025-05-27 09:50:00+00:00,21333.75,21335.25,21331.0,21331.5,67.0
2025-05-27 09:51:00+00:00,21336.25,21337.0,21332.5,21333.75,70.0
2025-05-27 09:52:00+00:00,21337.25,21341.0,21334.75,21336.75,71.0
2025-05-27 09:53:00+00:00,21333.25,21337.5,21333.0,21337.0,40.0
2025-05-27 09:54:00+00:00,21334.5,21336.25,21332.0,21333.25,79.0
2025-05-27 09:55:00+00:00,21329.5,21334.5,21329.5,21333.5,49.0
2025-05-27 09:56:00+00:00,21334.0,21334.0,21332.25,21332.25,119.0
2025-05-27 09:57:00+00:00,21330.25,21336.25,21330.25,21334.25,45.0
2025-05-27 09:58:00+00:00,21332.5,21333.5,21331.5,21332.0,31.0
2025-05-27 09:59:00+00:00,21333.0,21334.5,21330.5,21331.75,41.0
2025-05-27 10:00:00+00:00,21333.0,21335.5,21332.5,21333.0,54.0
2025-05-27 10:01:00+00:00,21324.5,21334.25,21322.0,21333.5,112.0
2025-05-27 10:02:00+00:00,21326.5,21326.5,21323.25,21323.5,48.0
2025-05-27 10:03:00+00:00,21329.0,21329.75,21326.5,21327.0,32.0
2025-05-27 10:04:00+00:00,21329.5,21329.75,21326.75,21328.75,35.0
2025-05-27 10:05:00+00:00,21331.0,21333.5,21328.5,21330.0,61.0
2025-05-27 10:06:00+00:00,21328.5,21332.5,21328.5,21331.5,70.0
2025-05-27 10:07:00+00:00,21330.0,21336.5,21329.5,21330.5,119.0
2025-05-27 10:08:00+00:00,21333.5,21334.0,21328.0,21330.5,67.0
2025-05-27 10:09:00+00:00,21335.5,21335.75,21333.25,21334.0,34.0
2025-05-27 10:10:00+00:00,21328.5,21337.0,21328.0,21335.25,65.0
2025-05-27 10:11:00+00:00,21326.25,21329.0,21326.25,21328.5,32.0
2025-05-27 10:12:00+00:00,21328.0,21328.0,21323.0,21326.0,91.0
2025-05-27 10:13:00+00:00,21328.0,21329.0,21327.5,21328.5,48.0
2025-05-27 10:14:00+00:00,21332.5,21332.5,21328.5,21328.5,46.0
2025-05-27 10:15:00+00:00,21336.75,21338.25,21332.75,21332.75,69.0
2025-05-27 10:16:00+00:00,21340.0,21340.0,21334.0,21336.5,80.0
2025-05-27 10:17:00+00:00,21343.0,21343.75,21339.0,21340.0,79.0
2025-05-27 10:18:00+00:00,21339.75,21343.5,21339.25,21343.25,49.0
2025-05-27 10:19:00+00:00,21338.25,21339.5,21336.75,21338.75,56.0
2025-05-27 10:20:00+00:00,21338.75,21341.5,21337.75,21337.75,45.0
2025-05-27 10:21:00+00:00,21338.75,21339.25,21335.25,21338.75,42.0
2025-05-27 10:22:00+00:00,21338.5,21344.25,21337.0,21339.0,128.0
2025-05-27 10:23:00+00:00,21336.5,21340.0,21336.5,21339.25,34.0
2025-05-27 10:24:00+00:00,21338.0,21338.0,21335.0,21336.5,36.0
2025-05-27 10:25:00+00:00,21337.5,21338.75,21337.25,21337.25,22.0
2025-05-27 10:26:00+00:00,21346.25,21346.25,21337.5,21337.5,88.0
2025-05-27 10:27:00+00:00,21343.25,21346.5,21341.25,21345.75,71.0
2025-05-27 10:28:00+00:00,21342.75,21344.0,21341.5,21343.25,49.0
2025-05-27 10:29:00+00:00,21345.25,21345.25,21340.25,21342.5,74.0
2025-05-27 10:30:00+00:00,21329.25,21351.25,21325.0,21345.25,893.0
2025-05-27 10:31:00+00:00,21320.0,21328.5,21318.25,21328.5,286.0
2025-05-27 10:32:00+00:00,21331.5,21331.75,21320.25,21320.25,151.0
2025-05-27 10:33:00+00:00,21338.0,21338.5,21330.0,21331.5,114.0
2025-05-27 10:34:00+00:00,21336.25,21342.5,21334.25,21337.75,164.0
2025-05-27 10:35:00+00:00,21336.5,21337.75,21331.5,21337.0,96.0
2025-05-27 10:36:00+00:00,21333.5,21336.75,21333.5,21336.0,51.0
2025-05-27 10:37:00+00:00,21329.5,21333.5,21321.0,21333.5,140.0
2025-05-27 10:38:00+00:00,21331.75,21331.75,21326.25,21329.0,74.0
2025-05-27 10:39:00+00:00,21331.25,21332.5,21329.25,21331.5,71.0
2025-05-27 10:40:00+00:00,21318.0,21330.25,21315.75,21330.0,165.0
2025-05-27 10:41:00+00:00,21318.25,21320.0,21315.25,21317.25,50.0
2025-05-27 10:42:00+00:00,21320.25,21320.5,21316.0,21318.5,51.0
2025-05-27 10:43:00+00:00,21326.5,21327.0,21318.25,21320.5,89.0
2025-05-27 10:44:00+00:00,21329.5,21331.5,21327.25,21327.25,46.0
2025-05-27 10:45:00+00:00,21322.0,21329.0,21321.75,21328.5,69.0
2025-05-27 10:46:00+00:00,21319.0,21323.25,21318.0,21323.25,52.0
2025-05-27 10:47:00+00:00,21314.0,21320.0,21311.5,21319.25,104.0
2025-05-27 10:48:00+00:00,21312.75,21316.75,21312.75,21314.75,37.0
2025-05-27 10:49:00+00:00,21309.25,21314.5,21308.5,21312.75,135.0
2025-05-27 10:50:00+00:00,21308.0,21310.0,21306.0,21309.5,120.0
2025-05-27 10:51:00+00:00,21312.5,21313.75,21308.5,21308.5,68.0
2025-05-27 10:52:00+00:00,21311.25,21314.5,21310.25,21312.5,68.0
2025-05-27 10:53:00+00:00,21310.75,21313.25,21309.75,21311.75,37.0
2025-05-27 10:54:00+00:00,21311.0,21314.5,21310.75,21311.5,44.0
2025-05-27 10:55:00+00:00,21306.75,21311.25,21303.75,21311.0,198.0
2025-05-27 10:56:00+00:00,21308.0,21308.75,21304.75,21307.0,68.0
2025-05-27 10:57:00+00:00,21307.0,21310.0,21301.5,21309.0,149.0
2025-05-27 10:58:00+00:00,21305.5,21309.0,21303.25,21306.5,94.0
2025-05-27 10:59:00+00:00,21303.0,21307.0,21300.75,21306.0,60.0
2025-05-27 11:00:00+00:00,21294.5,21302.5,21293.0,21302.25,420.0
2025-05-27 11:01:00+00:00,21288.25,21294.0,21288.25,21294.0,239.0
2025-05-27 11:02:00+00:00,21286.75,21290.0,21280.5,21288.25,323.0
2025-05-27 11:03:00+00:00,21285.5,21287.5,21280.0,21287.5,205.0
2025-05-27 11:04:00+00:00,21284.0,21286.5,21282.0,21284.25,86.0
2025-05-27 11:05:00+00:00,21282.5,21285.75,21279.75,21283.75,134.0
2025-05-27 11:06:00+00:00,21277.75,21285.5,21276.25,21283.75,161.0
2025-05-27 11:07:00+00:00,21277.25,21278.0,21272.25,21277.5,218.0
2025-05-27 11:08:00+00:00,21285.25,21288.75,21275.25,21275.75,218.0
2025-05-27 11:09:00+00:00,21289.5,21291.75,21283.5,21285.25,169.0
2025-05-27 11:10:00+00:00,21290.5,21295.75,21288.5,21289.25,193.0
2025-05-27 11:11:00+00:00,21292.5,21294.25,21283.0,21290.0,262.0
2025-05-27 11:12:00+00:00,21288.5,21295.75,21285.75,21292.5,157.0
2025-05-27 11:13:00+00:00,21296.75,21297.75,21288.25,21290.0,169.0
2025-05-27 11:14:00+00:00,21296.75,21299.25,21295.75,21297.0,144.0
2025-05-27 11:15:00+00:00,21294.25,21300.0,21292.75,21297.0,143.0
2025-05-27 11:16:00+00:00,21287.75,21294.25,21286.75,21294.25,114.0
2025-05-27 11:17:00+00:00,21284.25,21287.75,21280.0,21287.75,184.0
2025-05-27 11:18:00+00:00,21282.0,21287.75,21281.5,21285.0,108.0
2025-05-27 11:19:00+00:00,21281.25,21286.5,21280.0,21282.75,84.0
2025-05-27 11:20:00+00:00,21287.75,21287.75,21278.75,21281.75,133.0
2025-05-27 11:21:00+00:00,21283.75,21290.0,21282.5,21288.0,101.0
2025-05-27 11:22:00+00:00,21279.0,21284.0,21279.0,21284.0,44.0
2025-05-27 11:23:00+00:00,21283.25,21283.25,21276.25,21279.5,105.0
2025-05-27 11:24:00+00:00,21281.25,21282.5,21280.0,21282.5,74.0
2025-05-27 11:25:00+00:00,21292.25,21292.25,21281.75,21282.0,201.0
2025-05-27 11:26:00+00:00,21292.25,21293.75,21288.0,21291.75,121.0
2025-05-27 11:27:00+00:00,21294.75,21295.0,21291.5,21292.5,66.0
2025-05-27 11:28:00+00:00,21296.25,21297.75,21293.25,21295.25,102.0
2025-05-27 11:29:00+00:00,21295.0,21296.5,21294.5,21295.75,33.0
2025-05-27 11:30:00+00:00,21295.0,21296.25,21292.25,21295.75,94.0
2025-05-27 11:31:00+00:00,21300.25,21301.0,21293.5,21295.25,134.0
2025-05-27 11:32:00+00:00,21303.25,21305.75,21298.5,21300.5,245.0
2025-05-27 11:33:00+00:00,21304.5,21306.25,21298.5,21303.25,156.0
2025-05-27 11:34:00+00:00,21309.0,21309.0,21303.75,21304.25,112.0
2025-05-27 11:35:00+00:00,21308.5,21309.25,21306.25,21307.25,107.0
2025-05-27 11:36:00+00:00,21305.5,21310.5,21305.0,21308.75,109.0
2025-05-27 11:37:00+00:00,21301.5,21304.75,21300.75,21304.5,108.0
2025-05-27 11:38:00+00:00,21305.0,21308.5,21301.0,21301.25,105.0
2025-05-27 11:39:00+00:00,21302.0,21307.5,21299.75,21304.75,102.0
2025-05-27 11:40:00+00:00,21300.25,21302.75,21296.25,21301.75,139.0
2025-05-27 11:41:00+00:00,21302.5,21304.5,21298.5,21301.0,54.0
2025-05-27 11:42:00+00:00,21307.25,21308.0,21305.0,21306.75,114.0
2025-05-27 11:43:00+00:00,21306.5,21309.25,21306.0,21307.5,65.0
2025-05-27 11:44:00+00:00,21301.25,21307.0,21300.75,21306.75,50.0
2025-05-27 11:45:00+00:00,21307.5,21308.0,21301.25,21301.25,92.0
2025-05-27 11:46:00+00:00,21307.25,21308.5,21303.75,21307.5,73.0
2025-05-27 11:47:00+00:00,21305.0,21310.25,21305.0,21307.75,90.0
2025-05-27 11:48:00+00:00,21302.75,21306.75,21302.75,21306.5,45.0
2025-05-27 11:49:00+00:00,21292.5,21302.75,21292.0,21302.5,254.0
2025-05-27 11:50:00+00:00,21298.5,21298.5,21291.5,21292.25,119.0
2025-05-27 11:51:00+00:00,21301.0,21301.5,21298.0,21299.0,69.0
2025-05-27 11:52:00+00:00,21300.25,21300.75,21297.5,21300.5,34.0
2025-05-27 11:53:00+00:00,21299.25,21302.75,21298.75,21301.0,72.0
2025-05-27 11:54:00+00:00,21304.5,21304.5,21298.75,21299.0,89.0
2025-05-27 11:55:00+00:00,21305.75,21306.0,21301.75,21304.0,95.0
2025-05-27 11:56:00+00:00,21304.25,21305.5,21301.5,21305.25,59.0
2025-05-27 11:57:00+00:00,21302.0,21305.5,21301.75,21305.25,92.0
2025-05-27 11:58:00+00:00,21301.75,21303.75,21301.25,21301.5,25.0
2025-05-27 11:59:00+00:00,21296.5,21300.75,21296.0,21300.75,96.0
2025-05-27 12:00:00+00:00,21295.5,21298.75,21292.75,21295.5,149.0
2025-05-27 12:01:00+00:00,21296.5,21300.75,21293.5,21295.5,122.0
2025-05-27 12:02:00+00:00,21300.25,21301.5,21295.25,21297.0,71.0
2025-05-27 12:03:00+00:00,21296.75,21302.25,21295.75,21301.0,67.0
2025-05-27 12:04:00+00:00,21294.75,21298.0,21293.0,21298.0,81.0
2025-05-27 12:05:00+00:00,21298.25,21299.5,21294.75,21295.25,60.0
2025-05-27 12:06:00+00:00,21298.75,21300.75,21293.75,21297.0,75.0
2025-05-27 12:07:00+00:00,21291.75,21302.0,21289.25,21299.5,162.0
2025-05-27 12:08:00+00:00,21292.75,21293.75,21287.5,21291.75,150.0
2025-05-27 12:09:00+00:00,21295.0,21296.25,21291.5,21292.75,85.0
2025-05-27 12:10:00+00:00,21293.0,21295.75,21290.75,21295.75,85.0
2025-05-27 12:11:00+00:00,21294.0,21295.75,21291.5,21294.0,71.0
2025-05-27 12:12:00+00:00,21295.75,21296.75,21293.0,21294.5,65.0
2025-05-27 12:13:00+00:00,21288.75,21295.25,21286.25,21295.25,201.0
2025-05-27 12:14:00+00:00,21283.75,21288.75,21282.0,21288.75,288.0
2025-05-27 12:15:00+00:00,21285.5,21288.25,21281.75,21283.0,189.0
2025-05-27 12:16:00+00:00,21281.5,21285.75,21279.25,21285.5,132.0
2025-05-27 12:17:00+00:00,21276.0,21283.0,21275.0,21282.25,186.0
2025-05-27 12:18:00+00:00,21282.0,21283.25,21275.0,21275.75,171.0
2025-05-27 12:19:00+00:00,21270.0,21284.0,21265.25,21281.75,612.0
2025-05-27 12:20:00+00:00,21293.75,21293.75,21264.5,21271.0,696.0
2025-05-27 12:21:00+00:00,21299.25,21305.0,21293.5,21294.75,564.0
2025-05-27 12:22:00+00:00,21292.75,21301.5,21292.0,21298.0,188.0
2025-05-27 12:23:00+00:00,21286.75,21293.75,21281.75,21292.75,230.0
2025-05-27 12:24:00+00:00,21288.5,21293.25,21286.25,21287.25,181.0
2025-05-27 12:25:00+00:00,21290.5,21293.0,21285.5,21289.0,105.0
2025-05-27 12:26:00+00:00,21288.0,21293.25,21288.0,21292.0,83.0
2025-05-27 12:27:00+00:00,21285.5,21291.75,21284.5,21287.75,80.0
2025-05-27 12:28:00+00:00,21288.75,21289.25,21285.25,21285.5,92.0
2025-05-27 12:29:00+00:00,21288.25,21289.5,21282.0,21288.5,175.0
2025-05-27 12:30:00+00:00,21287.25,21293.25,21285.25,21287.25,165.0
2025-05-27 12:31:00+00:00,21295.25,21299.75,21286.25,21287.0,242.0
2025-05-27 12:32:00+00:00,21294.25,21300.0,21293.25,21295.5,173.0
2025-05-27 12:33:00+00:00,21291.25,21296.5,21290.75,21294.5,159.0
2025-05-27 12:34:00+00:00,21296.5,21297.25,21287.0,21291.0,152.0
2025-05-27 12:35:00+00:00,21296.25,21301.0,21294.5,21296.75,128.0
2025-05-27 12:36:00+00:00,21291.0,21296.75,21289.75,21296.25,127.0
2025-05-27 12:37:00+00:00,21292.0,21296.5,21290.25,21291.5,89.0
2025-05-27 12:38:00+00:00,21282.25,21292.75,21280.5,21292.5,213.0
2025-05-27 12:39:00+00:00,21284.25,21285.25,21279.25,21282.75,178.0
2025-05-27 12:40:00+00:00,21278.0,21283.25,21276.5,21283.25,132.0
2025-05-27 12:41:00+00:00,21272.75,21279.0,21271.25,21277.5,291.0
2025-05-27 12:42:00+00:00,21270.25,21273.75,21259.0,21273.5,595.0
2025-05-27 12:43:00+00:00,21264.0,21270.0,21263.5,21269.75,253.0
2025-05-27 12:44:00+00:00,21264.25,21270.25,21259.5,21263.5,249.0
2025-05-27 12:45:00+00:00,21275.25,21279.0,21263.5,21263.75,285.0
2025-05-27 12:46:00+00:00,21277.75,21280.5,21275.0,21277.0,150.0
2025-05-27 12:47:00+00:00,21281.75,21282.25,21275.25,21277.0,160.0
2025-05-27 12:48:00+00:00,21280.75,21285.25,21278.5,21281.5,156.0
2025-05-27 12:49:00+00:00,21282.25,21283.25,21278.0,21281.25,155.0
2025-05-27 12:50:00+00:00,21268.5,21282.5,21268.5,21282.5,175.0
2025-05-27 12:51:00+00:00,21267.0,21270.5,21266.5,21268.5,151.0
2025-05-27 12:52:00+00:00,21264.75,21267.5,21259.5,21267.5,263.0
2025-05-27 12:53:00+00:00,21259.75,21266.75,21258.0,21265.75,246.0
2025-05-27 12:54:00+00:00,21257.25,21261.0,21255.75,21260.0,252.0
2025-05-27 12:55:00+00:00,21258.25,21259.75,21253.75,21257.0,189.0
2025-05-27 12:56:00+00:00,21269.75,21272.0,21258.5,21258.75,328.0
2025-05-27 12:57:00+00:00,21267.75,21269.25,21264.75,21269.25,204.0
2025-05-27 12:58:00+00:00,21274.0,21275.25,21266.25,21268.0,231.0
2025-05-27 12:59:00+00:00,21275.75,21278.75,21271.75,21275.0,215.0
2025-05-27 13:00:00+00:00,21276.0,21280.25,21273.25,21276.75,214.0
2025-05-27 13:01:00+00:00,21282.25,21282.75,21274.25,21276.0,231.0
2025-05-27 13:02:00+00:00,21281.0,21287.5,21280.75,21282.25,291.0
2025-05-27 13:03:00+00:00,21281.0,21283.75,21279.0,21281.75,124.0
2025-05-27 13:04:00+00:00,21288.5,21292.0,21280.0,21281.0,238.0
2025-05-27 13:05:00+00:00,21289.5,21291.0,21283.75,21288.5,160.0
2025-05-27 13:06:00+00:00,21294.25,21294.5,21289.25,21289.25,228.0
2025-05-27 13:07:00+00:00,21291.75,21297.75,21291.25,21295.0,174.0
2025-05-27 13:08:00+00:00,21296.25,21297.5,21292.25,21292.5,102.0
2025-05-27 13:09:00+00:00,21294.0,21296.25,21294.0,21296.0,133.0
2025-05-27 13:10:00+00:00,21297.25,21298.5,21294.0,21294.25,112.0
2025-05-27 13:11:00+00:00,21296.5,21299.75,21296.5,21297.5,154.0
2025-05-27 13:12:00+00:00,21300.0,21300.0,21294.75,21296.0,107.0
2025-05-27 13:13:00+00:00,21296.0,21296.5,21293.5,21293.5,231.0
2025-05-27 13:14:00+00:00,21296.75,21299.0,21295.5,21296.25,81.0
2025-05-27 13:15:00+00:00,21296.0,21300.75,21295.0,21297.0,241.0
2025-05-27 13:16:00+00:00,21301.0,21302.5,21296.5,21296.75,195.0
2025-05-27 13:17:00+00:00,21304.5,21305.25,21300.5,21301.0,253.0
2025-05-27 13:18:00+00:00,21306.25,21308.0,21302.25,21304.75,266.0
2025-05-27 13:19:00+00:00,21308.75,21312.0,21306.5,21306.5,313.0
2025-05-27 13:20:00+00:00,21312.75,21314.75,21306.75,21308.75,368.0
2025-05-27 13:21:00+00:00,21313.5,21315.25,21312.0,21313.25,219.0
2025-05-27 13:22:00+00:00,21304.5,21313.75,21304.25,21313.5,402.0
2025-05-27 13:23:00+00:00,21308.25,21311.5,21303.25,21304.25,323.0
2025-05-27 13:24:00+00:00,21303.5,21308.75,21302.75,21308.75,220.0
2025-05-27 13:25:00+00:00,21290.0,21303.75,21286.75,21303.75,1354.0
2025-05-27 13:26:00+00:00,21290.0,21294.75,21286.5,21290.0,568.0
2025-05-27 13:27:00+00:00,21266.75,21294.75,21265.0,21290.0,1192.0
2025-05-27 13:28:00+00:00,21268.0,21268.75,21255.0,21266.0,1188.0
2025-05-27 13:29:00+00:00,21259.25,21271.0,21254.75,21268.25,830.0
2025-05-27 13:30:00+00:00,21279.25,21284.5,21244.75,21259.5,4096.0
2025-05-27 13:31:00+00:00,21240.5,21283.0,21238.75,21278.0,2533.0
2025-05-27 13:32:00+00:00,21249.25,21266.75,21240.0,21240.75,2518.0
2025-05-27 13:33:00+00:00,21254.75,21259.75,21246.0,21249.0,1678.0
2025-05-27 13:34:00+00:00,21234.5,21258.25,21223.0,21254.5,2380.0
2025-05-27 13:35:00+00:00,21216.0,21237.5,21205.0,21234.75,3103.0
2025-05-27 13:36:00+00:00,21207.0,21217.75,21194.25,21215.25,2705.0
2025-05-27 13:37:00+00:00,21210.0,21218.75,21192.75,21206.75,2100.0
2025-05-27 13:38:00+00:00,21223.0,21224.5,21206.5,21211.0,1574.0
2025-05-27 13:39:00+00:00,21225.75,21228.0,21214.0,21222.75,1388.0
2025-05-27 13:40:00+00:00,21239.75,21245.75,21219.25,21226.0,2928.0
2025-05-27 13:41:00+00:00,21232.0,21243.25,21231.0,21239.0,1226.0
2025-05-27 13:42:00+00:00,21218.75,21236.5,21216.5,21232.25,1488.0
2025-05-27 13:43:00+00:00,21233.75,21239.0,21213.0,21217.5,1158.0
2025-05-27 13:44:00+00:00,21241.5,21244.0,21231.0,21232.5,870.0
2025-05-27 13:45:00+00:00,21248.0,21252.25,21237.25,21242.75,1534.0
2025-05-27 13:46:00+00:00,21255.25,21259.25,21244.5,21249.5,1116.0
2025-05-27 13:47:00+00:00,21262.25,21266.5,21252.5,21254.5,1127.0
2025-05-27 13:48:00+00:00,21274.0,21279.5,21262.0,21262.0,1665.0
2025-05-27 13:49:00+00:00,21265.75,21277.5,21261.5,21274.25,1070.0
2025-05-27 13:50:00+00:00,21281.25,21281.25,21249.75,21266.0,1750.0
2025-05-27 13:51:00+00:00,21272.75,21283.0,21268.0,21281.5,1109.0
2025-05-27 13:52:00+00:00,21275.0,21281.75,21267.25,21272.5,989.0
2025-05-27 13:53:00+00:00,21273.0,21276.0,21266.5,21275.25,469.0
2025-05-27 13:54:00+00:00,21274.25,21277.5,21258.0,21273.0,1482.0
2025-05-27 13:55:00+00:00,21285.0,21293.5,21272.75,21273.5,1757.0
2025-05-27 13:56:00+00:00,21288.75,21289.5,21281.25,21284.75,860.0
2025-05-27 13:57:00+00:00,21288.0,21291.0,21284.5,21289.25,701.0
2025-05-27 13:58:00+00:00,21293.75,21294.5,21286.5,21288.25,789.0
2025-05-27 13:59:00+00:00,21293.75,21297.5,21289.75,21293.5,811.0
2025-05-27 14:00:00+00:00,21324.25,21328.5,21292.25,21292.5,3752.0
2025-05-27 14:01:00+00:00,21326.5,21333.0,21319.0,21325.25,1676.0
2025-05-27 14:02:00+00:00,21331.5,21333.0,21324.0,21326.75,894.0
2025-05-27 14:03:00+00:00,21333.0,21338.0,21327.5,21332.0,1240.0
2025-05-27 14:04:00+00:00,21333.25,21342.5,21330.0,21334.25,1076.0
2025-05-27 14:05:00+00:00,21334.5,21342.75,21332.0,21333.75,1390.0
2025-05-27 14:06:00+00:00,21337.0,21341.0,21330.5,21334.75,775.0
2025-05-27 14:07:00+00:00,21337.5,21340.5,21329.25,21337.25,767.0
2025-05-27 14:08:00+00:00,21344.0,21345.0,21333.0,21337.0,1199.0
2025-05-27 14:09:00+00:00,21349.5,21352.25,21341.25,21344.25,1366.0
2025-05-27 14:10:00+00:00,21349.75,21353.5,21345.25,21349.75,1032.0
2025-05-27 14:11:00+00:00,21351.0,21355.25,21347.75,21350.5,685.0
2025-05-27 14:12:00+00:00,21361.5,21365.25,21344.75,21351.25,1913.0
2025-05-27 14:13:00+00:00,21362.75,21368.0,21356.5,21361.5,1009.0
2025-05-27 14:14:00+00:00,21350.25,21366.5,21349.0,21363.0,1322.0
2025-05-27 14:15:00+00:00,21351.0,21356.5,21346.75,21351.0,1071.0
2025-05-27 14:16:00+00:00,21355.0,21356.5,21347.5,21350.75,807.0
2025-05-27 14:17:00+00:00,21367.25,21371.0,21354.75,21356.25,1456.0
2025-05-27 14:18:00+00:00,21373.0,21374.5,21368.0,21368.0,1044.0
2025-05-27 14:19:00+00:00,21374.0,21375.25,21369.5,21372.75,852.0
2025-05-27 14:20:00+00:00,21374.25,21377.25,21366.0,21374.25,1418.0
2025-05-27 14:21:00+00:00,21369.0,21376.0,21365.0,21374.75,935.0
2025-05-27 14:22:00+00:00,21372.5,21376.75,21368.75,21369.25,841.0
2025-05-27 14:23:00+00:00,21371.0,21374.5,21369.0,21372.75,614.0
2025-05-27 14:24:00+00:00,21371.25,21374.0,21362.75,21370.5,888.0
2025-05-27 14:25:00+00:00,21373.25,21373.25,21365.5,21371.25,969.0
2025-05-27 14:26:00+00:00,21373.5,21383.5,21370.5,21373.25,1536.0
2025-05-27 14:27:00+00:00,21375.25,21380.0,21373.0,21373.75,850.0
2025-05-27 14:28:00+00:00,21378.75,21383.5,21375.0,21375.5,1057.0
2025-05-27 14:29:00+00:00,21369.75,21382.0,21365.75,21379.5,1141.0
2025-05-27 14:30:00+00:00,21379.5,21380.25,21368.0,21370.0,870.0
2025-05-27 14:31:00+00:00,21381.0,21382.25,21373.0,21380.0,754.0
2025-05-27 14:32:00+00:00,21381.0,21385.25,21379.5,21381.5,1173.0
2025-05-27 14:33:00+00:00,21375.25,21382.0,21373.0,21381.0,749.0
2025-05-27 14:34:00+00:00,21377.75,21383.75,21370.25,21375.5,615.0
2025-05-27 14:35:00+00:00,21376.25,21380.75,21373.0,21377.25,636.0
2025-05-27 14:36:00+00:00,21361.25,21377.75,21359.5,21376.0,1326.0
2025-05-27 14:37:00+00:00,21368.5,21369.0,21358.25,21361.5,1051.0
2025-05-27 14:38:00+00:00,21367.0,21373.5,21364.0,21368.75,771.0
2025-05-27 14:39:00+00:00,21379.25,21380.5,21365.0,21365.75,1271.0
2025-05-27 14:40:00+00:00,21383.5,21384.0,21370.75,21378.25,1131.0
2025-05-27 14:41:00+00:00,21372.0,21383.5,21367.0,21383.5,713.0
2025-05-27 14:42:00+00:00,21373.0,21380.0,21371.0,21371.75,525.0
2025-05-27 14:43:00+00:00,21370.5,21374.75,21367.0,21374.0,538.0
2025-05-27 14:44:00+00:00,21371.0,21374.5,21366.5,21371.25,474.0
2025-05-27 14:45:00+00:00,21378.0,21379.0,21367.75,21371.75,638.0
2025-05-27 14:46:00+00:00,21376.0,21381.25,21372.25,21378.25,917.0
2025-05-27 14:47:00+00:00,21377.0,21379.5,21374.0,21376.0,397.0
2025-05-27 14:48:00+00:00,21388.0,21389.5,21377.0,21377.25,1420.0
2025-05-27 14:49:00+00:00,21373.0,21388.25,21372.5,21387.5,1108.0
2025-05-27 14:50:00+00:00,21377.75,21379.0,21371.0,21372.75,778.0
2025-05-27 14:51:00+00:00,21374.75,21377.5,21369.0,21377.5,569.0
2025-05-27 14:52:00+00:00,21382.5,21384.25,21371.75,21375.5,943.0
2025-05-27 14:53:00+00:00,21381.0,21385.0,21379.0,21382.25,734.0
2025-05-27 14:54:00+00:00,21372.5,21381.25,21371.75,21381.25,765.0
2025-05-27 14:55:00+00:00,21370.25,21376.0,21366.5,21372.5,779.0
2025-05-27 14:56:00+00:00,21363.25,21371.0,21362.25,21370.0,823.0
2025-05-27 14:57:00+00:00,21364.0,21368.75,21362.25,21362.5,510.0
2025-05-27 14:59:00+00:00,21355.25,21357.0,21351.0,21354.25,2718.0
2025-05-27 15:00:00+00:00,21362.75,21365.75,21353.0,21355.5,1193.0
2025-05-27 15:01:00+00:00,21365.5,21368.75,21361.75,21361.75,649.0
2025-05-27 15:02:00+00:00,21369.25,21371.5,21364.75,21365.25,612.0
2025-05-27 15:03:00+00:00,21368.25,21370.25,21364.5,21369.5,526.0
2025-05-27 15:04:00+00:00,21368.5,21369.5,21365.75,21368.0,348.0
2025-05-27 15:05:00+00:00,21363.0,21368.75,21355.75,21368.25,844.0
2025-05-27 15:06:00+00:00,21366.5,21369.0,21360.0,21363.5,769.0
2025-05-27 15:07:00+00:00,21369.0,21371.25,21363.25,21366.5,540.0
2025-05-27 15:08:00+00:00,21369.25,21373.5,21364.75,21369.5,550.0
2025-05-27 15:09:00+00:00,21367.25,21374.0,21365.75,21369.0,745.0
2025-05-27 15:10:00+00:00,21372.25,21372.25,21364.5,21367.0,351.0
2025-05-27 15:11:00+00:00,21374.0,21379.25,21370.0,21371.5,898.0
2025-05-27 15:12:00+00:00,21374.5,21375.0,21364.5,21374.25,729.0
2025-05-27 15:13:00+00:00,21373.25,21375.0,21368.25,21374.75,685.0
2025-05-27 15:14:00+00:00,21378.5,21379.0,21370.25,21373.25,567.0
2025-05-27 15:15:00+00:00,21374.25,21380.0,21374.0,21378.0,894.0
2025-05-27 15:16:00+00:00,21376.25,21379.25,21373.0,21374.75,626.0
2025-05-27 15:17:00+00:00,21377.0,21378.25,21373.75,21376.25,342.0
2025-05-27 15:18:00+00:00,21380.5,21381.25,21373.25,21376.75,494.0
2025-05-27 15:19:00+00:00,21382.25,21385.5,21379.5,21380.0,868.0
2025-05-27 15:20:00+00:00,21380.25,21383.25,21378.75,21382.0,434.0
2025-05-27 15:21:00+00:00,21378.25,21384.0,21378.25,21380.0,464.0
2025-05-27 15:22:00+00:00,21371.75,21380.75,21367.25,21378.0,1111.0
2025-05-27 15:23:00+00:00,21372.5,21375.75,21367.5,21370.75,529.0
2025-05-27 15:24:00+00:00,21387.5,21388.25,21372.25,21372.5,968.0
2025-05-27 15:25:00+00:00,21387.25,21392.5,21384.25,21388.0,1278.0
2025-05-27 15:26:00+00:00,21391.0,21392.5,21384.5,21387.5,681.0
2025-05-27 15:27:00+00:00,21390.75,21392.5,21385.75,21391.25,531.0
2025-05-27 15:28:00+00:00,21398.5,21400.0,21389.0,21390.25,1588.0
2025-05-27 15:29:00+00:00,21390.25,21400.25,21388.25,21399.0,1024.0
2025-05-27 15:30:00+00:00,21384.5,21392.5,21379.75,21390.25,1092.0
2025-05-27 15:31:00+00:00,21389.75,21393.5,21383.0,21384.75,733.0
2025-05-27 15:32:00+00:00,21391.25,21394.0,21387.75,21389.25,493.0
2025-05-27 15:33:00+00:00,21390.5,21394.0,21388.25,21390.75,421.0
2025-05-27 15:34:00+00:00,21389.75,21393.25,21386.0,21391.0,440.0
2025-05-27 15:35:00+00:00,21387.0,21390.75,21383.75,21389.5,607.0
2025-05-27 15:36:00+00:00,21392.0,21392.25,21382.75,21386.5,468.0
2025-05-27 15:37:00+00:00,21389.0,21394.0,21387.0,21391.5,438.0
2025-05-27 15:38:00+00:00,21384.0,21389.75,21383.25,21389.0,331.0
2025-05-27 15:39:00+00:00,21383.25,21386.0,21380.25,21384.75,486.0
2025-05-27 15:40:00+00:00,21373.75,21383.75,21368.75,21383.5,870.0
2025-05-27 15:41:00+00:00,21375.25,21377.0,21371.0,21373.25,451.0
2025-05-27 15:42:00+00:00,21382.5,21384.5,21375.25,21375.25,587.0
2025-05-27 15:43:00+00:00,21386.5,21392.75,21380.75,21383.0,916.0
2025-05-27 15:44:00+00:00,21385.25,21388.75,21383.25,21387.0,443.0
2025-05-27 15:45:00+00:00,21385.25,21390.25,21385.0,21385.75,411.0
2025-05-27 15:46:00+00:00,21388.0,21388.0,21381.0,21385.75,495.0
2025-05-27 15:47:00+00:00,21386.75,21389.75,21386.0,21387.25,432.0
2025-05-27 15:48:00+00:00,21393.25,21395.5,21387.25,21387.25,627.0
2025-05-27 15:49:00+00:00,21393.5,21395.5,21390.5,21393.75,400.0
2025-05-27 15:50:00+00:00,21395.75,21396.75,21388.5,21392.75,579.0
2025-05-27 15:51:00+00:00,21399.0,21402.75,21393.5,21396.25,774.0
2025-05-27 15:52:00+00:00,21395.0,21399.5,21391.75,21398.75,580.0
2025-05-27 15:53:00+00:00,21398.75,21401.0,21394.0,21395.0,439.0
2025-05-27 15:54:00+00:00,21401.75,21406.5,21396.25,21399.25,1140.0
2025-05-27 15:55:00+00:00,21401.5,21406.25,21397.0,21401.75,809.0
2025-05-27 15:56:00+00:00,21395.0,21402.0,21390.25,21402.0,604.0
2025-05-27 15:57:00+00:00,21395.25,21396.25,21390.25,21394.5,454.0
2025-05-27 15:58:00+00:00,21395.25,21396.75,21391.5,21395.5,420.0
2025-05-27 15:59:00+00:00,21399.5,21401.0,21394.25,21394.75,382.0
2025-05-27 16:00:00+00:00,21405.5,21410.0,21395.5,21400.0,1016.0
2025-05-27 16:01:00+00:00,21404.5,21407.0,21398.75,21405.75,682.0
2025-05-27 16:02:00+00:00,21401.75,21413.0,21401.0,21405.25,1406.0
2025-05-27 16:03:00+00:00,21406.5,21410.0,21401.75,21401.75,642.0
2025-05-27 16:04:00+00:00,21409.5,21411.5,21406.0,21407.0,848.0
2025-05-27 16:05:00+00:00,21405.5,21410.0,21402.0,21409.25,463.0
2025-05-27 16:06:00+00:00,21406.25,21412.25,21405.0,21405.5,522.0
2025-05-27 16:07:00+00:00,21409.0,21410.25,21403.75,21406.0,437.0
2025-05-27 16:08:00+00:00,21413.5,21418.0,21408.0,21409.0,938.0
2025-05-27 16:09:00+00:00,21407.75,21414.5,21406.75,21413.25,716.0
2025-05-27 16:10:00+00:00,21411.5,21414.0,21406.5,21408.0,497.0
2025-05-27 16:11:00+00:00,21415.25,21416.0,21409.25,21412.0,485.0
2025-05-27 16:12:00+00:00,21415.75,21415.75,21411.0,21414.5,389.0
2025-05-27 16:13:00+00:00,21413.0,21417.0,21410.5,21416.0,490.0
2025-05-27 16:14:00+00:00,21414.25,21414.75,21411.75,21412.75,261.0
2025-05-27 16:15:00+00:00,21415.0,21419.75,21412.5,21414.0,705.0
2025-05-27 16:16:00+00:00,21416.5,21418.0,21410.25,21414.5,560.0
2025-05-27 16:17:00+00:00,21416.5,21418.75,21413.0,21417.0,385.0
2025-05-27 16:18:00+00:00,21414.5,21418.5,21413.5,21416.0,362.0
2025-05-27 16:19:00+00:00,21412.25,21415.75,21410.75,21414.25,447.0
2025-05-27 16:20:00+00:00,21416.75,21419.25,21411.5,21412.25,551.0
2025-05-27 16:21:00+00:00,21418.0,21422.25,21416.25,21417.0,764.0
2025-05-27 16:22:00+00:00,21420.25,21424.0,21417.5,21417.5,539.0
2025-05-27 16:23:00+00:00,21423.0,21424.5,21419.75,21420.5,549.0
2025-05-27 16:24:00+00:00,21423.75,21424.0,21417.5,21423.25,637.0
2025-05-27 16:25:00+00:00,21421.5,21424.25,21418.75,21423.75,461.0
2025-05-27 16:26:00+00:00,21420.5,21422.25,21419.0,21421.5,276.0
2025-05-27 16:27:00+00:00,21419.75,21421.75,21417.75,21420.25,252.0
2025-05-27 16:28:00+00:00,21412.0,21422.5,21410.0,21420.5,602.0
2025-05-27 16:29:00+00:00,21411.75,21417.25,21410.5,21412.0,551.0
2025-05-27 16:30:00+00:00,21416.75,21417.25,21410.25,21411.25,447.0
2025-05-27 16:31:00+00:00,21417.75,21419.25,21414.5,21416.5,403.0
2025-05-27 16:32:00+00:00,21418.75,21419.5,21416.25,21417.5,244.0
2025-05-27 16:33:00+00:00,21420.25,21421.75,21416.5,21418.75,414.0
2025-05-27 16:34:00+00:00,21415.0,21420.0,21412.25,21420.0,596.0
2025-05-27 16:35:00+00:00,21419.5,21420.75,21413.0,21414.75,426.0
2025-05-27 16:36:00+00:00,21426.0,21428.75,21418.75,21419.25,1163.0
2025-05-27 16:37:00+00:00,21425.5,21428.5,21424.0,21426.25,606.0
2025-05-27 16:38:00+00:00,21433.0,21443.0,21422.75,21425.25,938.0
2025-05-27 16:39:00+00:00,21449.75,21452.5,21429.0,21432.0,3294.0
2025-05-27 16:40:00+00:00,21452.75,21455.5,21447.25,21449.25,1390.0
2025-05-27 16:41:00+00:00,21450.75,21456.0,21445.25,21453.25,1010.0
2025-05-27 16:42:00+00:00,21449.5,21459.25,21449.0,21451.25,837.0
2025-05-27 16:43:00+00:00,21442.5,21450.25,21442.5,21449.5,763.0
2025-05-27 16:44:00+00:00,21445.25,21448.5,21442.0,21443.5,632.0
2025-05-27 16:45:00+00:00,21442.0,21449.25,21439.25,21444.75,876.0
2025-05-27 16:46:00+00:00,21442.75,21445.0,21439.0,21441.5,715.0
2025-05-27 16:47:00+00:00,21440.75,21443.25,21436.0,21443.0,707.0
2025-05-27 16:48:00+00:00,21438.5,21442.5,21436.25,21441.0,474.0
2025-05-27 16:49:00+00:00,21437.5,21439.0,21431.75,21437.75,643.0
2025-05-27 16:50:00+00:00,21439.25,21440.75,21435.75,21438.0,584.0
2025-05-27 16:51:00+00:00,21436.25,21439.75,21435.25,21439.75,434.0
2025-05-27 16:52:00+00:00,21444.5,21444.5,21436.25,21437.0,610.0
2025-05-27 16:53:00+00:00,21442.0,21444.5,21439.25,21444.0,462.0
2025-05-27 16:54:00+00:00,21440.25,21442.75,21437.0,21442.0,416.0
2025-05-27 16:55:00+00:00,21436.5,21441.75,21434.25,21440.0,394.0
2025-05-27 16:56:00+00:00,21433.75,21438.25,21433.0,21437.0,375.0
2025-05-27 16:57:00+00:00,21434.0,21435.5,21431.25,21433.75,395.0
2025-05-27 16:58:00+00:00,21439.5,21441.5,21430.25,21433.75,865.0
2025-05-27 16:59:00+00:00,21430.25,21441.0,21430.0,21440.25,596.0
2025-05-27 17:00:00+00:00,21435.5,21435.75,21430.0,21430.5,642.0
2025-05-27 17:01:00+00:00,21442.25,21445.0,21434.25,21435.0,654.0
2025-05-27 17:02:00+00:00,21445.5,21448.75,21440.5,21442.75,1083.0
2025-05-27 17:03:00+00:00,21447.75,21448.75,21441.5,21445.25,513.0
2025-05-27 17:04:00+00:00,21446.75,21449.25,21443.25,21447.75,465.0
2025-05-27 17:05:00+00:00,21442.75,21446.5,21442.75,21446.0,324.0
2025-05-27 17:06:00+00:00,21446.25,21449.25,21443.0,21443.25,321.0
2025-05-27 17:07:00+00:00,21446.25,21449.5,21445.75,21446.5,407.0
2025-05-27 17:08:00+00:00,21447.25,21451.0,21445.25,21446.5,389.0
2025-05-27 17:09:00+00:00,21444.0,21446.75,21441.0,21446.5,404.0
2025-05-27 17:10:00+00:00,21441.25,21447.25,21440.5,21444.5,478.0
2025-05-27 17:11:00+00:00,21438.5,21443.25,21437.75,21441.75,378.0
2025-05-27 17:12:00+00:00,21440.5,21441.75,21438.0,21438.0,280.0
2025-05-27 17:13:00+00:00,21446.75,21448.25,21439.75,21440.5,354.0
2025-05-27 17:14:00+00:00,21447.5,21451.5,21445.0,21447.0,468.0
2025-05-27 17:15:00+00:00,21450.0,21450.75,21444.25,21447.25,385.0
2025-05-27 17:16:00+00:00,21450.75,21454.5,21446.0,21449.75,711.0
2025-05-27 17:17:00+00:00,21452.5,21453.5,21450.0,21450.75,394.0
2025-05-27 17:18:00+00:00,21450.25,21452.75,21448.25,21452.75,350.0
2025-05-27 17:19:00+00:00,21459.75,21464.5,21449.5,21450.0,1294.0
2025-05-27 17:20:00+00:00,21465.25,21467.25,21458.5,21459.75,977.0
2025-05-27 17:21:00+00:00,21464.5,21466.25,21460.75,21465.25,952.0
2025-05-27 17:22:00+00:00,21463.5,21466.25,21461.25,21464.25,443.0
2025-05-27 17:23:00+00:00,21455.25,21463.75,21455.0,21463.0,546.0
2025-05-27 17:24:00+00:00,21461.25,21461.5,21454.25,21455.25,545.0
2025-05-27 17:25:00+00:00,21459.75,21462.75,21458.5,21461.25,422.0
2025-05-27 17:26:00+00:00,21451.0,21460.25,21449.75,21459.75,500.0
2025-05-27 17:27:00+00:00,21450.25,21455.75,21449.5,21450.75,560.0
2025-05-27 17:28:00+00:00,21458.25,21459.0,21450.0,21450.25,469.0
2025-05-27 17:29:00+00:00,21455.0,21459.75,21453.75,21457.5,397.0
2025-05-27 17:30:00+00:00,21450.75,21456.0,21449.0,21455.25,686.0
2025-05-27 17:31:00+00:00,21447.5,21452.0,21446.75,21450.75,461.0
2025-05-27 17:32:00+00:00,21448.0,21450.25,21445.0,21447.5,447.0
2025-05-27 17:33:00+00:00,21448.25,21449.75,21445.0,21447.75,331.0
2025-05-27 17:34:00+00:00,21449.75,21455.25,21446.0,21448.25,512.0
2025-05-27 17:35:00+00:00,21450.75,21456.0,21449.5,21449.75,420.0
2025-05-27 17:36:00+00:00,21450.75,21454.0,21448.25,21450.75,320.0
2025-05-27 17:37:00+00:00,21449.75,21450.75,21445.25,21450.25,410.0
2025-05-27 17:38:00+00:00,21449.25,21453.0,21448.5,21449.5,278.0
2025-05-27 17:39:00+00:00,21450.5,21452.75,21447.5,21449.25,280.0
2025-05-27 17:40:00+00:00,21456.75,21457.5,21446.5,21450.0,613.0
2025-05-27 17:41:00+00:00,21456.0,21461.75,21454.5,21456.75,678.0
2025-05-27 17:42:00+00:00,21458.5,21460.0,21455.25,21456.0,314.0
2025-05-27 17:43:00+00:00,21458.5,21462.0,21456.75,21458.0,486.0
2025-05-27 17:44:00+00:00,21459.5,21462.75,21458.25,21458.75,310.0
2025-05-27 17:45:00+00:00,21462.5,21465.25,21459.0,21459.25,653.0
2025-05-27 17:46:00+00:00,21460.25,21464.25,21454.5,21463.0,552.0
2025-05-27 17:47:00+00:00,21462.5,21462.5,21457.25,21460.25,250.0
2025-05-27 17:48:00+00:00,21467.75,21470.75,21461.0,21462.0,780.0
2025-05-27 17:49:00+00:00,21469.5,21470.25,21466.0,21467.5,547.0
2025-05-27 17:50:00+00:00,21472.0,21473.25,21468.75,21469.75,1027.0
2025-05-27 17:51:00+00:00,21467.25,21472.25,21463.5,21472.25,737.0
2025-05-27 17:52:00+00:00,21468.0,21469.0,21465.75,21467.25,298.0
2025-05-27 17:53:00+00:00,21463.0,21467.75,21462.5,21467.75,319.0
2025-05-27 17:54:00+00:00,21468.25,21468.25,21463.5,21463.5,338.0
2025-05-27 17:55:00+00:00,21469.75,21471.5,21467.0,21468.5,635.0
2025-05-27 17:56:00+00:00,21470.0,21472.0,21468.75,21470.0,395.0
2025-05-27 17:57:00+00:00,21474.25,21478.0,21468.5,21469.75,913.0
2025-05-27 17:58:00+00:00,21476.5,21480.25,21473.75,21474.25,1051.0
2025-05-27 17:59:00+00:00,21476.75,21479.75,21475.0,21476.5,592.0
2025-05-27 18:00:00+00:00,21481.0,21483.0,21473.5,21476.5,1133.0
2025-05-27 18:01:00+00:00,21481.5,21488.5,21480.75,21481.0,1209.0
2025-05-27 18:02:00+00:00,21474.0,21484.0,21471.5,21481.5,972.0
2025-05-27 18:03:00+00:00,21473.75,21476.25,21469.5,21473.75,639.0
2025-05-27 18:04:00+00:00,21472.75,21475.25,21471.5,21474.25,369.0
2025-05-27 18:05:00+00:00,21473.5,21474.0,21468.0,21473.0,562.0
2025-05-27 18:06:00+00:00,21477.25,21477.75,21472.5,21474.25,479.0
2025-05-27 18:07:00+00:00,21478.5,21480.0,21473.0,21477.25,565.0
2025-05-27 18:08:00+00:00,21475.25,21478.75,21473.75,21478.5,357.0
2025-05-27 18:09:00+00:00,21475.0,21477.25,21473.0,21475.0,274.0
2025-05-27 18:10:00+00:00,21475.5,21476.25,21471.75,21474.75,265.0
2025-05-27 18:11:00+00:00,21472.25,21476.0,21471.5,21475.75,289.0
2025-05-27 18:12:00+00:00,21471.5,21473.0,21469.0,21473.0,414.0
2025-05-27 18:13:00+00:00,21477.0,21477.75,21469.0,21471.5,652.0
2025-05-27 18:14:00+00:00,21478.5,21479.5,21476.5,21477.25,691.0
2025-05-27 18:15:00+00:00,21476.5,21481.5,21476.0,21478.75,476.0
2025-05-27 18:16:00+00:00,21467.0,21478.0,21465.5,21476.5,1016.0
2025-05-27 18:17:00+00:00,21469.25,21471.5,21467.0,21467.5,579.0
2025-05-27 18:18:00+00:00,21467.0,21471.5,21466.25,21469.0,413.0
2025-05-27 18:19:00+00:00,21467.5,21472.25,21466.5,21467.0,437.0
2025-05-27 18:20:00+00:00,21460.0,21467.0,21459.25,21466.75,1165.0
2025-05-27 18:21:00+00:00,21459.75,21462.25,21458.0,21460.0,573.0
2025-05-27 18:22:00+00:00,21457.25,21460.0,21451.25,21459.25,929.0
2025-05-27 18:23:00+00:00,21465.25,21466.5,21457.75,21457.75,825.0
2025-05-27 18:24:00+00:00,21465.0,21466.25,21461.5,21465.5,377.0
2025-05-27 18:25:00+00:00,21469.25,21470.5,21462.25,21464.75,563.0
2025-05-27 18:26:00+00:00,21466.5,21470.75,21465.25,21469.5,604.0
2025-05-27 18:27:00+00:00,21466.5,21469.5,21463.0,21466.5,316.0
2025-05-27 18:28:00+00:00,21461.75,21467.5,21460.5,21467.0,496.0
2025-05-27 18:29:00+00:00,21461.25,21463.75,21459.25,21461.25,292.0
2025-05-27 18:30:00+00:00,21466.0,21468.0,21460.0,21461.75,554.0
2025-05-27 18:31:00+00:00,21461.75,21466.25,21460.25,21465.75,368.0
2025-05-27 18:32:00+00:00,21459.75,21462.25,21457.75,21461.75,376.0
2025-05-27 18:33:00+00:00,21459.75,21463.5,21458.75,21459.5,299.0
2025-05-27 18:34:00+00:00,21461.5,21462.5,21456.5,21459.5,459.0
2025-05-27 18:35:00+00:00,21462.75,21465.0,21459.25,21461.0,335.0
2025-05-27 18:36:00+00:00,21457.25,21463.75,21455.5,21462.5,579.0
2025-05-27 18:37:00+00:00,21456.0,21461.25,21455.25,21456.75,379.0
2025-05-27 18:38:00+00:00,21458.75,21460.75,21456.0,21456.0,254.0
2025-05-27 18:39:00+00:00,21459.0,21462.75,21457.0,21459.0,292.0
2025-05-27 18:40:00+00:00,21454.5,21460.0,21452.5,21459.25,604.0
2025-05-27 18:41:00+00:00,21451.25,21454.5,21447.5,21454.5,737.0
2025-05-27 18:42:00+00:00,21448.25,21452.0,21446.5,21451.0,593.0
2025-05-27 18:43:00+00:00,21447.0,21450.0,21446.0,21448.5,533.0
2025-05-27 18:44:00+00:00,21450.0,21450.5,21443.75,21446.75,799.0
2025-05-27 18:45:00+00:00,21450.75,21453.0,21448.5,21449.75,716.0
2025-05-27 18:46:00+00:00,21458.5,21458.75,21450.0,21450.75,729.0
2025-05-27 18:47:00+00:00,21455.0,21458.75,21453.75,21458.75,524.0
2025-05-27 18:48:00+00:00,21454.75,21457.75,21453.25,21455.0,369.0
2025-05-27 18:49:00+00:00,21455.75,21455.75,21452.0,21454.75,379.0
2025-05-27 18:50:00+00:00,21457.75,21460.0,21453.5,21455.0,533.0
2025-05-27 18:51:00+00:00,21454.0,21459.5,21450.25,21457.5,408.0
2025-05-27 18:52:00+00:00,21451.5,21455.25,21448.0,21454.0,445.0
2025-05-27 18:53:00+00:00,21452.5,21453.5,21449.25,21451.0,254.0
2025-05-27 18:54:00+00:00,21451.25,21453.5,21450.25,21452.25,224.0
2025-05-27 18:55:00+00:00,21448.75,21454.0,21448.25,21451.25,391.0
2025-05-27 18:56:00+00:00,21446.0,21449.5,21442.5,21448.75,827.0
2025-05-27 18:57:00+00:00,21447.5,21451.25,21445.75,21445.75,484.0
2025-05-27 18:58:00+00:00,21446.0,21448.25,21444.75,21447.0,463.0
2025-05-27 18:59:00+00:00,21442.75,21447.5,21440.75,21445.75,615.0
2025-05-27 19:00:00+00:00,21437.5,21442.5,21431.25,21442.5,1710.0
2025-05-27 19:01:00+00:00,21440.0,21440.0,21433.5,21437.0,696.0
2025-05-27 19:02:00+00:00,21436.75,21444.5,21434.75,21439.75,847.0
2025-05-27 19:03:00+00:00,21435.0,21438.5,21433.0,21436.75,801.0
2025-05-27 19:04:00+00:00,21435.0,21436.5,21432.25,21434.5,770.0
2025-05-27 19:05:00+00:00,21443.5,21445.0,21432.25,21435.25,796.0
2025-05-27 19:06:00+00:00,21440.75,21443.75,21439.75,21443.0,416.0
2025-05-27 19:07:00+00:00,21447.25,21448.5,21440.0,21441.0,790.0
2025-05-27 19:08:00+00:00,21445.0,21448.5,21442.5,21447.5,407.0
2025-05-27 19:09:00+00:00,21443.5,21446.25,21439.75,21445.25,392.0
2025-05-27 19:10:00+00:00,21442.0,21444.0,21437.5,21442.75,519.0
2025-05-27 19:11:00+00:00,21434.5,21441.25,21432.25,21441.25,498.0
2025-05-27 19:12:00+00:00,21438.0,21439.5,21431.0,21434.5,617.0
2025-05-27 19:13:00+00:00,21432.25,21437.25,21431.0,21437.25,436.0
2025-05-27 19:14:00+00:00,21434.5,21435.75,21430.25,21432.0,466.0
2025-05-27 19:15:00+00:00,21437.0,21439.0,21432.25,21434.5,592.0
2025-05-27 19:16:00+00:00,21431.75,21437.25,21429.25,21436.75,627.0
2025-05-27 19:17:00+00:00,21430.25,21435.25,21430.25,21431.5,472.0
2025-05-27 19:18:00+00:00,21433.5,21437.0,21428.75,21430.25,562.0
2025-05-27 19:19:00+00:00,21440.25,21441.5,21433.75,21433.75,715.0
2025-05-27 19:20:00+00:00,21431.75,21442.75,21431.0,21440.75,698.0
2025-05-27 19:21:00+00:00,21437.0,21437.75,21430.75,21431.5,386.0
2025-05-27 19:22:00+00:00,21443.0,21444.25,21436.0,21436.75,522.0
2025-05-27 19:23:00+00:00,21446.25,21447.25,21440.5,21443.5,885.0
2025-05-27 19:24:00+00:00,21444.5,21449.0,21440.75,21446.25,802.0
2025-05-27 19:25:00+00:00,21440.25,21445.25,21438.25,21444.0,471.0
2025-05-27 19:26:00+00:00,21439.0,21441.0,21436.25,21440.5,413.0
2025-05-27 19:27:00+00:00,21437.5,21441.0,21434.25,21439.5,526.0
2025-05-27 19:28:00+00:00,21438.75,21440.75,21434.75,21437.0,453.0
2025-05-27 19:29:00+00:00,21436.5,21441.0,21436.25,21438.25,341.0
2025-05-27 19:30:00+00:00,21432.5,21438.0,21430.5,21436.75,807.0
2025-05-27 19:31:00+00:00,21416.25,21433.25,21416.0,21432.0,1688.0
2025-05-27 19:32:00+00:00,21419.5,21423.25,21414.25,21416.0,1181.0
2025-05-27 19:33:00+00:00,21421.5,21422.25,21416.0,21419.25,706.0
2025-05-27 19:34:00+00:00,21431.75,21432.75,21420.5,21422.0,649.0
2025-05-27 19:35:00+00:00,21424.75,21434.5,21423.5,21431.75,1059.0
2025-05-27 19:36:00+00:00,21424.5,21425.5,21418.5,21424.0,754.0
2025-05-27 19:37:00+00:00,21423.75,21425.5,21418.75,21425.0,696.0
2025-05-27 19:38:00+00:00,21424.25,21426.25,21421.0,21423.25,506.0
2025-05-27 19:39:00+00:00,21432.0,21434.0,21423.75,21424.25,915.0
2025-05-27 19:40:00+00:00,21427.75,21433.75,21427.75,21432.5,647.0
2025-05-27 19:41:00+00:00,21440.5,21441.5,21428.0,21428.0,895.0
2025-05-27 19:42:00+00:00,21442.75,21444.75,21439.5,21440.0,835.0
2025-05-27 19:43:00+00:00,21442.75,21444.25,21433.0,21442.5,1202.0
2025-05-27 19:44:00+00:00,21438.5,21445.75,21437.25,21443.25,808.0
2025-05-27 19:45:00+00:00,21434.0,21439.5,21432.5,21438.25,717.0
2025-05-27 19:46:00+00:00,21426.0,21434.5,21423.5,21434.25,1046.0
2025-05-27 19:47:00+00:00,21434.0,21437.5,21422.0,21426.25,1043.0
2025-05-27 19:48:00+00:00,21433.0,21434.0,21428.5,21433.75,557.0
2025-05-27 19:49:00+00:00,21426.75,21432.75,21424.25,21432.25,638.0
2025-05-27 19:50:00+00:00,21436.25,21441.75,21418.75,21426.75,1849.0
2025-05-27 19:51:00+00:00,21428.5,21440.25,21423.75,21439.75,1415.0
2025-05-27 19:52:00+00:00,21436.5,21439.75,21427.0,21429.25,1329.0
2025-05-27 19:53:00+00:00,21435.75,21437.0,21430.5,21437.0,1750.0
2025-05-27 19:54:00+00:00,21450.5,21456.25,21433.0,21436.5,2890.0
2025-05-27 19:55:00+00:00,21457.5,21466.0,21446.0,21450.5,2414.0
2025-05-27 19:56:00+00:00,21462.0,21462.0,21453.75,21457.75,1370.0
2025-05-27 19:57:00+00:00,21460.25,21464.0,21458.0,21461.75,1511.0
2025-05-27 19:58:00+00:00,21454.5,21461.0,21453.5,21460.25,1782.0
2025-05-27 19:59:00+00:00,21466.5,21469.5,21448.0,21454.0,8970.0
2025-05-27 20:00:00+00:00,21454.75,21473.25,21453.5,21465.5,4039.0
2025-05-27 20:01:00+00:00,21455.0,21466.75,21452.75,21454.5,1848.0
2025-05-27 20:02:00+00:00,21451.5,21458.0,21450.0,21455.0,1150.0
2025-05-27 20:03:00+00:00,21453.5,21454.0,21447.25,21451.25,809.0
2025-05-27 20:04:00+00:00,21447.75,21455.75,21446.5,21453.5,774.0
2025-05-27 20:05:00+00:00,21445.5,21448.5,21443.5,21447.25,533.0
2025-05-27 20:06:00+00:00,21451.0,21452.25,21444.5,21445.25,505.0
2025-05-27 20:07:00+00:00,21456.0,21456.5,21449.0,21450.5,359.0
2025-05-27 20:08:00+00:00,21466.25,21466.25,21456.5,21456.5,529.0
2025-05-27 20:09:00+00:00,21470.25,21472.25,21463.75,21465.75,557.0
2025-05-27 20:10:00+00:00,21469.75,21470.75,21463.0,21469.75,361.0
2025-05-27 20:11:00+00:00,21469.5,21472.25,21466.75,21470.0,437.0
2025-05-27 20:12:00+00:00,21471.75,21473.25,21467.0,21469.5,420.0
2025-05-27 20:13:00+00:00,21469.5,21474.75,21469.5,21471.0,358.0
2025-05-27 20:14:00+00:00,21471.5,21473.75,21467.75,21469.5,340.0
2025-05-27 20:15:00+00:00,21474.5,21475.0,21470.25,21472.0,266.0
2025-05-27 20:16:00+00:00,21470.25,21474.75,21469.5,21474.5,213.0
2025-05-27 20:17:00+00:00,21469.25,21471.5,21468.75,21469.5,117.0
2025-05-27 20:18:00+00:00,21474.0,21474.5,21468.75,21469.0,181.0
2025-05-27 20:19:00+00:00,21475.5,21476.5,21472.5,21474.0,144.0
2025-05-27 20:20:00+00:00,21475.0,21476.5,21474.0,21475.25,160.0
2025-05-27 20:21:00+00:00,21470.25,21474.75,21469.25,21474.75,178.0
2025-05-27 20:22:00+00:00,21468.75,21471.0,21467.5,21470.25,108.0
2025-05-27 20:23:00+00:00,21468.5,21470.25,21467.75,21469.25,105.0
2025-05-27 20:24:00+00:00,21470.5,21470.5,21466.25,21468.0,79.0
2025-05-27 20:25:00+00:00,21469.25,21470.5,21469.25,21470.5,45.0
2025-05-27 20:26:00+00:00,21467.0,21469.5,21467.0,21469.25,45.0
2025-05-27 20:27:00+00:00,21471.0,21471.0,21467.5,21467.5,83.0
2025-05-27 20:28:00+00:00,21466.25,21471.0,21466.0,21470.75,147.0
2025-05-27 20:29:00+00:00,21464.5,21467.0,21464.0,21466.75,69.0
2025-05-27 20:30:00+00:00,21464.25,21465.0,21461.0,21465.0,114.0
2025-05-27 20:31:00+00:00,21462.5,21464.0,21460.75,21464.0,99.0
2025-05-27 20:32:00+00:00,21464.25,21466.0,21462.75,21463.0,93.0
2025-05-27 20:33:00+00:00,21464.0,21466.0,21464.0,21465.0,83.0
2025-05-27 20:34:00+00:00,21466.5,21466.5,21462.5,21465.25,53.0
2025-05-27 20:35:00+00:00,21468.5,21468.75,21466.0,21466.25,69.0
2025-05-27 20:36:00+00:00,21466.75,21468.75,21466.75,21468.0,43.0
2025-05-27 20:37:00+00:00,21467.0,21468.5,21466.75,21466.75,49.0
2025-05-27 20:38:00+00:00,21469.75,21470.0,21466.75,21467.5,129.0
2025-05-27 20:39:00+00:00,21469.25,21470.5,21468.0,21469.5,104.0
2025-05-27 20:40:00+00:00,21468.25,21469.25,21467.0,21469.25,47.0
2025-05-27 20:41:00+00:00,21466.25,21468.5,21466.25,21468.5,69.0
2025-05-27 20:42:00+00:00,21471.0,21471.0,21466.25,21466.25,69.0
2025-05-27 20:43:00+00:00,21471.0,21471.5,21469.0,21470.0,117.0
2025-05-27 20:44:00+00:00,21472.25,21472.75,21470.0,21470.75,85.0
2025-05-27 20:45:00+00:00,21470.5,21472.25,21469.25,21472.0,140.0
2025-05-27 20:46:00+00:00,21474.0,21475.75,21468.75,21471.25,130.0
2025-05-27 20:47:00+00:00,21474.25,21476.25,21473.5,21474.0,102.0
2025-05-27 20:48:00+00:00,21472.0,21474.75,21471.75,21474.75,61.0
2025-05-27 20:49:00+00:00,21474.5,21474.5,21472.0,21472.5,45.0
2025-05-27 20:50:00+00:00,21472.25,21475.25,21471.25,21474.75,85.0
2025-05-27 20:51:00+00:00,21472.0,21472.5,21471.5,21472.25,24.0
2025-05-27 20:52:00+00:00,21473.0,21474.0,21471.75,21472.25,48.0
2025-05-27 20:53:00+00:00,21476.0,21476.0,21473.5,21473.5,51.0
2025-05-27 20:54:00+00:00,21476.75,21478.0,21475.5,21475.5,120.0
2025-05-27 20:55:00+00:00,21476.0,21478.25,21476.0,21477.25,112.0
2025-05-27 20:56:00+00:00,21476.0,21476.5,21474.5,21476.0,57.0
2025-05-27 20:57:00+00:00,21477.25,21477.5,21475.75,21476.0,45.0
2025-05-27 20:58:00+00:00,21475.0,21477.75,21475.0,21477.5,83.0
2025-05-27 20:59:00+00:00,21477.0,21479.5,21473.75,21474.75,239.0
2025-05-27 22:00:00+00:00,21468.5,21480.0,21464.0,21480.0,0.0
2025-05-27 22:01:00+00:00,21466.75,21471.0,21464.0,21470.75,96.0
2025-05-27 22:02:00+00:00,21467.0,21470.25,21466.0,21467.5,48.0
2025-05-27 22:03:00+00:00,21469.0,21469.0,21465.0,21466.25,36.0
2025-05-27 22:04:00+00:00,21463.75,21467.25,21462.0,21466.75,92.0
2025-05-27 22:05:00+00:00,21466.75,21467.5,21464.0,21464.75,52.0
2025-05-27 22:06:00+00:00,21464.5,21466.5,21462.75,21466.25,55.0
2025-05-27 22:07:00+00:00,21460.5,21464.25,21460.25,21464.0,126.0
2025-05-27 22:08:00+00:00,21461.5,21464.5,21460.0,21461.25,67.0
2025-05-27 22:09:00+00:00,21462.75,21467.25,21460.75,21461.0,111.0
2025-05-27 22:10:00+00:00,21464.0,21464.5,21461.75,21463.25,81.0
2025-05-27 22:11:00+00:00,21463.0,21464.25,21462.75,21463.5,26.0
2025-05-27 22:12:00+00:00,21461.0,21462.75,21460.75,21462.75,31.0
2025-05-27 22:13:00+00:00,21456.5,21461.0,21456.5,21461.0,142.0
2025-05-27 22:14:00+00:00,21456.25,21457.25,21454.0,21456.75,122.0
2025-05-27 22:15:00+00:00,21459.75,21461.5,21457.5,21457.5,78.0
2025-05-27 22:16:00+00:00,21464.75,21464.75,21459.75,21459.75,68.0
2025-05-27 22:17:00+00:00,21462.75,21469.25,21462.75,21465.0,137.0
2025-05-27 22:18:00+00:00,21463.25,21465.25,21463.0,21463.25,32.0
2025-05-27 22:19:00+00:00,21459.0,21463.0,21457.75,21463.0,79.0
2025-05-27 22:20:00+00:00,21461.0,21461.0,21458.0,21459.5,36.0
2025-05-27 22:21:00+00:00,21461.25,21462.0,21460.25,21461.0,31.0
2025-05-27 22:22:00+00:00,21457.0,21460.5,21454.0,21460.5,109.0
2025-05-27 22:23:00+00:00,21460.0,21461.0,21457.0,21457.0,77.0
2025-05-27 22:24:00+00:00,21463.5,21465.0,21458.25,21459.75,187.0
2025-05-27 22:25:00+00:00,21464.5,21464.75,21462.25,21464.0,55.0
2025-05-27 22:26:00+00:00,21463.75,21464.25,21463.0,21464.25,9.0
2025-05-27 22:27:00+00:00,21461.5,21466.25,21461.25,21464.0,79.0
2025-05-27 22:28:00+00:00,21464.0,21464.25,21459.25,21461.25,204.0
2025-05-27 22:29:00+00:00,21462.0,21464.25,21460.25,21463.75,33.0
2025-05-27 22:30:00+00:00,21459.75,21461.75,21457.75,21461.25,48.0
2025-05-27 22:31:00+00:00,21456.75,21459.5,21456.75,21459.5,31.0
2025-05-27 22:32:00+00:00,21455.75,21457.5,21454.5,21456.75,59.0
2025-05-27 22:33:00+00:00,21455.25,21457.5,21454.25,21454.75,51.0
2025-05-27 22:34:00+00:00,21455.0,21457.0,21453.5,21455.75,89.0
2025-05-27 22:35:00+00:00,21456.25,21456.75,21455.0,21455.75,21.0
2025-05-27 22:36:00+00:00,21456.25,21459.0,21456.25,21457.75,25.0
2025-05-27 22:37:00+00:00,21459.75,21460.25,21455.25,21456.0,36.0
2025-05-27 22:38:00+00:00,21460.25,21461.25,21458.0,21458.25,49.0
2025-05-27 22:39:00+00:00,21461.25,21461.25,21459.25,21459.5,14.0
2025-05-27 22:40:00+00:00,21462.0,21463.0,21459.75,21460.75,60.0
2025-05-27 22:41:00+00:00,21463.5,21465.75,21461.5,21462.25,88.0
2025-05-27 22:42:00+00:00,21462.0,21463.75,21462.0,21463.25,34.0
2025-05-27 22:43:00+00:00,21461.0,21462.5,21460.25,21461.5,42.0
2025-05-27 22:44:00+00:00,21462.0,21462.75,21460.0,21461.0,63.0
2025-05-27 22:45:00+00:00,21461.75,21461.75,21460.75,21461.75,18.0
2025-05-27 22:46:00+00:00,21463.75,21465.5,21461.25,21461.5,105.0
2025-05-27 22:47:00+00:00,21467.0,21467.5,21461.75,21463.0,73.0
2025-05-27 22:48:00+00:00,21468.25,21469.5,21467.0,21467.5,68.0
2025-05-27 22:49:00+00:00,21464.75,21467.5,21464.0,21467.5,71.0
2025-05-27 22:50:00+00:00,21463.75,21465.5,21462.25,21464.75,53.0
2025-05-27 22:51:00+00:00,21462.5,21465.5,21462.5,21464.25,33.0
2025-05-27 22:52:00+00:00,21462.75,21463.25,21461.25,21462.75,49.0
2025-05-27 22:53:00+00:00,21468.0,21468.5,21461.5,21462.5,67.0
2025-05-27 22:54:00+00:00,21467.0,21468.25,21466.5,21467.5,18.0
2025-05-27 22:55:00+00:00,21466.25,21467.25,21465.25,21467.0,24.0
2025-05-27 22:56:00+00:00,21467.25,21468.5,21465.5,21465.5,83.0
2025-05-27 22:57:00+00:00,21467.25,21468.5,21464.75,21468.25,43.0
2025-05-27 22:58:00+00:00,21472.25,21472.5,21467.5,21467.5,138.0
2025-05-27 22:59:00+00:00,21470.75,21472.0,21470.0,21471.5,74.0
2025-05-27 23:00:00+00:00,21471.25,21471.75,21467.75,21470.25,93.0
2025-05-27 23:01:00+00:00,21472.5,21474.5,21471.0,21471.75,77.0
2025-05-27 23:02:00+00:00,21470.5,21473.75,21467.0,21473.25,89.0
2025-05-27 23:03:00+00:00,21470.25,21471.0,21468.5,21470.5,61.0
2025-05-27 23:04:00+00:00,21470.0,21473.75,21469.75,21470.25,65.0
2025-05-27 23:05:00+00:00,21472.75,21473.25,21468.75,21469.75,37.0
2025-05-27 23:06:00+00:00,21471.0,21472.75,21471.0,21472.75,25.0
2025-05-27 23:07:00+00:00,21473.5,21473.5,21470.25,21470.5,31.0
2025-05-27 23:08:00+00:00,21472.5,21474.5,21471.75,21473.5,30.0
2025-05-27 23:09:00+00:00,21473.0,21473.75,21472.5,21472.75,26.0
2025-05-27 23:10:00+00:00,21475.5,21475.75,21472.5,21473.0,52.0
2025-05-27 23:11:00+00:00,21477.0,21478.25,21475.5,21476.0,103.0
2025-05-27 23:12:00+00:00,21477.0,21478.75,21476.0,21476.25,42.0
2025-05-27 23:13:00+00:00,21476.0,21478.25,21475.0,21476.75,54.0
2025-05-27 23:14:00+00:00,21475.25,21477.25,21475.0,21477.25,30.0
2025-05-27 23:15:00+00:00,21475.25,21477.25,21473.5,21475.5,104.0
2025-05-27 23:16:00+00:00,21481.75,21484.0,21474.5,21474.5,168.0
2025-05-27 23:17:00+00:00,21483.25,21483.75,21480.0,21481.75,63.0
2025-05-27 23:18:00+00:00,21482.5,21484.75,21482.0,21483.75,59.0
2025-05-27 23:19:00+00:00,21481.0,21484.25,21481.0,21483.25,37.0
2025-05-27 23:20:00+00:00,21482.0,21483.0,21480.25,21481.75,64.0
2025-05-27 23:21:00+00:00,21483.5,21484.5,21481.25,21482.25,61.0
2025-05-27 23:22:00+00:00,21477.5,21483.5,21474.75,21483.0,115.0
2025-05-27 23:23:00+00:00,21471.0,21478.75,21470.5,21477.25,106.0
2025-05-27 23:24:00+00:00,21473.25,21474.0,21471.0,21471.0,28.0
2025-05-27 23:25:00+00:00,21472.75,21473.5,21472.0,21472.5,49.0
2025-05-27 23:26:00+00:00,21473.5,21473.5,21471.25,21473.5,27.0
2025-05-27 23:27:00+00:00,21471.25,21474.0,21471.25,21473.0,40.0
2025-05-27 23:28:00+00:00,21469.75,21472.75,21468.25,21472.0,78.0
2025-05-27 23:29:00+00:00,21469.5,21471.25,21468.75,21470.5,32.0
2025-05-27 23:30:00+00:00,21471.75,21472.25,21469.25,21469.25,92.0
2025-05-27 23:31:00+00:00,21471.25,21472.0,21469.5,21471.5,38.0
2025-05-27 23:32:00+00:00,21470.75,21471.75,21469.5,21470.25,23.0
2025-05-27 23:33:00+00:00,21474.75,21476.75,21469.75,21470.25,85.0
2025-05-27 23:34:00+00:00,21475.5,21476.5,21473.75,21476.5,41.0
2025-05-27 23:35:00+00:00,21477.75,21477.75,21474.5,21475.5,49.0
2025-05-27 23:36:00+00:00,21478.0,21481.0,21476.75,21476.75,128.0
2025-05-27 23:37:00+00:00,21480.5,21480.75,21477.25,21477.75,54.0
2025-05-27 23:38:00+00:00,21479.5,21480.5,21477.75,21479.75,72.0
2025-05-27 23:39:00+00:00,21481.25,21481.25,21479.5,21479.75,31.0
2025-05-27 23:40:00+00:00,21479.75,21481.75,21479.0,21481.75,42.0
2025-05-27 23:41:00+00:00,21479.75,21479.75,21477.5,21479.25,31.0
2025-05-27 23:42:00+00:00,21476.25,21479.25,21476.0,21479.25,52.0
2025-05-27 23:43:00+00:00,21475.5,21476.25,21474.5,21476.0,36.0
2025-05-27 23:44:00+00:00,21478.5,21479.75,21475.25,21475.5,72.0
2025-05-27 23:45:00+00:00,21476.5,21478.0,21473.0,21478.0,94.0
2025-05-27 23:46:00+00:00,21476.0,21479.5,21475.25,21476.0,54.0
2025-05-27 23:47:00+00:00,21477.0,21478.25,21475.75,21476.5,29.0
2025-05-27 23:48:00+00:00,21474.25,21476.25,21473.75,21476.25,23.0
2025-05-27 23:49:00+00:00,21473.0,21475.25,21472.75,21473.5,27.0
2025-05-27 23:50:00+00:00,21472.0,21473.25,21470.5,21472.25,57.0
2025-05-27 23:51:00+00:00,21471.0,21472.5,21469.5,21472.25,47.0
2025-05-27 23:52:00+00:00,21472.25,21472.25,21468.0,21471.75,111.0
2025-05-27 23:53:00+00:00,21476.0,21477.25,21470.5,21471.0,81.0
2025-05-27 23:54:00+00:00,21475.5,21476.0,21474.75,21475.25,15.0
2025-05-27 23:55:00+00:00,21475.25,21475.75,21473.75,21474.75,30.0
2025-05-27 23:56:00+00:00,21478.0,21478.0,21472.75,21475.0,40.0
2025-05-27 23:57:00+00:00,21481.25,21482.25,21476.0,21477.75,184.0
2025-05-27 23:58:00+00:00,21473.25,21481.5,21472.5,21481.0,82.0
2025-05-27 23:59:00+00:00,21470.75,21473.75,21470.0,21472.25,103.0
2025-05-28 00:00:00+00:00,21466.0,21470.25,21461.5,21470.25,268.0
2025-05-28 00:01:00+00:00,21463.5,21468.5,21463.5,21465.0,88.0
2025-05-28 00:02:00+00:00,21462.25,21463.75,21461.0,21463.5,67.0
2025-05-28 00:03:00+00:00,21464.25,21465.75,21461.25,21462.75,63.0
2025-05-28 00:04:00+00:00,21464.75,21465.75,21463.0,21464.5,34.0
2025-05-28 00:05:00+00:00,21464.5,21466.25,21463.75,21464.5,53.0
2025-05-28 00:06:00+00:00,21462.5,21465.25,21460.5,21465.25,72.0
2025-05-28 00:07:00+00:00,21462.0,21463.5,21461.5,21462.75,42.0
2025-05-28 00:08:00+00:00,21467.25,21470.75,21461.25,21462.25,107.0
2025-05-28 00:09:00+00:00,21462.0,21468.0,21460.75,21468.0,56.0
2025-05-28 00:10:00+00:00,21460.5,21462.75,21458.25,21462.0,133.0
2025-05-28 00:11:00+00:00,21459.0,21461.75,21457.0,21460.75,99.0
2025-05-28 00:12:00+00:00,21459.75,21460.75,21457.5,21459.0,54.0
2025-05-28 00:13:00+00:00,21460.75,21460.75,21458.0,21458.75,31.0
2025-05-28 00:14:00+00:00,21461.0,21462.0,21460.0,21460.0,22.0
2025-05-28 00:15:00+00:00,21458.75,21462.75,21457.5,21461.75,67.0
2025-05-28 00:16:00+00:00,21457.5,21459.0,21456.75,21458.0,40.0
2025-05-28 00:17:00+00:00,21460.5,21460.5,21458.0,21458.75,31.0
2025-05-28 00:18:00+00:00,21464.0,21464.5,21460.0,21460.5,98.0
2025-05-28 00:19:00+00:00,21464.5,21464.75,21462.5,21464.5,41.0
2025-05-28 00:20:00+00:00,21463.75,21467.25,21463.75,21464.0,76.0
2025-05-28 00:21:00+00:00,21462.25,21464.25,21461.5,21464.25,42.0
2025-05-28 00:22:00+00:00,21470.0,21470.5,21463.25,21463.25,78.0
2025-05-28 00:23:00+00:00,21465.25,21470.25,21464.75,21470.0,57.0
2025-05-28 00:24:00+00:00,21465.25,21466.0,21464.5,21465.25,20.0
2025-05-28 00:25:00+00:00,21467.75,21467.75,21463.0,21465.5,33.0
2025-05-28 00:26:00+00:00,21465.25,21467.5,21465.25,21467.25,19.0
2025-05-28 00:27:00+00:00,21467.25,21467.5,21465.5,21466.25,24.0
2025-05-28 00:28:00+00:00,21462.0,21465.25,21459.25,21465.25,92.0
2025-05-28 00:29:00+00:00,21460.75,21463.25,21460.25,21463.25,36.0
2025-05-28 00:30:00+00:00,21463.5,21463.5,21460.5,21461.25,44.0
2025-05-28 00:31:00+00:00,21464.5,21465.25,21462.25,21463.0,67.0
2025-05-28 00:32:00+00:00,21462.75,21465.25,21461.25,21465.0,34.0
2025-05-28 00:33:00+00:00,21461.75,21464.0,21461.75,21464.0,12.0
2025-05-28 00:34:00+00:00,21464.75,21465.75,21462.25,21463.75,39.0
2025-05-28 00:35:00+00:00,21464.25,21466.75,21462.5,21464.25,97.0
2025-05-28 00:36:00+00:00,21467.0,21467.0,21464.75,21465.0,28.0
2025-05-28 00:37:00+00:00,21464.5,21468.0,21464.0,21467.25,50.0
2025-05-28 00:38:00+00:00,21463.5,21465.75,21463.25,21465.75,19.0
2025-05-28 00:39:00+00:00,21465.0,21465.0,21462.75,21463.0,27.0
2025-05-28 00:40:00+00:00,21463.0,21465.25,21462.75,21465.0,24.0
2025-05-28 00:41:00+00:00,21464.25,21464.5,21462.25,21462.5,27.0
2025-05-28 00:42:00+00:00,21466.5,21466.5,21463.75,21464.0,28.0
2025-05-28 00:43:00+00:00,21467.0,21467.5,21465.25,21466.75,79.0
2025-05-28 00:44:00+00:00,21465.5,21466.75,21465.5,21466.75,20.0
2025-05-28 00:45:00+00:00,21466.0,21467.0,21464.75,21465.5,25.0
2025-05-28 00:46:00+00:00,21465.5,21465.5,21464.0,21464.75,19.0
2025-05-28 00:47:00+00:00,21466.25,21468.0,21465.75,21467.25,38.0
2025-05-28 00:48:00+00:00,21465.75,21466.5,21464.25,21466.5,32.0
2025-05-28 00:49:00+00:00,21459.75,21466.0,21459.75,21464.75,61.0
2025-05-28 00:50:00+00:00,21464.0,21465.0,21460.75,21460.75,55.0
2025-05-28 00:51:00+00:00,21467.0,21468.5,21464.75,21464.75,42.0
2025-05-28 00:52:00+00:00,21468.75,21469.75,21467.5,21467.5,49.0
2025-05-28 00:53:00+00:00,21468.0,21469.5,21466.5,21468.25,51.0
2025-05-28 00:54:00+00:00,21471.0,21471.75,21467.0,21468.5,55.0
2025-05-28 00:55:00+00:00,21469.25,21470.75,21468.25,21470.75,48.0
2025-05-28 00:56:00+00:00,21468.5,21469.25,21467.5,21469.25,58.0
2025-05-28 00:57:00+00:00,21471.5,21471.75,21468.5,21468.5,80.0
2025-05-28 00:58:00+00:00,21471.0,21471.0,21469.5,21470.5,20.0
2025-05-28 00:59:00+00:00,21469.75,21472.5,21469.75,21471.5,49.0
2025-05-28 01:00:00+00:00,21472.5,21474.25,21469.5,21469.75,88.0
2025-05-28 01:01:00+00:00,21472.5,21474.25,21471.5,21473.25,67.0
2025-05-28 01:02:00+00:00,21474.0,21475.0,21471.25,21473.0,67.0
2025-05-28 01:03:00+00:00,21473.5,21475.0,21473.0,21473.75,29.0
2025-05-28 01:04:00+00:00,21474.5,21475.0,21473.0,21473.75,16.0
2025-05-28 01:05:00+00:00,21474.25,21474.75,21472.5,21473.75,62.0
2025-05-28 01:06:00+00:00,21469.25,21475.0,21468.25,21474.25,74.0
2025-05-28 01:07:00+00:00,21471.5,21471.5,21468.0,21468.75,58.0
2025-05-28 01:08:00+00:00,21472.5,21473.0,21470.75,21471.5,27.0
2025-05-28 01:09:00+00:00,21483.25,21484.0,21471.25,21471.75,237.0
2025-05-28 01:10:00+00:00,21476.25,21482.5,21476.25,21482.5,83.0
2025-05-28 01:11:00+00:00,21476.0,21477.25,21473.5,21476.0,78.0
2025-05-28 01:12:00+00:00,21475.0,21478.0,21475.0,21477.25,30.0
2025-05-28 01:13:00+00:00,21475.25,21477.0,21474.25,21475.0,32.0
2025-05-28 01:14:00+00:00,21473.5,21476.5,21473.5,21475.0,43.0
2025-05-28 01:15:00+00:00,21473.75,21476.0,21473.5,21473.5,31.0
2025-05-28 01:16:00+00:00,21476.75,21477.75,21473.0,21473.25,69.0
2025-05-28 01:17:00+00:00,21475.0,21476.5,21473.75,21476.5,31.0
2025-05-28 01:18:00+00:00,21475.75,21477.0,21474.75,21474.75,37.0
2025-05-28 01:19:00+00:00,21475.25,21477.25,21475.0,21475.25,35.0
2025-05-28 01:20:00+00:00,21472.5,21475.75,21472.0,21475.25,53.0
2025-05-28 01:21:00+00:00,21473.25,21474.25,21471.5,21472.75,41.0
2025-05-28 01:22:00+00:00,21469.5,21473.5,21468.25,21473.5,74.0
2025-05-28 01:23:00+00:00,21478.0,21478.25,21469.0,21469.5,121.0
2025-05-28 01:24:00+00:00,21478.75,21479.5,21476.75,21477.75,45.0
2025-05-28 01:25:00+00:00,21479.5,21479.5,21477.75,21479.5,32.0
2025-05-28 01:26:00+00:00,21479.0,21479.0,21477.25,21478.75,31.0
2025-05-28 01:27:00+00:00,21477.0,21480.0,21477.0,21479.25,51.0
2025-05-28 01:28:00+00:00,21478.25,21479.75,21476.75,21477.25,53.0
2025-05-28 01:29:00+00:00,21476.75,21478.5,21476.75,21478.25,46.0
2025-05-28 01:30:00+00:00,21475.25,21477.25,21472.0,21476.0,83.0
2025-05-28 01:31:00+00:00,21474.5,21477.75,21473.25,21475.75,23.0
2025-05-28 01:32:00+00:00,21467.75,21474.75,21466.25,21474.75,93.0
2025-05-28 01:33:00+00:00,21468.0,21468.5,21466.5,21467.75,79.0
2025-05-28 01:34:00+00:00,21466.25,21468.0,21464.5,21468.0,57.0
2025-05-28 01:35:00+00:00,21463.0,21465.75,21462.25,21465.25,59.0
2025-05-28 01:36:00+00:00,21464.5,21464.5,21461.0,21463.25,135.0
2025-05-28 01:37:00+00:00,21465.25,21468.0,21464.5,21465.0,46.0
2025-05-28 01:38:00+00:00,21467.75,21469.5,21465.5,21466.25,51.0
2025-05-28 01:39:00+00:00,21466.5,21468.75,21465.5,21468.0,24.0
2025-05-28 01:40:00+00:00,21465.75,21468.25,21465.75,21466.25,16.0
2025-05-28 01:41:00+00:00,21468.25,21468.5,21464.75,21465.75,27.0
2025-05-28 01:42:00+00:00,21470.0,21470.0,21468.25,21469.0,52.0
2025-05-28 01:43:00+00:00,21468.75,21470.75,21466.25,21470.0,76.0
2025-05-28 01:44:00+00:00,21467.5,21469.25,21466.75,21467.25,48.0
2025-05-28 01:45:00+00:00,21465.0,21467.0,21464.5,21466.5,54.0
2025-05-28 01:46:00+00:00,21464.25,21465.25,21462.25,21465.25,43.0
2025-05-28 01:47:00+00:00,21464.5,21466.5,21464.25,21464.25,18.0
2025-05-28 01:48:00+00:00,21463.0,21465.25,21463.0,21464.25,15.0
2025-05-28 01:49:00+00:00,21466.25,21466.25,21463.5,21463.75,24.0
2025-05-28 01:50:00+00:00,21467.25,21467.75,21466.0,21466.0,30.0
2025-05-28 01:51:00+00:00,21470.0,21470.75,21467.5,21467.5,49.0
2025-05-28 01:52:00+00:00,21469.5,21470.5,21467.5,21470.5,24.0
2025-05-28 01:53:00+00:00,21466.5,21468.75,21465.5,21468.5,25.0
2025-05-28 01:54:00+00:00,21465.5,21466.0,21464.5,21465.75,44.0
2025-05-28 01:55:00+00:00,21461.75,21465.0,21461.75,21464.5,77.0
2025-05-28 01:56:00+00:00,21462.5,21462.75,21461.0,21462.0,47.0
2025-05-28 01:57:00+00:00,21460.25,21463.5,21460.25,21462.0,42.0
2025-05-28 01:58:00+00:00,21462.5,21463.25,21461.0,21461.0,21.0
2025-05-28 01:59:00+00:00,21463.0,21463.5,21461.0,21463.5,18.0
2025-05-28 02:00:00+00:00,21465.5,21470.0,21463.0,21463.25,133.0
2025-05-28 02:01:00+00:00,21465.0,21466.0,21462.75,21466.0,42.0
2025-05-28 02:02:00+00:00,21465.25,21466.0,21462.75,21464.5,31.0
2025-05-28 02:03:00+00:00,21464.75,21466.25,21464.0,21465.25,33.0
2025-05-28 02:04:00+00:00,21463.75,21465.5,21462.25,21465.5,21.0
2025-05-28 02:05:00+00:00,21462.25,21463.25,21461.0,21462.25,28.0
2025-05-28 02:06:00+00:00,21462.75,21463.0,21462.0,21462.75,15.0
2025-05-28 02:07:00+00:00,21464.75,21466.0,21461.75,21462.0,29.0
2025-05-28 02:08:00+00:00,21467.0,21467.75,21466.0,21466.0,30.0
2025-05-28 02:09:00+00:00,21465.75,21468.5,21465.5,21467.75,50.0
2025-05-28 02:10:00+00:00,21465.25,21466.0,21463.75,21466.0,40.0
2025-05-28 02:11:00+00:00,21465.0,21465.75,21464.75,21465.0,18.0
2025-05-28 02:12:00+00:00,21468.5,21468.75,21467.0,21468.0,15.0
2025-05-28 02:13:00+00:00,21469.25,21469.5,21467.75,21469.0,37.0
2025-05-28 02:14:00+00:00,21468.5,21469.75,21467.5,21469.5,46.0
2025-05-28 02:15:00+00:00,21467.5,21469.5,21467.25,21469.25,20.0
2025-05-28 02:16:00+00:00,21470.25,21471.25,21467.5,21468.25,70.0
2025-05-28 02:17:00+00:00,21470.5,21472.0,21469.25,21470.25,47.0
2025-05-28 02:18:00+00:00,21470.0,21471.25,21469.5,21470.75,36.0
2025-05-28 02:19:00+00:00,21468.75,21470.5,21467.75,21469.0,29.0
2025-05-28 02:20:00+00:00,21468.5,21468.5,21467.5,21468.25,18.0
2025-05-28 02:21:00+00:00,21468.0,21468.75,21466.5,21468.75,50.0
2025-05-28 02:22:00+00:00,21467.25,21467.5,21465.75,21467.0,21.0
2025-05-28 02:23:00+00:00,21466.5,21467.5,21465.5,21467.0,32.0
2025-05-28 02:24:00+00:00,21467.75,21467.75,21465.5,21465.5,19.0
2025-05-28 02:25:00+00:00,21466.75,21468.0,21465.25,21467.25,28.0
2025-05-28 02:26:00+00:00,21467.5,21467.5,21463.5,21465.75,63.0
2025-05-28 02:27:00+00:00,21471.25,21471.25,21468.5,21469.0,27.0
2025-05-28 02:28:00+00:00,21469.5,21471.75,21469.5,21471.5,29.0
2025-05-28 02:29:00+00:00,21468.0,21469.25,21468.0,21468.5,16.0
2025-05-28 02:30:00+00:00,21467.75,21468.5,21467.25,21468.5,15.0
2025-05-28 02:31:00+00:00,21467.5,21468.25,21466.75,21468.25,21.0
2025-05-28 02:32:00+00:00,21470.5,21470.5,21467.5,21467.75,43.0
2025-05-28 02:33:00+00:00,21468.5,21468.5,21467.5,21468.5,9.0
2025-05-28 02:34:00+00:00,21467.75,21468.5,21467.75,21468.5,8.0
2025-05-28 02:35:00+00:00,21469.75,21469.75,21468.0,21468.0,12.0
2025-05-28 02:36:00+00:00,21473.25,21473.25,21468.75,21468.75,38.0
2025-05-28 02:37:00+00:00,21473.0,21474.75,21472.5,21472.75,36.0
2025-05-28 02:38:00+00:00,21467.5,21472.75,21465.0,21472.5,101.0
2025-05-28 02:39:00+00:00,21470.5,21470.5,21467.0,21467.25,30.0
2025-05-28 02:40:00+00:00,21471.25,21471.25,21470.0,21470.5,20.0
2025-05-28 02:41:00+00:00,21472.25,21473.25,21470.5,21470.5,15.0
2025-05-28 02:42:00+00:00,21472.75,21473.25,21471.5,21471.5,16.0
2025-05-28 02:43:00+00:00,21470.0,21473.0,21470.0,21473.0,28.0
2025-05-28 02:44:00+00:00,21470.25,21470.75,21468.5,21470.5,20.0
2025-05-28 02:45:00+00:00,21471.75,21471.75,21470.75,21471.0,24.0
2025-05-28 02:46:00+00:00,21470.25,21472.75,21470.25,21471.5,13.0
2025-05-28 02:47:00+00:00,21469.75,21470.25,21469.75,21470.25,7.0
2025-05-28 02:48:00+00:00,21469.0,21469.75,21467.5,21469.5,28.0
2025-05-28 02:49:00+00:00,21467.75,21468.75,21467.75,21468.0,7.0
2025-05-28 02:50:00+00:00,21466.75,21468.25,21466.75,21468.25,21.0
2025-05-28 02:51:00+00:00,21464.75,21467.5,21464.0,21467.5,76.0
2025-05-28 02:52:00+00:00,21465.75,21466.0,21463.75,21464.5,64.0
2025-05-28 02:53:00+00:00,21465.25,21466.5,21464.5,21466.0,50.0
2025-05-28 02:54:00+00:00,21465.75,21465.75,21464.5,21465.25,7.0
2025-05-28 02:55:00+00:00,21465.25,21466.5,21464.75,21464.75,26.0
2025-05-28 02:56:00+00:00,21465.75,21466.0,21464.5,21465.5,23.0
2025-05-28 02:57:00+00:00,21466.0,21466.0,21465.25,21465.25,9.0
2025-05-28 02:58:00+00:00,21464.0,21464.75,21463.0,21464.75,20.0
2025-05-28 02:59:00+00:00,21465.5,21465.5,21464.25,21464.75,23.0
2025-05-28 03:00:00+00:00,21465.0,21466.0,21464.25,21465.5,21.0
2025-05-28 03:01:00+00:00,21464.5,21465.75,21464.25,21464.25,20.0
2025-05-28 03:02:00+00:00,21465.5,21465.5,21464.5,21464.75,21.0
2025-05-28 03:03:00+00:00,21464.5,21466.25,21463.75,21465.0,33.0
2025-05-28 03:04:00+00:00,21464.5,21465.75,21464.5,21464.75,32.0
2025-05-28 03:05:00+00:00,21465.5,21465.75,21463.5,21464.0,79.0
2025-05-28 03:06:00+00:00,21464.25,21466.5,21464.25,21465.75,27.0
2025-05-28 03:07:00+00:00,21466.25,21466.25,21464.25,21464.25,17.0
2025-05-28 03:08:00+00:00,21466.25,21466.25,21465.25,21465.5,6.0
2025-05-28 03:09:00+00:00,21467.5,21468.0,21466.0,21466.5,63.0
2025-05-28 03:10:00+00:00,21470.5,21471.75,21467.75,21467.75,110.0
2025-05-28 03:11:00+00:00,21470.25,21470.75,21469.0,21470.25,22.0
2025-05-28 03:12:00+00:00,21472.0,21473.25,21470.25,21470.25,40.0
2025-05-28 03:13:00+00:00,21473.5,21474.0,21472.0,21472.0,27.0
2025-05-28 03:14:00+00:00,21477.0,21477.0,21473.25,21473.25,58.0
2025-05-28 03:15:00+00:00,21474.75,21477.25,21474.0,21476.5,51.0
2025-05-28 03:16:00+00:00,21473.75,21474.75,21472.75,21474.0,55.0
2025-05-28 03:17:00+00:00,21473.5,21474.25,21472.5,21473.75,21.0
2025-05-28 03:18:00+00:00,21474.5,21475.0,21472.0,21473.0,33.0
2025-05-28 03:19:00+00:00,21476.0,21476.0,21474.25,21474.25,30.0
2025-05-28 03:20:00+00:00,21474.25,21475.75,21474.25,21474.75,38.0
2025-05-28 03:21:00+00:00,21473.0,21473.75,21472.75,21473.75,13.0
2025-05-28 03:22:00+00:00,21472.25,21473.75,21472.25,21472.75,15.0
2025-05-28 03:23:00+00:00,21471.0,21472.0,21470.75,21471.75,28.0
2025-05-28 03:24:00+00:00,21471.0,21471.5,21470.5,21470.5,12.0
2025-05-28 03:25:00+00:00,21469.75,21471.0,21469.75,21471.0,16.0
2025-05-28 03:26:00+00:00,21471.5,21471.5,21470.25,21470.25,11.0
2025-05-28 03:27:00+00:00,21472.0,21472.0,21471.25,21471.75,13.0
2025-05-28 03:28:00+00:00,21472.0,21472.5,21471.75,21472.5,13.0
2025-05-28 03:29:00+00:00,21473.5,21474.25,21471.5,21472.25,51.0
2025-05-28 03:30:00+00:00,21471.5,21473.5,21470.25,21473.0,28.0
2025-05-28 03:31:00+00:00,21470.75,21472.25,21469.75,21471.25,17.0
2025-05-28 03:32:00+00:00,21469.0,21470.5,21469.0,21470.5,19.0
2025-05-28 03:33:00+00:00,21469.5,21471.25,21469.0,21469.25,45.0
2025-05-28 03:34:00+00:00,21467.75,21470.75,21467.75,21470.25,33.0
2025-05-28 03:35:00+00:00,21459.75,21468.25,21458.75,21468.25,204.0
2025-05-28 03:36:00+00:00,21464.5,21465.0,21460.0,21461.0,91.0
2025-05-28 03:37:00+00:00,21461.75,21465.5,21461.25,21464.5,58.0
2025-05-28 03:38:00+00:00,21461.75,21463.5,21461.5,21462.0,46.0
2025-05-28 03:39:00+00:00,21461.75,21462.5,21461.0,21461.5,31.0
2025-05-28 03:40:00+00:00,21459.25,21462.0,21458.25,21461.5,91.0
2025-05-28 03:41:00+00:00,21452.75,21459.75,21451.5,21459.5,220.0
2025-05-28 03:42:00+00:00,21451.0,21452.25,21447.5,21452.25,177.0
2025-05-28 03:43:00+00:00,21449.25,21451.5,21448.0,21450.75,61.0
2025-05-28 03:44:00+00:00,21449.75,21451.5,21447.0,21449.5,94.0
2025-05-28 03:45:00+00:00,21448.25,21452.0,21447.0,21449.25,122.0
2025-05-28 03:46:00+00:00,21447.75,21449.25,21447.25,21449.0,38.0
2025-05-28 03:47:00+00:00,21447.5,21448.5,21447.0,21447.0,24.0
2025-05-28 03:48:00+00:00,21447.0,21447.75,21446.0,21447.75,43.0
2025-05-28 03:49:00+00:00,21448.75,21448.75,21447.0,21447.25,25.0
2025-05-28 03:50:00+00:00,21446.75,21448.5,21446.0,21448.5,43.0
2025-05-28 03:51:00+00:00,21447.25,21448.25,21446.5,21446.5,24.0
2025-05-28 03:52:00+00:00,21445.75,21447.25,21444.5,21447.25,60.0
2025-05-28 03:53:00+00:00,21445.25,21446.25,21443.75,21446.0,71.0
2025-05-28 03:54:00+00:00,21444.0,21446.25,21444.0,21446.25,25.0
2025-05-28 03:55:00+00:00,21441.5,21443.5,21441.0,21443.5,104.0
2025-05-28 03:56:00+00:00,21442.5,21443.25,21441.5,21441.75,37.0
2025-05-28 03:57:00+00:00,21442.75,21444.25,21438.5,21443.25,140.0
2025-05-28 03:58:00+00:00,21442.75,21445.25,21442.25,21444.0,77.0
2025-05-28 04:09:00+00:00,21445.0,21445.75,21445.0,21445.5,10.0
2025-05-28 04:10:00+00:00,21443.0,21443.5,21442.0,21443.5,23.0
2025-05-28 04:11:00+00:00,21441.5,21442.5,21441.5,21442.25,25.0
2025-05-28 04:12:00+00:00,21443.0,21443.0,21439.5,21441.5,68.0
2025-05-28 04:13:00+00:00,21447.25,21447.25,21442.25,21442.75,79.0
2025-05-28 04:14:00+00:00,21446.0,21446.25,21445.0,21446.25,29.0
2025-05-28 04:15:00+00:00,21444.75,21447.0,21444.5,21446.75,47.0
2025-05-28 04:16:00+00:00,21443.5,21444.75,21442.5,21444.75,35.0
2025-05-28 04:17:00+00:00,21442.5,21444.25,21441.75,21444.25,42.0
2025-05-28 04:18:00+00:00,21443.25,21444.25,21442.5,21442.5,21.0
2025-05-28 04:19:00+00:00,21443.5,21445.0,21443.5,21444.25,25.0
2025-05-28 04:20:00+00:00,21444.5,21444.5,21443.25,21444.25,20.0
2025-05-28 04:21:00+00:00,21443.5,21445.0,21443.0,21445.0,34.0
2025-05-28 04:22:00+00:00,21442.5,21444.0,21442.25,21442.75,22.0
2025-05-28 04:23:00+00:00,21444.0,21444.5,21442.75,21442.75,14.0
2025-05-28 04:24:00+00:00,21443.0,21444.25,21443.0,21443.5,20.0
2025-05-28 04:25:00+00:00,21442.0,21444.25,21442.0,21443.0,22.0
2025-05-28 04:26:00+00:00,21442.5,21443.0,21442.0,21442.0,10.0
2025-05-28 04:27:00+00:00,21442.0,21444.5,21442.0,21442.5,38.0
2025-05-28 04:28:00+00:00,21444.0,21444.0,21442.0,21442.5,35.0
2025-05-28 04:29:00+00:00,21444.25,21444.25,21443.25,21443.5,13.0
2025-05-28 04:30:00+00:00,21444.25,21445.0,21443.0,21444.5,16.0
2025-05-28 04:31:00+00:00,21444.75,21444.75,21443.25,21443.75,25.0
2025-05-28 04:32:00+00:00,21445.0,21447.25,21444.75,21444.75,41.0
2025-05-28 04:33:00+00:00,21445.0,21445.0,21443.0,21444.25,21.0
2025-05-28 04:34:00+00:00,21444.75,21446.0,21443.5,21446.0,8.0
2025-05-28 04:35:00+00:00,21442.75,21445.0,21442.5,21444.25,26.0
2025-05-28 04:36:00+00:00,21443.0,21443.75,21443.0,21443.5,13.0
2025-05-28 04:37:00+00:00,21439.25,21442.75,21439.25,21442.75,75.0
2025-05-28 04:38:00+00:00,21441.25,21441.75,21439.0,21439.0,26.0
2025-05-28 04:39:00+00:00,21439.0,21441.5,21438.75,21440.75,39.0
2025-05-28 04:40:00+00:00,21438.25,21439.75,21436.0,21439.25,88.0
2025-05-28 04:41:00+00:00,21439.25,21439.5,21436.25,21438.5,83.0
2025-05-28 04:42:00+00:00,21440.25,21441.5,21439.25,21439.5,40.0
2025-05-28 04:43:00+00:00,21443.0,21443.0,21438.5,21440.0,68.0
2025-05-28 04:44:00+00:00,21442.75,21443.5,21440.75,21443.25,47.0
2025-05-28 04:45:00+00:00,21441.25,21442.75,21441.0,21442.75,39.0
2025-05-28 04:46:00+00:00,21439.75,21441.75,21439.5,21441.75,16.0
2025-05-28 04:47:00+00:00,21439.0,21439.25,21437.75,21439.25,12.0
2025-05-28 04:48:00+00:00,21439.75,21439.75,21438.75,21438.75,11.0
2025-05-28 04:49:00+00:00,21437.75,21439.5,21436.75,21439.5,23.0
2025-05-28 04:50:00+00:00,21438.0,21439.0,21435.0,21438.0,60.0
2025-05-28 04:51:00+00:00,21437.5,21438.25,21436.25,21438.25,29.0
2025-05-28 04:52:00+00:00,21438.25,21438.75,21437.75,21438.25,19.0
2025-05-28 04:53:00+00:00,21440.25,21440.25,21437.75,21438.0,25.0
2025-05-28 04:54:00+00:00,21440.0,21441.75,21439.75,21440.25,37.0
2025-05-28 04:55:00+00:00,21439.5,21440.25,21438.75,21440.25,9.0
2025-05-28 04:56:00+00:00,21437.5,21439.75,21437.5,21439.0,17.0
2025-05-28 04:57:00+00:00,21437.25,21437.25,21435.75,21437.25,28.0
2025-05-28 04:58:00+00:00,21438.5,21438.5,21437.25,21437.75,18.0
2025-05-28 04:59:00+00:00,21439.0,21439.0,21437.75,21438.25,18.0
2025-05-28 05:00:00+00:00,21440.5,21441.5,21438.5,21438.5,53.0
2025-05-28 05:01:00+00:00,21439.25,21439.75,21436.25,21439.75,56.0
2025-05-28 05:02:00+00:00,21438.5,21439.75,21438.25,21439.75,25.0
2025-05-28 05:03:00+00:00,21439.75,21440.75,21439.75,21439.75,24.0
2025-05-28 05:04:00+00:00,21438.5,21439.5,21435.5,21439.5,71.0
2025-05-28 05:05:00+00:00,21438.0,21439.75,21436.5,21438.5,28.0
2025-05-28 05:06:00+00:00,21439.0,21439.75,21437.5,21437.5,25.0
2025-05-28 05:07:00+00:00,21442.0,21443.0,21439.25,21439.25,67.0
2025-05-28 05:08:00+00:00,21441.0,21442.75,21439.75,21442.75,43.0
2025-05-28 05:09:00+00:00,21441.25,21441.75,21440.25,21441.0,13.0
2025-05-28 05:10:00+00:00,21443.25,21443.25,21439.75,21441.5,29.0
2025-05-28 05:11:00+00:00,21443.0,21443.75,21440.75,21442.5,83.0
2025-05-28 05:12:00+00:00,21442.25,21443.25,21441.75,21442.25,26.0
2025-05-28 05:13:00+00:00,21443.5,21445.0,21442.75,21443.5,73.0
2025-05-28 05:14:00+00:00,21446.25,21447.0,21443.75,21443.75,70.0
2025-05-28 05:15:00+00:00,21446.75,21446.75,21444.5,21446.0,48.0
2025-05-28 05:16:00+00:00,21450.75,21451.5,21446.5,21447.0,152.0
2025-05-28 05:17:00+00:00,21451.5,21454.25,21450.75,21451.5,94.0
2025-05-28 05:18:00+00:00,21453.5,21454.25,21452.0,21452.5,54.0
2025-05-28 05:19:00+00:00,21454.5,21454.5,21453.25,21453.75,26.0
2025-05-28 05:20:00+00:00,21458.0,21458.0,21454.25,21454.75,119.0
2025-05-28 05:21:00+00:00,21456.75,21459.75,21456.75,21459.5,216.0
2025-05-28 05:22:00+00:00,21443.0,21457.25,21441.5,21457.25,329.0
2025-05-28 05:23:00+00:00,21445.5,21447.0,21442.25,21442.25,123.0
2025-05-28 05:24:00+00:00,21445.0,21446.75,21445.0,21445.75,35.0
2025-05-28 05:25:00+00:00,21444.75,21446.5,21443.75,21445.25,31.0
2025-05-28 05:26:00+00:00,21443.5,21444.75,21442.5,21444.75,28.0
2025-05-28 05:27:00+00:00,21444.5,21445.25,21444.25,21444.5,34.0
2025-05-28 05:28:00+00:00,21442.25,21446.5,21442.25,21445.75,90.0
2025-05-28 05:29:00+00:00,21440.0,21443.25,21439.25,21442.75,86.0
2025-05-28 05:30:00+00:00,21442.5,21442.75,21438.25,21440.0,89.0
2025-05-28 05:31:00+00:00,21447.25,21448.75,21443.25,21443.25,159.0
2025-05-28 05:32:00+00:00,21445.25,21446.5,21445.0,21446.25,29.0
2025-05-28 05:33:00+00:00,21454.25,21454.75,21447.5,21447.5,74.0
2025-05-28 05:34:00+00:00,21454.5,21456.5,21453.0,21454.5,84.0
2025-05-28 05:35:00+00:00,21455.5,21455.75,21453.75,21454.75,23.0
2025-05-28 05:36:00+00:00,21454.5,21455.25,21453.5,21454.5,29.0
2025-05-28 05:37:00+00:00,21451.0,21454.0,21449.75,21454.0,52.0
2025-05-28 05:38:00+00:00,21452.5,21453.0,21451.0,21451.0,19.0
2025-05-28 05:39:00+00:00,21453.0,21453.5,21449.75,21450.5,23.0
2025-05-28 05:40:00+00:00,21452.0,21454.0,21452.0,21454.0,13.0
2025-05-28 05:41:00+00:00,21454.0,21454.0,21451.5,21452.25,20.0
2025-05-28 05:42:00+00:00,21455.0,21456.5,21452.0,21452.75,58.0
2025-05-28 05:43:00+00:00,21452.25,21454.75,21452.25,21454.25,53.0
2025-05-28 05:44:00+00:00,21451.5,21453.75,21450.75,21453.0,72.0
2025-05-28 05:45:00+00:00,21453.5,21454.0,21451.25,21451.25,33.0
2025-05-28 05:46:00+00:00,21452.75,21454.0,21452.25,21454.0,30.0
2025-05-28 05:47:00+00:00,21455.25,21455.5,21452.75,21453.5,79.0
2025-05-28 05:48:00+00:00,21455.0,21457.5,21454.5,21455.5,57.0
2025-05-28 05:49:00+00:00,21457.25,21457.75,21455.25,21456.0,24.0
2025-05-28 05:50:00+00:00,21459.25,21461.75,21457.75,21458.0,106.0
2025-05-28 05:51:00+00:00,21451.0,21459.0,21450.75,21459.0,103.0
2025-05-28 05:52:00+00:00,21455.0,21455.0,21450.25,21450.25,42.0
2025-05-28 05:53:00+00:00,21453.75,21456.0,21453.75,21454.75,17.0
2025-05-28 05:54:00+00:00,21452.75,21453.25,21450.5,21453.25,28.0
2025-05-28 05:55:00+00:00,21451.5,21453.0,21451.25,21453.0,27.0
2025-05-28 05:56:00+00:00,21452.0,21453.0,21448.25,21451.75,91.0
2025-05-28 05:57:00+00:00,21452.0,21452.0,21450.5,21451.75,16.0
2025-05-28 05:58:00+00:00,21452.25,21452.25,21450.5,21451.0,11.0
2025-05-28 05:59:00+00:00,21452.25,21453.0,21452.25,21452.5,25.0
2025-05-28 06:00:00+00:00,21445.5,21452.75,21443.25,21452.75,108.0
2025-05-28 06:01:00+00:00,21440.5,21445.5,21439.25,21445.0,118.0
2025-05-28 06:02:00+00:00,21438.5,21442.5,21436.5,21439.75,106.0
2025-05-28 06:03:00+00:00,21438.0,21440.25,21437.25,21438.0,61.0
2025-05-28 06:04:00+00:00,21440.75,21440.75,21438.0,21439.25,43.0
2025-05-28 06:05:00+00:00,21439.75,21440.25,21438.75,21439.75,29.0
2025-05-28 06:06:00+00:00,21444.75,21445.75,21441.25,21441.25,66.0
2025-05-28 06:07:00+00:00,21448.5,21450.0,21445.0,21445.0,114.0
2025-05-28 06:08:00+00:00,21450.75,21452.0,21447.25,21448.0,65.0
2025-05-28 06:09:00+00:00,21449.0,21450.5,21448.75,21450.5,48.0
2025-05-28 06:10:00+00:00,21453.0,21453.0,21450.0,21450.0,19.0
2025-05-28 06:11:00+00:00,21451.5,21455.0,21451.5,21452.0,69.0
2025-05-28 06:12:00+00:00,21455.75,21455.75,21451.5,21453.25,53.0
2025-05-28 06:13:00+00:00,21454.25,21457.25,21454.0,21456.0,55.0
2025-05-28 06:14:00+00:00,21452.0,21454.5,21451.25,21454.5,42.0
2025-05-28 06:15:00+00:00,21450.75,21453.25,21450.0,21452.25,35.0
2025-05-28 06:16:00+00:00,21451.25,21452.0,21450.25,21450.5,27.0
2025-05-28 06:17:00+00:00,21451.5,21451.5,21449.5,21451.0,21.0
2025-05-28 06:18:00+00:00,21451.0,21451.0,21449.75,21451.0,22.0
2025-05-28 06:19:00+00:00,21456.5,21456.5,21450.75,21451.0,75.0
2025-05-28 06:20:00+00:00,21458.75,21462.25,21456.5,21456.5,134.0
2025-05-28 06:21:00+00:00,21449.5,21458.75,21448.5,21458.5,131.0
2025-05-28 06:22:00+00:00,21452.5,21453.75,21447.25,21449.0,55.0
2025-05-28 06:23:00+00:00,21458.25,21458.5,21453.75,21453.75,65.0
2025-05-28 06:24:00+00:00,21452.5,21457.75,21452.0,21457.75,71.0
2025-05-28 06:25:00+00:00,21446.25,21452.75,21445.75,21452.75,79.0
2025-05-28 06:26:00+00:00,21450.5,21450.5,21446.5,21446.75,47.0
2025-05-28 06:27:00+00:00,21454.0,21454.0,21447.0,21450.0,38.0
2025-05-28 06:28:00+00:00,21456.0,21456.0,21453.75,21455.0,44.0
2025-05-28 06:29:00+00:00,21456.75,21456.75,21454.75,21455.25,30.0
2025-05-28 06:30:00+00:00,21450.25,21455.5,21450.0,21455.0,62.0
2025-05-28 06:31:00+00:00,21445.0,21449.0,21444.75,21449.0,65.0
2025-05-28 06:32:00+00:00,21448.25,21448.25,21446.0,21447.0,31.0
2025-05-28 06:33:00+00:00,21450.5,21452.5,21448.0,21448.25,48.0
2025-05-28 06:34:00+00:00,21453.5,21453.5,21449.0,21451.75,47.0
2025-05-28 06:35:00+00:00,21454.5,21455.5,21452.75,21452.75,34.0
2025-05-28 06:36:00+00:00,21455.0,21455.5,21454.0,21455.0,54.0
2025-05-28 06:37:00+00:00,21449.0,21454.0,21449.0,21454.0,29.0
2025-05-28 06:38:00+00:00,21449.75,21449.75,21446.0,21448.75,75.0
2025-05-28 06:39:00+00:00,21446.25,21451.25,21446.25,21451.0,33.0
2025-05-28 06:40:00+00:00,21452.25,21452.25,21445.25,21446.75,67.0
2025-05-28 06:41:00+00:00,21449.5,21452.25,21449.5,21452.25,18.0
2025-05-28 06:42:00+00:00,21449.0,21450.5,21448.0,21450.25,14.0
2025-05-28 06:43:00+00:00,21448.75,21451.0,21448.0,21449.5,40.0
2025-05-28 06:44:00+00:00,21445.0,21447.5,21444.0,21447.5,58.0
2025-05-28 06:45:00+00:00,21446.5,21448.0,21445.75,21445.75,39.0
2025-05-28 06:46:00+00:00,21448.25,21448.25,21446.0,21447.0,29.0
2025-05-28 06:47:00+00:00,21447.5,21449.0,21446.75,21448.75,27.0
2025-05-28 06:48:00+00:00,21447.25,21449.5,21446.75,21449.25,16.0
2025-05-28 06:49:00+00:00,21446.75,21448.0,21446.75,21448.0,8.0
2025-05-28 06:50:00+00:00,21446.5,21448.5,21446.0,21447.0,41.0
2025-05-28 06:51:00+00:00,21447.25,21447.5,21445.5,21446.5,21.0
2025-05-28 06:52:00+00:00,21445.0,21447.5,21444.75,21447.25,30.0
2025-05-28 06:53:00+00:00,21446.5,21448.5,21445.0,21445.0,31.0
2025-05-28 06:54:00+00:00,21445.25,21447.5,21444.5,21445.0,80.0
2025-05-28 06:55:00+00:00,21446.0,21447.0,21445.0,21445.75,30.0
2025-05-28 06:56:00+00:00,21446.0,21446.5,21445.0,21446.0,18.0
2025-05-28 06:57:00+00:00,21441.75,21447.5,21441.25,21446.0,78.0
2025-05-28 06:58:00+00:00,21441.0,21443.25,21438.25,21441.75,130.0
2025-05-28 06:59:00+00:00,21436.0,21441.75,21433.25,21440.75,202.0
2025-05-28 07:00:00+00:00,21444.0,21449.0,21436.25,21436.75,277.0
2025-05-28 07:01:00+00:00,21440.0,21445.75,21439.5,21444.25,96.0
2025-05-28 07:02:00+00:00,21437.25,21443.0,21436.5,21439.0,105.0
2025-05-28 07:03:00+00:00,21443.0,21444.5,21435.5,21437.75,69.0
2025-05-28 07:04:00+00:00,21439.5,21444.0,21439.5,21443.75,50.0
2025-05-28 07:05:00+00:00,21437.0,21443.25,21437.0,21440.75,86.0
2025-05-28 07:06:00+00:00,21438.0,21441.25,21435.0,21437.0,100.0
2025-05-28 07:07:00+00:00,21450.0,21450.5,21435.25,21438.0,241.0
2025-05-28 07:08:00+00:00,21452.0,21453.0,21450.0,21450.75,152.0
2025-05-28 07:09:00+00:00,21450.5,21452.75,21449.75,21452.0,77.0
2025-05-28 07:10:00+00:00,21442.25,21450.5,21440.0,21450.5,145.0
2025-05-28 07:11:00+00:00,21445.75,21448.5,21441.5,21443.0,116.0
2025-05-28 07:12:00+00:00,21448.25,21449.0,21443.75,21447.0,103.0
2025-05-28 07:13:00+00:00,21445.0,21449.75,21445.0,21448.5,30.0
2025-05-28 07:14:00+00:00,21450.25,21451.0,21445.0,21445.0,47.0
2025-05-28 07:15:00+00:00,21447.5,21449.75,21445.75,21449.25,50.0
2025-05-28 07:16:00+00:00,21450.25,21452.25,21446.5,21447.75,66.0
2025-05-28 07:17:00+00:00,21453.75,21454.25,21451.0,21451.0,71.0
2025-05-28 07:18:00+00:00,21453.5,21455.25,21451.75,21454.0,163.0
2025-05-28 07:19:00+00:00,21451.5,21454.5,21450.5,21453.5,37.0
2025-05-28 07:20:00+00:00,21453.25,21457.25,21451.0,21452.75,116.0
2025-05-28 07:21:00+00:00,21455.5,21456.5,21452.25,21453.75,55.0
2025-05-28 07:22:00+00:00,21457.75,21458.0,21456.0,21456.0,48.0
2025-05-28 07:23:00+00:00,21455.5,21458.5,21455.0,21457.25,106.0
2025-05-28 07:24:00+00:00,21451.0,21455.75,21447.25,21455.5,170.0
2025-05-28 07:25:00+00:00,21451.5,21452.75,21449.25,21450.25,53.0
2025-05-28 07:26:00+00:00,21448.0,21451.0,21447.75,21451.0,38.0
2025-05-28 07:27:00+00:00,21449.25,21450.0,21447.0,21447.0,30.0
2025-05-28 07:28:00+00:00,21447.75,21451.0,21447.75,21449.5,35.0
2025-05-28 07:29:00+00:00,21434.25,21447.5,21434.0,21447.5,269.0
2025-05-28 07:30:00+00:00,21434.0,21436.0,21430.5,21435.0,140.0
2025-05-28 07:40:00+00:00,21440.75,21445.75,21438.5,21438.5,722.0
2025-05-28 07:41:00+00:00,21450.0,21451.5,21441.75,21441.75,99.0
2025-05-28 07:42:00+00:00,21453.5,21455.0,21449.25,21449.25,102.0
2025-05-28 07:43:00+00:00,21452.75,21454.5,21450.75,21453.25,73.0
2025-05-28 07:44:00+00:00,21453.5,21454.0,21450.75,21452.25,53.0
2025-05-28 07:45:00+00:00,21447.25,21452.5,21446.5,21452.5,81.0
2025-05-28 07:46:00+00:00,21441.75,21448.0,21441.25,21446.75,86.0
2025-05-28 07:47:00+00:00,21443.25,21443.25,21440.25,21441.0,43.0
2025-05-28 07:48:00+00:00,21441.75,21444.75,21441.75,21444.25,40.0
2025-05-28 07:49:00+00:00,21443.5,21444.25,21440.0,21441.0,68.0
2025-05-28 07:50:00+00:00,21441.75,21443.75,21438.5,21442.75,128.0
2025-05-28 07:51:00+00:00,21438.75,21441.5,21438.25,21441.0,64.0
2025-05-28 07:52:00+00:00,21436.75,21439.0,21436.0,21438.25,126.0
2025-05-28 07:53:00+00:00,21435.75,21438.0,21435.25,21437.0,43.0
2025-05-28 07:54:00+00:00,21435.25,21436.75,21432.25,21435.0,121.0
2025-05-28 07:55:00+00:00,21434.5,21438.5,21428.0,21435.25,346.0
2025-05-28 07:56:00+00:00,21432.25,21436.25,21431.5,21434.75,76.0
2025-05-28 07:57:00+00:00,21433.5,21439.0,21432.0,21432.25,97.0
2025-05-28 07:58:00+00:00,21431.75,21436.5,21431.0,21434.0,77.0
2025-05-28 07:59:00+00:00,21433.5,21434.25,21430.25,21432.0,71.0
2025-05-28 08:00:00+00:00,21434.25,21439.75,21432.25,21433.0,255.0
2025-05-28 08:01:00+00:00,21439.25,21440.75,21431.5,21434.0,130.0
2025-05-28 08:02:00+00:00,21438.5,21439.5,21435.25,21438.0,68.0
2025-05-28 08:03:00+00:00,21433.25,21443.25,21432.25,21439.25,162.0
2025-05-28 08:04:00+00:00,21437.0,21438.0,21431.75,21433.0,111.0
2025-05-28 08:05:00+00:00,21442.5,21442.5,21437.0,21437.25,73.0
2025-05-28 08:06:00+00:00,21438.75,21442.25,21437.75,21441.5,59.0
2025-05-28 08:07:00+00:00,21438.25,21441.75,21437.75,21438.25,48.0
2025-05-28 08:08:00+00:00,21434.0,21439.25,21430.5,21438.25,95.0
2025-05-28 08:09:00+00:00,21427.0,21433.0,21424.5,21433.0,215.0
2025-05-28 08:10:00+00:00,21429.75,21429.75,21424.75,21427.5,125.0
2025-05-28 08:11:00+00:00,21424.25,21429.75,21420.25,21429.75,177.0
2025-05-28 08:12:00+00:00,21421.25,21428.0,21419.5,21423.5,174.0
2025-05-28 08:13:00+00:00,21422.0,21423.5,21417.5,21421.0,97.0
2025-05-28 08:14:00+00:00,21426.25,21426.5,21419.25,21420.5,54.0
2025-05-28 08:15:00+00:00,21428.5,21428.5,21425.0,21425.25,88.0
2025-05-28 08:16:00+00:00,21429.0,21431.0,21427.0,21427.5,83.0
2025-05-28 08:17:00+00:00,21431.75,21432.5,21429.75,21430.75,60.0
2025-05-28 08:18:00+00:00,21432.5,21433.25,21431.0,21432.0,65.0
2025-05-28 08:19:00+00:00,21430.25,21433.75,21428.0,21432.25,67.0
2025-05-28 08:20:00+00:00,21424.5,21430.0,21422.75,21429.5,83.0
2025-05-28 08:21:00+00:00,21427.5,21430.25,21425.0,21425.0,70.0
2025-05-28 08:22:00+00:00,21432.0,21432.0,21426.75,21427.25,40.0
2025-05-28 08:23:00+00:00,21432.75,21433.5,21429.5,21430.5,30.0
2025-05-28 08:24:00+00:00,21429.25,21433.5,21429.25,21432.75,36.0
2025-05-28 08:25:00+00:00,21431.25,21432.0,21428.75,21430.25,18.0
2025-05-28 08:26:00+00:00,21436.0,21439.5,21430.5,21430.75,173.0
2025-05-28 08:27:00+00:00,21433.5,21436.0,21431.5,21435.75,44.0
2025-05-28 08:28:00+00:00,21433.25,21433.75,21429.75,21433.5,45.0
2025-05-28 08:29:00+00:00,21430.25,21433.75,21429.0,21432.75,38.0
2025-05-28 08:30:00+00:00,21427.5,21430.25,21426.5,21430.25,29.0
2025-05-28 08:31:00+00:00,21427.75,21427.75,21423.75,21427.0,109.0
2025-05-28 08:32:00+00:00,21427.0,21429.25,21427.0,21427.75,45.0
2025-05-28 08:33:00+00:00,21428.5,21428.5,21426.75,21427.25,39.0
2025-05-28 08:34:00+00:00,21433.75,21436.25,21428.25,21428.25,151.0
2025-05-28 08:35:00+00:00,21434.0,21434.75,21433.0,21434.0,27.0
2025-05-28 08:36:00+00:00,21434.5,21437.0,21433.5,21434.25,51.0
2025-05-28 08:37:00+00:00,21433.75,21434.25,21433.75,21434.25,5.0
2025-05-28 08:38:00+00:00,21435.0,21435.5,21434.5,21435.5,12.0
2025-05-28 08:39:00+00:00,21431.5,21436.0,21431.5,21435.0,36.0
2025-05-28 08:40:00+00:00,21432.75,21434.25,21430.25,21430.5,35.0
2025-05-28 08:41:00+00:00,21439.25,21440.25,21432.75,21433.0,72.0
2025-05-28 08:42:00+00:00,21439.0,21440.5,21438.5,21440.5,46.0
2025-05-28 08:43:00+00:00,21438.0,21438.75,21437.25,21438.5,50.0
2025-05-28 08:44:00+00:00,21438.75,21438.75,21435.5,21437.25,29.0
2025-05-28 08:45:00+00:00,21434.25,21438.5,21434.25,21438.5,29.0
2025-05-28 08:46:00+00:00,21431.0,21437.25,21430.75,21437.25,76.0
2025-05-28 08:47:00+00:00,21427.5,21431.0,21427.0,21431.0,93.0
2025-05-28 08:48:00+00:00,21428.25,21432.25,21427.0,21427.5,55.0
2025-05-28 08:49:00+00:00,21427.25,21428.25,21426.0,21427.25,52.0
2025-05-28 08:50:00+00:00,21428.25,21430.0,21425.5,21426.5,79.0
2025-05-28 08:51:00+00:00,21426.5,21428.0,21425.0,21428.0,49.0
2025-05-28 08:52:00+00:00,21419.5,21427.75,21418.5,21427.5,178.0
2025-05-28 08:53:00+00:00,21419.0,21420.75,21416.5,21419.0,67.0
2025-05-28 08:54:00+00:00,21418.75,21420.5,21417.5,21419.0,55.0
2025-05-28 08:55:00+00:00,21420.5,21421.25,21418.75,21419.0,53.0
2025-05-28 08:56:00+00:00,21419.25,21421.25,21419.25,21419.75,24.0
2025-05-28 08:57:00+00:00,21421.25,21421.75,21419.0,21420.5,48.0
2025-05-28 08:58:00+00:00,21419.5,21422.0,21419.5,21421.5,37.0
2025-05-28 08:59:00+00:00,21419.5,21420.5,21418.75,21419.75,49.0
2025-05-28 09:00:00+00:00,21418.75,21419.75,21416.0,21419.75,114.0
2025-05-28 09:01:00+00:00,21420.25,21420.25,21416.5,21418.5,87.0
2025-05-28 09:02:00+00:00,21421.75,21422.0,21419.0,21420.75,39.0
2025-05-28 09:03:00+00:00,21421.75,21422.75,21419.75,21422.0,123.0
2025-05-28 09:04:00+00:00,21423.75,21424.75,21422.0,21422.25,56.0
2025-05-28 09:05:00+00:00,21425.25,21426.0,21422.25,21423.75,48.0
2025-05-28 09:06:00+00:00,21428.5,21429.5,21426.0,21426.0,73.0
2025-05-28 09:07:00+00:00,21430.5,21431.25,21428.0,21429.0,41.0
2025-05-28 09:08:00+00:00,21426.25,21430.25,21423.5,21430.25,107.0
2025-05-28 09:09:00+00:00,21423.0,21425.5,21422.0,21425.5,31.0
2025-05-28 09:10:00+00:00,21420.5,21423.75,21419.75,21422.25,91.0
2025-05-28 09:11:00+00:00,21421.75,21421.75,21419.0,21419.75,72.0
2025-05-28 09:12:00+00:00,21424.25,21425.75,21422.5,21422.75,81.0
2025-05-28 09:13:00+00:00,21426.5,21428.5,21424.75,21424.75,55.0
2025-05-28 09:14:00+00:00,21422.5,21425.75,21421.0,21425.75,53.0
2025-05-28 09:15:00+00:00,21419.5,21422.5,21419.25,21422.5,107.0
2025-05-28 09:16:00+00:00,21419.0,21419.0,21414.5,21418.75,147.0
2025-05-28 09:17:00+00:00,21426.75,21426.75,21419.0,21419.25,82.0
2025-05-28 09:18:00+00:00,21425.5,21429.5,21424.75,21426.0,95.0
2025-05-28 09:19:00+00:00,21429.25,21430.0,21425.0,21426.25,86.0
2025-05-28 09:20:00+00:00,21429.0,21430.0,21428.0,21428.0,57.0
2025-05-28 09:21:00+00:00,21421.75,21430.0,21421.5,21429.25,123.0
2025-05-28 09:22:00+00:00,21418.75,21423.75,21416.25,21421.0,127.0
2025-05-28 09:23:00+00:00,21412.0,21418.0,21408.5,21418.0,284.0
2025-05-28 09:24:00+00:00,21411.0,21412.75,21408.25,21412.0,97.0
2025-05-28 09:25:00+00:00,21413.5,21413.5,21410.75,21410.75,81.0
2025-05-28 09:26:00+00:00,21415.0,21415.5,21413.25,21413.25,43.0
2025-05-28 09:27:00+00:00,21416.25,21416.75,21411.0,21414.0,70.0
2025-05-28 09:28:00+00:00,21416.5,21418.0,21414.5,21415.75,45.0
2025-05-28 09:29:00+00:00,21416.5,21417.0,21412.75,21415.25,64.0
2025-05-28 09:30:00+00:00,21412.75,21416.5,21409.25,21416.25,141.0
2025-05-28 09:31:00+00:00,21411.0,21414.75,21408.75,21413.5,84.0
2025-05-28 09:32:00+00:00,21417.75,21418.0,21411.0,21411.0,54.0
2025-05-28 09:33:00+00:00,21418.0,21419.25,21416.25,21418.0,57.0
2025-05-28 09:34:00+00:00,21419.0,21421.0,21418.25,21418.25,58.0
2025-05-28 09:35:00+00:00,21416.0,21421.25,21415.75,21418.5,51.0
2025-05-28 09:36:00+00:00,21415.75,21415.75,21414.0,21415.0,41.0
2025-05-28 09:38:00+00:00,21421.75,21422.0,21418.0,21418.0,77.0
2025-05-28 09:39:00+00:00,21420.0,21422.75,21420.0,21422.25,51.0
2025-05-28 09:40:00+00:00,21422.0,21422.5,21416.75,21420.75,200.0
2025-05-28 09:41:00+00:00,21414.0,21422.25,21414.0,21421.75,68.0
2025-05-28 09:42:00+00:00,21416.75,21417.0,21414.25,21414.25,41.0
2025-05-28 09:43:00+00:00,21415.5,21417.0,21414.5,21416.75,47.0
2025-05-28 09:44:00+00:00,21410.0,21415.0,21407.0,21414.5,343.0
2025-05-28 09:45:00+00:00,21416.75,21421.0,21411.75,21412.25,142.0
2025-05-28 09:46:00+00:00,21420.0,21421.0,21416.75,21417.0,45.0
2025-05-28 09:47:00+00:00,21419.5,21421.25,21419.0,21420.25,33.0
2025-05-28 09:48:00+00:00,21418.75,21421.0,21418.75,21419.5,41.0
2025-05-28 09:49:00+00:00,21420.75,21421.0,21415.25,21418.25,43.0
2025-05-28 09:50:00+00:00,21415.75,21421.0,21415.75,21420.0,49.0
2025-05-28 09:51:00+00:00,21420.75,21422.0,21418.25,21418.25,36.0
2025-05-28 09:52:00+00:00,21423.75,21425.0,21419.75,21421.0,95.0
2025-05-28 09:53:00+00:00,21426.25,21428.0,21423.25,21424.5,106.0
2025-05-28 09:54:00+00:00,21424.5,21427.0,21423.75,21426.25,53.0
2025-05-28 09:55:00+00:00,21428.5,21428.5,21422.5,21424.75,101.0
2025-05-28 09:56:00+00:00,21424.5,21429.75,21424.5,21427.5,56.0
2025-05-28 09:57:00+00:00,21425.5,21426.75,21424.0,21425.0,36.0
2025-05-28 09:58:00+00:00,21427.5,21427.75,21425.75,21426.0,52.0
2025-05-28 09:59:00+00:00,21430.0,21430.25,21426.25,21427.75,70.0
2025-05-28 10:00:00+00:00,21427.5,21432.5,21424.0,21429.5,220.0
2025-05-28 10:01:00+00:00,21433.75,21434.75,21426.75,21427.75,143.0
2025-05-28 10:02:00+00:00,21434.5,21435.75,21432.5,21433.25,128.0
2025-05-28 10:03:00+00:00,21435.75,21436.75,21433.25,21433.5,85.0
2025-05-28 10:04:00+00:00,21436.25,21437.0,21433.5,21437.0,73.0
2025-05-28 10:05:00+00:00,21434.25,21437.25,21434.0,21435.5,109.0
2025-05-28 10:06:00+00:00,21437.0,21437.0,21433.0,21434.25,69.0
2025-05-28 10:07:00+00:00,21442.5,21447.25,21436.0,21436.75,271.0
2025-05-28 10:08:00+00:00,21444.5,21445.25,21441.5,21442.0,169.0
2025-05-28 10:09:00+00:00,21444.25,21446.5,21443.25,21444.5,131.0
2025-05-28 10:10:00+00:00,21442.5,21444.75,21441.25,21444.25,83.0
2025-05-28 10:11:00+00:00,21444.5,21445.25,21441.0,21442.75,70.0
2025-05-28 10:12:00+00:00,21448.0,21448.5,21442.5,21444.5,113.0
2025-05-28 10:13:00+00:00,21449.25,21450.0,21445.75,21449.0,103.0
2025-05-28 10:14:00+00:00,21450.25,21451.25,21447.25,21449.75,141.0
2025-05-28 10:15:00+00:00,21452.0,21453.25,21449.0,21450.0,115.0
2025-05-28 10:16:00+00:00,21453.0,21453.5,21450.75,21452.75,88.0
2025-05-28 10:17:00+00:00,21453.25,21454.0,21450.0,21453.0,125.0
2025-05-28 10:18:00+00:00,21452.5,21453.0,21449.75,21453.0,65.0
2025-05-28 10:19:00+00:00,21448.0,21452.75,21447.0,21452.25,122.0
2025-05-28 10:20:00+00:00,21450.5,21451.25,21447.75,21448.75,54.0
2025-05-28 10:21:00+00:00,21450.75,21451.5,21448.0,21450.75,50.0
2025-05-28 10:22:00+00:00,21451.5,21453.0,21449.0,21450.5,56.0
2025-05-28 10:23:00+00:00,21454.0,21454.0,21449.5,21451.0,40.0
2025-05-28 10:24:00+00:00,21451.25,21456.0,21450.25,21454.0,85.0
2025-05-28 10:25:00+00:00,21451.0,21453.25,21450.25,21451.5,38.0
2025-05-28 10:26:00+00:00,21452.25,21452.75,21449.25,21450.25,63.0
2025-05-28 10:27:00+00:00,21454.0,21454.5,21450.75,21452.0,51.0
2025-05-28 10:28:00+00:00,21455.5,21456.75,21453.75,21454.0,116.0
2025-05-28 10:29:00+00:00,21457.5,21458.5,21455.25,21455.75,90.0
2025-05-28 10:30:00+00:00,21459.0,21461.25,21456.25,21457.25,210.0
2025-05-28 10:31:00+00:00,21465.75,21466.5,21458.5,21458.5,328.0
2025-05-28 10:32:00+00:00,21476.25,21477.0,21465.5,21465.5,537.0
2025-05-28 10:33:00+00:00,21478.25,21479.5,21476.0,21476.25,222.0
2025-05-28 10:34:00+00:00,21485.75,21489.25,21477.25,21477.25,740.0
2025-05-28 10:35:00+00:00,21484.0,21486.25,21480.5,21486.25,238.0
2025-05-28 10:36:00+00:00,21491.75,21492.75,21484.0,21484.0,406.0
2025-05-28 10:37:00+00:00,21492.75,21494.5,21488.75,21491.75,193.0
2025-05-28 10:38:00+00:00,21494.75,21497.75,21492.75,21493.25,344.0
2025-05-28 10:39:00+00:00,21490.75,21495.5,21490.0,21494.0,156.0
2025-05-28 10:40:00+00:00,21493.75,21495.75,21490.0,21490.5,188.0
2025-05-28 10:41:00+00:00,21501.0,21502.0,21492.5,21493.0,362.0
2025-05-28 10:42:00+00:00,21501.75,21502.5,21495.5,21500.5,312.0
2025-05-28 10:43:00+00:00,21499.5,21503.0,21498.75,21501.5,129.0
2025-05-28 10:44:00+00:00,21495.5,21500.5,21495.0,21499.5,228.0
2025-05-28 10:45:00+00:00,21503.0,21504.25,21496.0,21496.25,136.0
2025-05-28 10:46:00+00:00,21503.75,21505.5,21500.5,21503.0,241.0
2025-05-28 10:47:00+00:00,21506.75,21506.75,21502.25,21504.25,126.0
2025-05-28 10:48:00+00:00,21501.25,21507.5,21500.25,21506.75,166.0
2025-05-28 10:49:00+00:00,21499.5,21501.0,21497.0,21500.5,154.0
2025-05-28 10:50:00+00:00,21505.5,21505.5,21499.75,21499.75,157.0
2025-05-28 10:51:00+00:00,21510.25,21511.0,21504.75,21505.5,140.0
2025-05-28 10:52:00+00:00,21507.25,21510.25,21507.25,21510.25,91.0
2025-05-28 10:53:00+00:00,21513.25,21513.25,21504.75,21507.0,164.0
2025-05-28 10:54:00+00:00,21510.5,21515.0,21510.0,21512.0,177.0
2025-05-28 10:55:00+00:00,21506.25,21511.25,21505.0,21510.5,157.0
2025-05-28 10:56:00+00:00,21510.5,21510.5,21504.0,21506.0,136.0
2025-05-28 10:57:00+00:00,21511.75,21514.0,21510.0,21510.0,165.0
2025-05-28 10:58:00+00:00,21513.25,21515.25,21510.75,21512.25,175.0
2025-05-28 10:59:00+00:00,21516.5,21518.75,21514.5,21514.5,189.0
2025-05-28 11:00:00+00:00,21521.5,21521.5,21509.5,21516.5,391.0
2025-05-28 11:01:00+00:00,21518.0,21523.75,21516.5,21521.25,181.0
2025-05-28 11:02:00+00:00,21515.0,21519.0,21512.0,21517.5,199.0
2025-05-28 11:03:00+00:00,21503.75,21515.75,21503.5,21514.25,291.0
2025-05-28 11:04:00+00:00,21502.75,21507.5,21499.5,21503.25,256.0
2025-05-28 11:05:00+00:00,21502.25,21503.0,21499.25,21502.75,116.0
2025-05-28 11:06:00+00:00,21501.75,21506.25,21500.0,21501.5,156.0
2025-05-28 11:07:00+00:00,21497.75,21501.5,21495.5,21501.5,160.0
2025-05-28 11:08:00+00:00,21497.75,21498.5,21492.25,21497.5,192.0
2025-05-28 11:09:00+00:00,21502.75,21504.0,21497.0,21497.0,138.0
2025-05-28 11:10:00+00:00,21498.25,21503.25,21497.5,21502.0,89.0
2025-05-28 11:11:00+00:00,21506.25,21506.25,21494.25,21497.75,175.0
2025-05-28 11:12:00+00:00,21502.75,21508.5,21502.75,21506.25,100.0
2025-05-28 11:13:00+00:00,21499.0,21505.0,21497.0,21502.25,240.0
2025-05-28 11:14:00+00:00,21501.5,21501.75,21497.0,21498.5,99.0
2025-05-28 11:15:00+00:00,21506.25,21506.25,21500.75,21501.5,79.0
2025-05-28 11:16:00+00:00,21503.5,21507.5,21500.25,21506.5,90.0
2025-05-28 11:17:00+00:00,21499.25,21504.75,21496.0,21503.5,98.0
2025-05-28 11:18:00+00:00,21498.5,21501.5,21497.75,21499.0,46.0
2025-05-28 11:19:00+00:00,21495.25,21498.75,21493.0,21498.75,121.0
2025-05-28 11:20:00+00:00,21491.75,21497.5,21488.75,21494.75,189.0
2025-05-28 11:21:00+00:00,21487.75,21492.0,21487.25,21492.0,203.0
2025-05-28 11:22:00+00:00,21487.25,21490.0,21486.25,21487.75,94.0
2025-05-28 11:23:00+00:00,21488.5,21489.25,21486.5,21488.0,98.0
2025-05-28 11:24:00+00:00,21487.0,21490.5,21486.25,21489.25,119.0
2025-05-28 11:25:00+00:00,21490.0,21493.75,21487.0,21487.0,151.0
2025-05-28 11:26:00+00:00,21489.75,21496.0,21489.75,21490.25,168.0
2025-05-28 11:27:00+00:00,21493.0,21493.0,21488.75,21489.75,74.0
2025-05-28 11:28:00+00:00,21497.0,21497.0,21492.5,21493.25,88.0
2025-05-28 11:29:00+00:00,21494.0,21498.0,21492.5,21496.5,231.0
2025-05-28 11:30:00+00:00,21498.0,21499.75,21491.75,21494.25,143.0
2025-05-28 11:31:00+00:00,21508.25,21509.75,21497.0,21498.5,346.0
2025-05-28 11:32:00+00:00,21508.5,21511.75,21506.5,21508.5,272.0
2025-05-28 11:33:00+00:00,21507.75,21509.75,21505.25,21508.25,191.0
2025-05-28 11:34:00+00:00,21497.25,21507.5,21494.5,21507.25,273.0
2025-05-28 11:35:00+00:00,21496.0,21502.0,21495.0,21497.0,162.0
2025-05-28 11:36:00+00:00,21499.25,21502.75,21494.5,21496.25,105.0
2025-05-28 11:37:00+00:00,21501.75,21504.0,21498.5,21499.75,80.0
2025-05-28 11:38:00+00:00,21498.5,21502.5,21497.75,21501.25,64.0
2025-05-28 11:39:00+00:00,21500.25,21503.0,21497.5,21498.0,77.0
2025-05-28 11:40:00+00:00,21503.25,21504.0,21499.25,21499.75,62.0
2025-05-28 11:41:00+00:00,21496.5,21502.75,21495.25,21502.75,114.0
2025-05-28 11:42:00+00:00,21497.25,21498.0,21492.5,21496.25,119.0
2025-05-28 11:43:00+00:00,21493.0,21497.75,21492.75,21497.75,46.0
2025-05-28 11:44:00+00:00,21490.25,21494.0,21489.5,21492.5,211.0
2025-05-28 11:45:00+00:00,21495.0,21496.5,21488.25,21490.0,134.0
2025-05-28 11:46:00+00:00,21492.0,21497.25,21490.75,21495.75,87.0
2025-05-28 11:47:00+00:00,21488.25,21492.5,21486.75,21492.25,204.0
2025-05-28 11:48:00+00:00,21491.0,21492.25,21488.0,21488.75,67.0
2025-05-28 11:49:00+00:00,21492.5,21493.5,21490.5,21491.5,98.0
2025-05-28 11:50:00+00:00,21494.5,21498.0,21492.5,21492.75,123.0
2025-05-28 11:51:00+00:00,21498.75,21498.75,21494.25,21494.25,48.0
2025-05-28 11:52:00+00:00,21498.25,21501.75,21494.25,21499.5,113.0
2025-05-28 11:53:00+00:00,21498.5,21500.0,21497.75,21498.25,47.0
2025-05-28 11:54:00+00:00,21500.75,21501.5,21497.75,21498.25,88.0
2025-05-28 11:55:00+00:00,21497.75,21502.5,21497.5,21501.25,152.0
2025-05-28 11:56:00+00:00,21502.75,21503.25,21496.75,21497.5,84.0
2025-05-28 11:57:00+00:00,21507.5,21508.0,21502.25,21503.0,166.0
2025-05-28 11:58:00+00:00,21507.75,21508.5,21505.0,21507.25,120.0
2025-05-28 11:59:00+00:00,21504.0,21507.5,21502.5,21507.25,108.0
2025-05-28 12:00:00+00:00,21504.5,21505.25,21500.25,21504.0,229.0
2025-05-28 12:01:00+00:00,21507.25,21508.75,21503.5,21504.75,140.0
2025-05-28 12:02:00+00:00,21507.5,21509.0,21505.75,21507.5,54.0
2025-05-28 12:03:00+00:00,21501.75,21509.0,21500.75,21508.0,114.0
2025-05-28 12:04:00+00:00,21509.25,21510.0,21500.75,21501.25,146.0
2025-05-28 12:05:00+00:00,21506.25,21509.0,21502.5,21509.0,121.0
2025-05-28 12:06:00+00:00,21508.5,21511.0,21506.75,21506.75,87.0
2025-05-28 12:07:00+00:00,21510.25,21512.0,21507.5,21508.25,107.0
2025-05-28 12:08:00+00:00,21513.0,21516.0,21510.25,21510.5,239.0
2025-05-28 12:09:00+00:00,21506.0,21514.0,21505.0,21512.5,128.0
2025-05-28 12:10:00+00:00,21508.5,21511.25,21504.5,21505.75,156.0
2025-05-28 12:11:00+00:00,21507.5,21509.25,21505.75,21507.75,81.0
2025-05-28 12:12:00+00:00,21514.0,21514.25,21505.75,21507.25,104.0
2025-05-28 12:13:00+00:00,21515.25,21515.25,21512.5,21513.75,158.0
2025-05-28 12:14:00+00:00,21516.25,21517.75,21513.75,21515.5,126.0
2025-05-28 12:15:00+00:00,21516.75,21517.5,21515.25,21515.75,96.0
2025-05-28 12:16:00+00:00,21520.75,21521.25,21516.25,21516.75,240.0
2025-05-28 12:17:00+00:00,21521.0,21522.0,21519.0,21521.5,116.0
2025-05-28 12:18:00+00:00,21517.0,21521.0,21515.0,21520.75,163.0
2025-05-28 12:19:00+00:00,21515.75,21517.5,21513.5,21517.25,150.0
2025-05-28 12:20:00+00:00,21515.75,21518.75,21514.25,21516.0,186.0
2025-05-28 12:21:00+00:00,21517.75,21519.0,21516.5,21517.0,100.0
2025-05-28 12:22:00+00:00,21515.5,21518.25,21515.0,21517.25,80.0
2025-05-28 12:23:00+00:00,21528.0,21528.5,21512.5,21515.75,544.0
2025-05-28 12:24:00+00:00,21525.75,21529.75,21523.75,21528.0,249.0
2025-05-28 12:25:00+00:00,21524.0,21527.25,21523.0,21525.25,137.0
2025-05-28 12:26:00+00:00,21514.75,21524.5,21513.75,21524.5,208.0
2025-05-28 12:27:00+00:00,21509.5,21514.25,21509.5,21513.75,192.0
2025-05-28 12:28:00+00:00,21511.75,21512.5,21508.75,21509.75,106.0
2025-05-28 12:29:00+00:00,21513.25,21515.75,21507.75,21511.25,230.0
2025-05-28 12:30:00+00:00,21509.25,21513.75,21504.25,21513.5,301.0
2025-05-28 12:31:00+00:00,21507.5,21511.25,21506.5,21508.75,149.0
2025-05-28 12:32:00+00:00,21512.5,21513.0,21506.5,21506.5,116.0
2025-05-28 12:33:00+00:00,21512.0,21514.5,21509.5,21512.25,103.0
2025-05-28 12:34:00+00:00,21513.75,21513.75,21508.75,21511.0,74.0
2025-05-28 12:35:00+00:00,21514.5,21515.5,21512.5,21513.0,114.0
2025-05-28 12:36:00+00:00,21515.0,21520.5,21514.25,21515.0,238.0
2025-05-28 12:37:00+00:00,21520.5,21521.0,21513.75,21514.75,127.0
2025-05-28 12:38:00+00:00,21524.25,21524.25,21520.25,21520.5,122.0
2025-05-28 12:39:00+00:00,21527.75,21528.25,21522.25,21524.0,198.0
2025-05-28 12:40:00+00:00,21531.0,21532.5,21527.0,21527.75,299.0
2025-05-28 12:41:00+00:00,21528.5,21531.25,21527.5,21530.25,149.0
2025-05-28 12:42:00+00:00,21526.75,21528.5,21525.0,21528.25,198.0
2025-05-28 12:43:00+00:00,21533.75,21534.25,21526.0,21526.5,195.0
2025-05-28 12:44:00+00:00,21536.75,21537.5,21532.25,21533.5,294.0
2025-05-28 12:45:00+00:00,21535.0,21537.5,21533.0,21537.0,239.0
2025-05-28 12:46:00+00:00,21533.5,21536.0,21532.0,21534.25,165.0
2025-05-28 12:47:00+00:00,21523.25,21533.5,21521.25,21533.5,420.0
2025-05-28 12:48:00+00:00,21519.75,21522.75,21516.5,21522.75,355.0
2025-05-28 12:49:00+00:00,21513.5,21519.75,21513.5,21519.25,255.0
2025-05-28 12:50:00+00:00,21514.0,21519.25,21513.25,21513.5,183.0
2025-05-28 12:51:00+00:00,21507.25,21515.0,21507.0,21514.0,274.0
2025-05-28 12:52:00+00:00,21507.25,21510.25,21506.25,21507.5,169.0
2025-05-28 12:53:00+00:00,21504.5,21507.75,21503.25,21507.0,211.0
2025-05-28 12:54:00+00:00,21507.0,21508.25,21501.5,21504.25,317.0
2025-05-28 12:55:00+00:00,21506.25,21508.75,21503.75,21507.0,171.0
2025-05-28 12:56:00+00:00,21507.75,21511.0,21505.0,21506.0,211.0
2025-05-28 12:57:00+00:00,21509.0,21511.0,21504.0,21507.25,191.0
2025-05-28 12:58:00+00:00,21508.0,21511.25,21506.0,21509.25,161.0
2025-05-28 12:59:00+00:00,21507.0,21510.0,21505.5,21507.25,155.0
2025-05-28 13:00:00+00:00,21511.75,21513.25,21507.0,21507.0,237.0
2025-05-28 13:01:00+00:00,21510.0,21513.75,21506.0,21511.5,183.0
2025-05-28 13:02:00+00:00,21506.25,21510.5,21503.75,21510.5,221.0
2025-05-28 13:03:00+00:00,21503.5,21505.5,21501.5,21505.5,284.0
2025-05-28 13:04:00+00:00,21507.75,21508.25,21501.5,21503.25,160.0
2025-05-28 13:05:00+00:00,21510.0,21512.5,21505.75,21507.5,314.0
2025-05-28 13:06:00+00:00,21512.0,21513.5,21506.75,21510.75,260.0
2025-05-28 13:07:00+00:00,21509.5,21511.0,21504.25,21511.0,236.0
2025-05-28 13:08:00+00:00,21509.25,21509.5,21506.5,21509.5,158.0
2025-05-28 13:09:00+00:00,21510.0,21510.25,21507.75,21509.5,156.0
2025-05-28 13:10:00+00:00,21514.5,21519.25,21510.25,21510.25,385.0
2025-05-28 13:11:00+00:00,21515.0,21517.75,21513.75,21514.25,124.0
2025-05-28 13:12:00+00:00,21509.75,21516.25,21509.5,21514.5,170.0
2025-05-28 13:13:00+00:00,21516.0,21517.0,21506.25,21511.25,261.0
2025-05-28 13:14:00+00:00,21513.5,21519.25,21513.5,21516.5,253.0
2025-05-28 13:15:00+00:00,21512.25,21516.25,21512.25,21514.0,170.0
2025-05-28 13:16:00+00:00,21512.0,21512.5,21508.5,21512.5,131.0
2025-05-28 13:17:00+00:00,21503.0,21512.5,21503.0,21511.5,234.0
2025-05-28 13:18:00+00:00,21510.0,21513.5,21502.5,21504.25,300.0
2025-05-28 13:19:00+00:00,21511.5,21512.25,21510.25,21510.25,78.0
2025-05-28 13:20:00+00:00,21512.25,21512.75,21510.0,21512.0,41.0
2025-05-28 13:21:00+00:00,21505.25,21512.0,21505.25,21512.0,122.0
2025-05-28 13:22:00+00:00,21498.25,21506.0,21497.25,21505.5,321.0
2025-05-28 13:23:00+00:00,21497.0,21501.0,21495.0,21498.0,356.0
2025-05-28 13:24:00+00:00,21498.25,21498.75,21495.5,21498.0,133.0
2025-05-28 13:25:00+00:00,21494.75,21496.75,21491.0,21496.75,1135.0
2025-05-28 13:26:00+00:00,21494.75,21500.0,21492.75,21495.0,317.0
2025-05-28 13:27:00+00:00,21495.0,21496.25,21490.0,21494.5,311.0
2025-05-28 13:28:00+00:00,21495.5,21497.0,21488.5,21495.0,447.0
2025-05-28 13:29:00+00:00,21505.25,21505.75,21495.0,21496.0,847.0
2025-05-28 13:30:00+00:00,21510.25,21521.5,21497.25,21504.75,3744.0
2025-05-28 13:31:00+00:00,21503.75,21513.0,21490.5,21509.75,2648.0
2025-05-28 13:32:00+00:00,21516.0,21517.5,21494.5,21503.75,1757.0
2025-05-28 13:33:00+00:00,21512.0,21517.25,21505.25,21516.0,1227.0
2025-05-28 13:34:00+00:00,21525.0,21526.0,21512.25,21512.25,1580.0
2025-05-28 13:35:00+00:00,21517.25,21529.75,21510.75,21525.5,2220.0
2025-05-28 13:36:00+00:00,21528.0,21529.0,21515.0,21517.5,1377.0
2025-05-28 13:37:00+00:00,21529.0,21533.75,21518.5,21528.5,1438.0
2025-05-28 13:38:00+00:00,21531.5,21534.5,21520.75,21528.5,1062.0
2025-05-28 13:39:00+00:00,21555.75,21559.0,21531.5,21531.5,3475.0
2025-05-28 13:40:00+00:00,21554.75,21567.5,21552.75,21556.25,2869.0
2025-05-28 13:41:00+00:00,21549.75,21557.25,21540.25,21554.75,1918.0
2025-05-28 13:42:00+00:00,21552.25,21556.5,21546.5,21549.5,1442.0
2025-05-28 13:43:00+00:00,21551.25,21554.5,21545.0,21552.5,945.0
2025-05-28 13:44:00+00:00,21541.75,21551.25,21538.25,21551.0,1223.0
2025-05-28 13:45:00+00:00,21521.75,21545.0,21519.0,21542.5,2616.0
2025-05-28 13:46:00+00:00,21524.25,21529.75,21513.0,21520.75,1938.0
2025-05-28 13:47:00+00:00,21505.0,21524.25,21501.25,21523.75,1984.0
2025-05-28 13:48:00+00:00,21491.5,21506.0,21486.5,21504.75,2322.0
2025-05-28 13:49:00+00:00,21482.75,21498.25,21478.5,21491.5,2419.0
2025-05-28 13:50:00+00:00,21475.0,21487.25,21467.25,21483.25,2331.0
2025-05-28 13:51:00+00:00,21489.0,21492.25,21471.0,21474.5,1676.0
2025-05-28 13:52:00+00:00,21498.75,21504.0,21488.5,21489.5,1702.0
2025-05-28 13:53:00+00:00,21490.0,21506.25,21488.5,21498.5,1615.0
2025-05-28 13:54:00+00:00,21490.75,21492.75,21482.0,21491.75,1088.0
2025-05-28 13:55:00+00:00,21484.0,21492.75,21483.75,21491.25,807.0
2025-05-28 13:56:00+00:00,21482.0,21487.25,21476.25,21484.0,1148.0
2025-05-28 13:57:00+00:00,21461.5,21484.75,21451.5,21482.0,2561.0
2025-05-28 13:58:00+00:00,21478.25,21479.0,21461.25,21462.5,1163.0
2025-05-28 13:59:00+00:00,21472.25,21479.0,21469.75,21478.25,555.0
2025-05-28 14:00:00+00:00,21485.75,21485.75,21473.25,21477.5,2375.0
2025-05-28 14:01:00+00:00,21481.5,21486.5,21472.0,21485.25,898.0
2025-05-28 14:02:00+00:00,21470.25,21484.0,21466.5,21480.75,1090.0
2025-05-28 14:03:00+00:00,21481.5,21482.75,21464.75,21469.5,902.0
2025-05-28 14:04:00+00:00,21478.0,21484.25,21477.0,21481.75,560.0
2025-05-28 14:05:00+00:00,21480.25,21483.25,21470.75,21478.25,793.0
2025-05-28 14:06:00+00:00,21473.5,21482.75,21463.25,21480.5,964.0
2025-05-28 14:07:00+00:00,21473.5,21474.25,21462.5,21473.25,725.0
2025-05-28 14:08:00+00:00,21480.25,21485.0,21473.5,21474.25,878.0
2025-05-28 14:09:00+00:00,21467.25,21484.0,21466.0,21480.5,751.0
2025-05-28 14:10:00+00:00,21471.5,21475.5,21462.0,21467.5,1090.0
2025-05-28 14:11:00+00:00,21470.0,21479.0,21469.0,21471.75,585.0
2025-05-28 14:12:00+00:00,21467.75,21471.5,21456.0,21469.5,1226.0
2025-05-28 14:13:00+00:00,21469.0,21477.5,21464.25,21466.75,857.0
2025-05-28 14:14:00+00:00,21471.25,21476.5,21463.25,21469.25,914.0
2025-05-28 14:15:00+00:00,21474.75,21479.0,21469.5,21471.0,740.0
2025-05-28 14:16:00+00:00,21461.0,21480.25,21459.5,21475.5,1164.0
2025-05-28 14:17:00+00:00,21461.75,21464.25,21454.25,21460.75,1198.0
2025-05-28 14:18:00+00:00,21467.75,21475.75,21459.75,21461.5,809.0
2025-05-28 14:19:00+00:00,21465.25,21470.75,21462.5,21468.5,414.0
2025-05-28 14:20:00+00:00,21467.25,21469.25,21462.5,21466.0,523.0
2025-05-28 14:21:00+00:00,21446.5,21468.25,21443.0,21468.0,1589.0
2025-05-28 14:22:00+00:00,21455.75,21461.75,21438.25,21445.75,2173.0
2025-05-28 14:23:00+00:00,21468.0,21472.0,21456.5,21457.5,1167.0
2025-05-28 14:24:00+00:00,21467.5,21473.25,21465.5,21468.5,980.0
2025-05-28 14:25:00+00:00,21470.0,21470.75,21458.75,21467.5,1162.0
2025-05-28 14:26:00+00:00,21452.5,21472.0,21452.0,21470.0,1166.0
2025-05-28 14:27:00+00:00,21454.5,21461.5,21446.75,21452.5,1094.0
2025-05-28 14:28:00+00:00,21452.75,21454.75,21447.5,21454.75,715.0
2025-05-28 14:29:00+00:00,21456.25,21460.0,21451.5,21452.75,619.0
2025-05-28 14:30:00+00:00,21451.0,21462.75,21447.5,21456.0,881.0
2025-05-28 14:31:00+00:00,21452.5,21457.0,21445.5,21451.0,909.0
2025-05-28 14:32:00+00:00,21455.5,21457.75,21451.75,21452.5,611.0
2025-05-28 14:33:00+00:00,21451.0,21457.0,21440.0,21455.75,988.0
2025-05-28 14:34:00+00:00,21455.25,21456.0,21448.25,21450.0,688.0
2025-05-28 14:35:00+00:00,21449.5,21459.0,21445.5,21454.75,776.0
2025-05-28 14:36:00+00:00,21450.25,21453.25,21444.75,21449.75,634.0
2025-05-28 14:37:00+00:00,21437.5,21450.5,21433.75,21450.5,1335.0
2025-05-28 14:38:00+00:00,21438.75,21442.75,21433.0,21437.75,1204.0
2025-05-28 14:39:00+00:00,21443.0,21445.75,21435.25,21438.5,957.0
2025-05-28 14:40:00+00:00,21447.75,21449.25,21438.75,21442.75,730.0
2025-05-28 14:41:00+00:00,21462.5,21463.25,21447.0,21447.5,1611.0
2025-05-28 14:42:00+00:00,21455.5,21464.0,21454.5,21462.5,1052.0
2025-05-28 14:43:00+00:00,21447.0,21455.0,21444.25,21455.0,1044.0
2025-05-28 14:44:00+00:00,21447.25,21451.25,21440.25,21446.5,667.0
2025-05-28 14:45:00+00:00,21441.5,21450.0,21440.0,21447.25,605.0
2025-05-28 14:46:00+00:00,21451.25,21453.75,21437.0,21440.75,1013.0
2025-05-28 14:47:00+00:00,21450.25,21454.25,21445.5,21451.25,631.0
2025-05-28 14:48:00+00:00,21452.25,21455.0,21446.75,21450.25,441.0
2025-05-28 14:49:00+00:00,21455.25,21458.25,21451.75,21452.5,439.0
2025-05-28 14:50:00+00:00,21442.75,21457.5,21439.75,21455.25,1392.0
2025-05-28 14:51:00+00:00,21441.0,21450.0,21438.25,21442.75,753.0
2025-05-28 14:52:00+00:00,21452.75,21453.25,21440.25,21441.25,791.0
2025-05-28 14:53:00+00:00,21453.5,21456.5,21448.25,21453.25,607.0
2025-05-28 14:54:00+00:00,21439.25,21453.25,21437.0,21453.25,746.0
2025-05-28 14:55:00+00:00,21445.5,21447.25,21438.0,21439.25,552.0
2025-05-28 14:56:00+00:00,21437.0,21446.5,21435.75,21444.5,586.0
2025-05-28 14:57:00+00:00,21437.25,21440.75,21435.0,21436.75,542.0
2025-05-28 14:58:00+00:00,21432.25,21442.0,21426.0,21437.75,1130.0
2025-05-28 14:59:00+00:00,21432.5,21436.25,21430.5,21432.75,685.0
2025-05-28 15:00:00+00:00,21443.75,21444.5,21428.5,21432.0,1225.0
2025-05-28 15:01:00+00:00,21450.25,21453.0,21442.0,21443.75,1097.0
2025-05-28 15:02:00+00:00,21443.75,21451.0,21443.25,21449.75,509.0
2025-05-28 15:03:00+00:00,21452.5,21454.0,21443.75,21443.75,576.0
2025-05-28 15:04:00+00:00,21466.75,21469.25,21452.0,21452.0,1849.0
2025-05-28 15:05:00+00:00,21463.25,21469.0,21460.75,21466.25,1092.0
2025-05-28 15:06:00+00:00,21463.5,21465.0,21458.75,21462.0,677.0
2025-05-28 15:07:00+00:00,21461.25,21466.25,21460.0,21463.75,459.0
2025-05-28 15:08:00+00:00,21453.5,21462.0,21452.0,21461.75,837.0
2025-05-28 15:09:00+00:00,21458.25,21459.75,21448.25,21453.75,971.0
2025-05-28 15:10:00+00:00,21450.5,21459.0,21447.5,21458.0,523.0
2025-05-28 15:11:00+00:00,21447.5,21451.0,21440.25,21450.5,835.0
2025-05-28 15:12:00+00:00,21451.5,21453.0,21445.0,21448.5,536.0
2025-05-28 15:13:00+00:00,21452.75,21455.0,21449.5,21451.5,553.0
2025-05-28 15:14:00+00:00,21438.75,21454.25,21436.5,21453.25,929.0
2025-05-28 15:15:00+00:00,21449.0,21450.0,21438.5,21438.5,798.0
2025-05-28 15:16:00+00:00,21452.75,21455.5,21446.0,21448.75,722.0
2025-05-28 15:17:00+00:00,21453.75,21455.5,21449.5,21452.25,295.0
2025-05-28 15:18:00+00:00,21459.0,21460.25,21452.75,21454.25,673.0
2025-05-28 15:19:00+00:00,21464.75,21465.0,21455.25,21458.75,720.0
2025-05-28 15:20:00+00:00,21464.0,21467.0,21460.0,21464.75,758.0
2025-05-28 15:21:00+00:00,21470.75,21471.0,21462.75,21465.25,709.0
2025-05-28 15:22:00+00:00,21474.25,21477.5,21470.75,21471.0,1038.0
2025-05-28 15:23:00+00:00,21467.25,21475.25,21467.0,21474.0,791.0
2025-05-28 15:24:00+00:00,21466.25,21471.75,21464.0,21467.0,523.0
2025-05-28 15:25:00+00:00,21459.0,21468.0,21459.0,21466.0,726.0
2025-05-28 15:26:00+00:00,21459.0,21460.0,21454.5,21459.0,689.0
2025-05-28 15:27:00+00:00,21462.0,21465.75,21456.25,21458.75,561.0
2025-05-28 15:28:00+00:00,21453.5,21463.75,21451.0,21462.25,773.0
2025-05-28 15:29:00+00:00,21458.0,21458.5,21452.25,21453.0,507.0
2025-05-28 15:30:00+00:00,21465.0,21468.5,21453.75,21457.75,1123.0
2025-05-28 15:31:00+00:00,21456.5,21464.75,21451.75,21464.5,836.0
2025-05-28 15:32:00+00:00,21453.25,21457.5,21452.5,21455.75,419.0
2025-05-28 15:33:00+00:00,21457.5,21457.75,21452.25,21453.75,379.0
2025-05-28 15:34:00+00:00,21451.5,21459.25,21449.25,21458.25,534.0
2025-05-28 15:35:00+00:00,21449.25,21456.0,21447.0,21452.25,670.0
2025-05-28 15:36:00+00:00,21447.0,21451.0,21440.75,21450.0,1093.0
2025-05-28 15:37:00+00:00,21445.75,21448.5,21444.25,21447.25,415.0
2025-05-28 15:38:00+00:00,21447.25,21450.0,21442.75,21446.0,556.0
2025-05-28 15:39:00+00:00,21453.5,21457.0,21446.0,21447.25,822.0
2025-05-28 15:40:00+00:00,21457.0,21458.5,21447.5,21453.5,551.0
2025-05-28 15:41:00+00:00,21460.75,21461.25,21454.5,21458.0,536.0
2025-05-28 15:42:00+00:00,21454.25,21462.5,21452.75,21460.75,582.0
2025-05-28 15:43:00+00:00,21453.25,21455.5,21447.25,21454.0,646.0
2025-05-28 15:44:00+00:00,21451.25,21453.75,21446.75,21452.75,409.0
2025-05-28 15:45:00+00:00,21455.5,21456.25,21449.5,21450.5,570.0
2025-05-28 15:46:00+00:00,21448.0,21455.5,21447.5,21455.5,304.0
2025-05-28 15:47:00+00:00,21451.5,21452.75,21448.0,21448.5,302.0
2025-05-28 15:48:00+00:00,21449.0,21453.75,21446.5,21451.0,469.0
2025-05-28 15:49:00+00:00,21449.25,21452.75,21448.0,21450.0,275.0
2025-05-28 15:50:00+00:00,21455.25,21455.5,21448.75,21449.25,497.0
2025-05-28 15:51:00+00:00,21456.0,21457.5,21452.5,21455.5,414.0
2025-05-28 15:52:00+00:00,21454.5,21456.5,21449.5,21455.75,416.0
2025-05-28 15:53:00+00:00,21461.75,21464.0,21453.75,21454.5,585.0
2025-05-28 15:54:00+00:00,21457.0,21462.75,21456.25,21461.5,417.0
2025-05-28 15:55:00+00:00,21456.75,21460.5,21456.0,21456.75,328.0
2025-05-28 15:56:00+00:00,21447.25,21457.75,21444.0,21457.0,901.0
2025-05-28 15:57:00+00:00,21444.5,21448.0,21443.0,21447.75,447.0
2025-05-28 15:58:00+00:00,21440.0,21448.0,21439.25,21443.75,604.0
2025-05-28 15:59:00+00:00,21437.0,21440.5,21433.75,21440.25,913.0
2025-05-28 16:00:00+00:00,21445.5,21447.5,21436.5,21437.25,948.0
2025-05-28 16:01:00+00:00,21449.75,21453.5,21441.75,21446.0,777.0
2025-05-28 16:02:00+00:00,21459.25,21461.75,21450.0,21450.25,790.0
2025-05-28 16:03:00+00:00,21462.0,21463.0,21457.5,21459.25,646.0
2025-05-28 16:04:00+00:00,21463.0,21464.25,21458.5,21462.5,1128.0
2025-05-28 16:05:00+00:00,21461.5,21467.75,21460.5,21463.25,628.0
2025-05-28 16:06:00+00:00,21464.25,21468.0,21460.75,21462.0,500.0
2025-05-28 16:07:00+00:00,21466.5,21469.75,21463.75,21464.0,613.0
2025-05-28 16:08:00+00:00,21469.25,21469.25,21465.25,21465.75,378.0
2025-05-28 16:09:00+00:00,21471.75,21475.75,21468.5,21469.25,868.0
2025-05-28 16:10:00+00:00,21463.0,21471.75,21460.75,21471.75,858.0
2025-05-28 16:11:00+00:00,21467.0,21468.0,21459.25,21462.5,476.0
2025-05-28 16:12:00+00:00,21465.75,21470.25,21465.75,21466.5,422.0
2025-05-28 16:13:00+00:00,21466.5,21468.25,21463.5,21466.25,322.0
2025-05-28 16:14:00+00:00,21468.25,21468.75,21461.75,21466.25,441.0
2025-05-28 16:15:00+00:00,21465.0,21471.5,21464.0,21467.75,372.0
2025-05-28 16:16:00+00:00,21471.25,21472.0,21464.75,21465.0,408.0
2025-05-28 16:17:00+00:00,21471.5,21475.5,21470.75,21471.5,554.0
2025-05-28 16:18:00+00:00,21474.5,21476.75,21468.25,21471.75,550.0
2025-05-28 16:19:00+00:00,21472.75,21476.25,21471.75,21474.25,341.0
2025-05-28 16:20:00+00:00,21467.5,21475.5,21465.25,21472.75,530.0
2025-05-28 16:21:00+00:00,21463.75,21469.75,21462.5,21467.25,507.0
2025-05-28 16:22:00+00:00,21461.0,21467.5,21459.75,21463.5,477.0
2025-05-28 16:23:00+00:00,21461.5,21464.75,21458.75,21460.75,413.0
2025-05-28 16:24:00+00:00,21462.5,21463.5,21460.0,21461.5,225.0
2025-05-28 16:25:00+00:00,21467.5,21469.5,21461.5,21462.0,436.0
2025-05-28 16:26:00+00:00,21469.5,21471.5,21466.0,21467.5,380.0
2025-05-28 16:27:00+00:00,21467.75,21471.0,21466.75,21469.5,271.0
2025-05-28 16:28:00+00:00,21469.0,21471.0,21467.0,21467.75,253.0
2025-05-28 16:29:00+00:00,21469.75,21472.25,21469.25,21469.25,276.0
2025-05-28 16:30:00+00:00,21473.0,21474.0,21467.0,21469.0,421.0
2025-05-28 16:31:00+00:00,21467.0,21474.5,21465.25,21473.0,442.0
2025-05-28 16:32:00+00:00,21468.75,21472.25,21466.75,21467.25,290.0
2025-05-28 16:33:00+00:00,21465.5,21469.75,21463.5,21468.25,367.0
2025-05-28 16:34:00+00:00,21465.5,21468.75,21464.25,21465.5,241.0
2025-05-28 16:35:00+00:00,21471.0,21471.0,21465.25,21466.0,271.0
2025-05-28 16:36:00+00:00,21480.0,21481.0,21470.75,21470.75,887.0
2025-05-28 16:37:00+00:00,21475.75,21481.0,21473.75,21479.75,566.0
2025-05-28 16:38:00+00:00,21475.0,21478.0,21474.75,21475.75,291.0
2025-05-28 16:39:00+00:00,21475.25,21476.75,21471.75,21475.5,372.0
2025-05-28 16:40:00+00:00,21473.25,21476.25,21471.75,21475.0,307.0
2025-05-28 16:41:00+00:00,21472.75,21474.5,21468.5,21473.75,376.0
2025-05-28 16:42:00+00:00,21468.0,21474.75,21467.75,21472.5,317.0
2025-05-28 16:43:00+00:00,21469.75,21472.5,21467.5,21467.75,343.0
2025-05-28 16:44:00+00:00,21468.75,21470.0,21466.75,21469.25,299.0
2025-05-28 16:45:00+00:00,21465.25,21471.5,21461.25,21469.0,540.0
2025-05-28 16:46:00+00:00,21468.0,21469.5,21464.75,21465.0,291.0
2025-05-28 16:47:00+00:00,21474.0,21474.75,21467.5,21467.5,314.0
2025-05-28 16:48:00+00:00,21474.25,21475.0,21470.5,21473.75,297.0
2025-05-28 16:49:00+00:00,21470.5,21474.75,21470.25,21474.5,189.0
2025-05-28 16:50:00+00:00,21472.25,21473.75,21467.75,21471.0,275.0
2025-05-28 16:51:00+00:00,21467.75,21473.75,21466.75,21472.0,238.0
2025-05-28 16:52:00+00:00,21458.0,21468.5,21458.0,21468.0,615.0
2025-05-28 16:53:00+00:00,21459.25,21459.75,21453.0,21458.0,745.0
2025-05-28 16:54:00+00:00,21457.5,21461.0,21454.0,21459.0,567.0
2025-05-28 16:55:00+00:00,21460.25,21460.5,21455.75,21458.0,365.0
2025-05-28 16:56:00+00:00,21466.75,21467.0,21458.5,21459.75,547.0
2025-05-28 16:57:00+00:00,21464.5,21467.25,21463.5,21467.0,350.0
2025-05-28 16:58:00+00:00,21468.75,21469.5,21463.0,21464.5,298.0
2025-05-28 16:59:00+00:00,21465.25,21470.5,21465.25,21469.25,351.0
2025-05-28 17:00:00+00:00,21461.25,21469.0,21460.75,21465.5,654.0
2025-05-28 17:01:00+00:00,21467.5,21467.5,21458.75,21461.0,319.0
2025-05-28 17:02:00+00:00,21473.25,21479.75,21466.0,21466.25,1105.0
2025-05-28 17:03:00+00:00,21476.0,21477.25,21473.25,21473.5,327.0
2025-05-28 17:04:00+00:00,21477.25,21479.25,21474.0,21475.5,434.0
2025-05-28 17:05:00+00:00,21479.5,21481.5,21473.5,21477.0,546.0
2025-05-28 17:06:00+00:00,21481.5,21483.0,21479.0,21479.75,516.0
2025-05-28 17:07:00+00:00,21477.0,21482.75,21476.0,21481.75,491.0
2025-05-28 17:08:00+00:00,21479.0,21481.25,21476.25,21476.75,302.0
2025-05-28 17:09:00+00:00,21475.5,21479.0,21473.5,21479.0,322.0
2025-05-28 17:10:00+00:00,21478.5,21479.5,21475.5,21475.5,246.0
2025-05-28 17:11:00+00:00,21480.75,21484.0,21477.75,21478.5,479.0
2025-05-28 17:12:00+00:00,21483.25,21489.0,21480.75,21481.0,810.0
2025-05-28 17:13:00+00:00,21476.25,21484.0,21475.5,21483.0,483.0
2025-05-28 17:14:00+00:00,21475.0,21479.0,21474.75,21476.25,302.0
2025-05-28 17:15:00+00:00,21481.0,21481.25,21474.25,21474.75,350.0
2025-05-28 17:16:00+00:00,21484.5,21485.25,21478.0,21481.5,410.0
2025-05-28 17:17:00+00:00,21484.75,21487.75,21483.75,21484.75,405.0
2025-05-28 17:18:00+00:00,21487.0,21487.75,21483.25,21484.25,337.0
2025-05-28 17:19:00+00:00,21487.25,21489.5,21485.5,21487.0,455.0
2025-05-28 17:20:00+00:00,21485.0,21488.25,21484.25,21486.75,374.0
2025-05-28 17:21:00+00:00,21489.25,21490.5,21485.0,21485.0,398.0
2025-05-28 17:22:00+00:00,21487.75,21489.25,21484.75,21489.0,321.0
2025-05-28 17:23:00+00:00,21480.25,21488.5,21479.75,21488.0,537.0
2025-05-28 17:24:00+00:00,21481.0,21483.75,21477.75,21480.75,488.0
2025-05-28 17:25:00+00:00,21473.5,21482.25,21472.5,21481.0,626.0
2025-05-28 17:26:00+00:00,21469.5,21475.0,21466.5,21473.25,829.0
2025-05-28 17:27:00+00:00,21474.25,21476.25,21466.5,21469.25,566.0
2025-05-28 17:28:00+00:00,21477.25,21478.5,21472.5,21474.25,503.0
2025-05-28 17:29:00+00:00,21478.5,21481.0,21476.0,21477.5,423.0
2025-05-28 17:30:00+00:00,21473.75,21480.5,21473.0,21478.5,447.0
2025-05-28 17:31:00+00:00,21474.5,21476.25,21471.25,21474.25,356.0
2025-05-28 17:32:00+00:00,21471.75,21475.25,21471.0,21474.5,250.0
2025-05-28 17:33:00+00:00,21469.0,21472.25,21466.25,21471.75,536.0
2025-05-28 17:34:00+00:00,21470.25,21473.5,21467.75,21468.75,350.0
2025-05-28 17:35:00+00:00,21472.0,21472.0,21466.5,21470.75,504.0
2025-05-28 17:36:00+00:00,21468.5,21474.5,21467.0,21472.25,421.0
2025-05-28 17:37:00+00:00,21466.5,21471.5,21464.25,21468.0,426.0
2025-05-28 17:38:00+00:00,21464.25,21466.5,21461.75,21466.25,448.0
2025-05-28 17:39:00+00:00,21465.5,21468.5,21463.25,21463.75,359.0
2025-05-28 17:40:00+00:00,21467.25,21468.0,21464.25,21465.5,374.0
2025-05-28 17:41:00+00:00,21465.25,21469.0,21464.0,21467.5,333.0
2025-05-28 17:42:00+00:00,21457.5,21466.0,21456.25,21465.5,574.0
2025-05-28 17:43:00+00:00,21461.5,21465.25,21456.25,21457.25,528.0
2025-05-28 17:44:00+00:00,21464.75,21465.75,21460.75,21461.25,309.0
2025-05-28 17:45:00+00:00,21468.5,21469.0,21461.25,21464.5,357.0
2025-05-28 17:46:00+00:00,21470.25,21471.0,21463.5,21468.75,448.0
2025-05-28 17:47:00+00:00,21470.5,21473.0,21469.0,21470.25,331.0
2025-05-28 17:48:00+00:00,21469.5,21471.25,21467.0,21470.5,269.0
2025-05-28 17:49:00+00:00,21471.75,21474.75,21469.25,21469.75,342.0
2025-05-28 17:50:00+00:00,21469.0,21472.25,21464.75,21471.75,357.0
2025-05-28 17:51:00+00:00,21466.75,21469.0,21464.0,21468.75,227.0
2025-05-28 17:52:00+00:00,21469.0,21470.25,21464.0,21466.25,218.0
2025-05-28 17:53:00+00:00,21467.75,21470.0,21465.75,21469.25,247.0
2025-05-28 17:54:00+00:00,21470.75,21471.25,21467.0,21467.75,155.0
2025-05-28 17:55:00+00:00,21476.25,21477.25,21469.5,21471.0,523.0
2025-05-28 17:56:00+00:00,21473.5,21479.0,21473.5,21476.25,374.0
2025-05-28 17:57:00+00:00,21471.75,21474.25,21467.25,21473.75,339.0
2025-05-28 17:58:00+00:00,21469.0,21472.25,21468.25,21471.25,147.0
2025-05-28 17:59:00+00:00,21470.5,21473.0,21466.25,21469.0,292.0
2025-05-28 18:00:00+00:00,21478.0,21478.25,21469.0,21469.75,298.0
2025-05-28 18:01:00+00:00,21477.5,21481.25,21475.5,21478.25,555.0
2025-05-28 18:02:00+00:00,21483.75,21485.25,21477.25,21477.5,478.0
2025-05-28 18:03:00+00:00,21485.75,21488.75,21483.75,21484.0,501.0
2025-05-28 18:04:00+00:00,21488.75,21492.0,21485.0,21486.5,645.0
2025-05-28 18:05:00+00:00,21485.0,21490.25,21482.75,21488.5,539.0
2025-05-28 18:06:00+00:00,21479.0,21485.5,21476.0,21484.75,492.0
2025-05-28 18:07:00+00:00,21481.25,21483.0,21474.0,21479.25,562.0
2025-05-28 18:08:00+00:00,21487.5,21488.0,21481.0,21481.25,411.0
2025-05-28 18:09:00+00:00,21487.25,21488.25,21484.75,21487.75,267.0
2025-05-28 18:10:00+00:00,21495.5,21499.0,21487.5,21487.5,994.0
2025-05-28 18:11:00+00:00,21496.75,21499.75,21495.0,21495.25,434.0
2025-05-28 18:12:00+00:00,21499.25,21502.0,21494.75,21497.0,835.0
2025-05-28 18:13:00+00:00,21495.25,21502.25,21494.75,21499.75,705.0
2025-05-28 18:14:00+00:00,21495.25,21496.25,21492.0,21495.5,444.0
2025-05-28 18:15:00+00:00,21491.5,21496.25,21490.5,21495.75,382.0
2025-05-28 18:16:00+00:00,21491.5,21494.75,21489.0,21491.5,419.0
2025-05-28 18:17:00+00:00,21488.75,21493.0,21487.25,21492.0,361.0
2025-05-28 18:18:00+00:00,21481.0,21490.0,21478.5,21488.75,740.0
2025-05-28 18:19:00+00:00,21475.5,21481.25,21474.75,21481.0,620.0
2025-05-28 18:20:00+00:00,21473.25,21481.75,21472.75,21476.0,669.0
2025-05-28 18:21:00+00:00,21480.25,21481.25,21470.0,21473.0,748.0
2025-05-28 18:22:00+00:00,21479.0,21481.25,21475.0,21480.5,378.0
2025-05-28 18:23:00+00:00,21481.0,21483.0,21478.5,21479.25,264.0
2025-05-28 18:24:00+00:00,21484.5,21485.25,21479.25,21481.0,300.0
2025-05-28 18:25:00+00:00,21486.5,21488.0,21481.25,21484.0,495.0
2025-05-28 18:26:00+00:00,21483.75,21487.0,21482.25,21486.25,285.0
2025-05-28 18:27:00+00:00,21480.25,21483.5,21477.0,21483.25,500.0
2025-05-28 18:28:00+00:00,21477.5,21480.75,21477.0,21480.25,156.0
2025-05-28 18:29:00+00:00,21481.25,21482.25,21477.0,21477.0,315.0
2025-05-28 18:30:00+00:00,21485.75,21488.75,21480.0,21481.25,638.0
2025-05-28 18:31:00+00:00,21480.5,21487.25,21480.5,21485.5,257.0
2025-05-28 18:32:00+00:00,21483.75,21485.0,21479.0,21480.75,385.0
2025-05-28 18:33:00+00:00,21489.0,21490.25,21483.25,21483.75,330.0
2025-05-28 18:34:00+00:00,21482.5,21490.25,21482.25,21488.5,292.0
2025-05-28 18:35:00+00:00,21484.0,21488.0,21481.25,21482.25,220.0
2025-05-28 18:36:00+00:00,21485.0,21488.0,21484.0,21484.0,135.0
2025-05-28 18:37:00+00:00,21489.5,21491.5,21485.0,21486.0,311.0
2025-05-28 18:38:00+00:00,21486.5,21491.25,21485.25,21489.25,462.0
2025-05-28 18:39:00+00:00,21487.75,21489.75,21486.25,21486.75,159.0
2025-05-28 18:40:00+00:00,21491.0,21492.5,21488.0,21488.25,321.0
2025-05-28 18:41:00+00:00,21490.5,21491.0,21485.0,21490.75,389.0
2025-05-28 18:42:00+00:00,21489.75,21494.0,21488.75,21490.0,361.0
2025-05-28 18:43:00+00:00,21488.75,21491.0,21487.75,21489.75,187.0
2025-05-28 18:44:00+00:00,21486.0,21490.5,21485.5,21489.25,225.0
2025-05-28 18:45:00+00:00,21486.0,21487.0,21481.5,21486.0,394.0
2025-05-28 18:46:00+00:00,21487.5,21487.5,21483.0,21486.75,307.0
2025-05-28 18:47:00+00:00,21485.0,21489.25,21484.5,21487.25,310.0
2025-05-28 18:48:00+00:00,21485.0,21487.25,21481.5,21485.25,358.0
2025-05-28 18:49:00+00:00,21479.5,21486.0,21476.5,21485.25,421.0
2025-05-28 18:50:00+00:00,21476.75,21483.0,21475.0,21479.5,558.0
2025-05-28 18:51:00+00:00,21450.0,21477.25,21448.75,21477.0,1589.0
2025-05-28 18:52:00+00:00,21445.75,21450.75,21401.5,21450.5,5206.0
2025-05-28 18:53:00+00:00,21431.5,21458.5,21429.5,21444.5,1255.0
2025-05-28 18:54:00+00:00,21432.75,21440.75,21417.25,21431.0,1497.0
2025-05-28 18:55:00+00:00,21448.0,21451.5,21426.75,21434.0,1071.0
2025-05-28 18:56:00+00:00,21457.5,21462.25,21446.75,21447.75,1044.0
2025-05-28 18:57:00+00:00,21463.0,21464.75,21455.5,21457.5,708.0
2025-05-28 18:58:00+00:00,21470.75,21471.25,21458.25,21462.75,678.0
2025-05-28 18:59:00+00:00,21469.0,21475.25,21466.5,21470.75,672.0
2025-05-28 19:00:00+00:00,21466.0,21472.25,21460.0,21468.25,922.0
2025-05-28 19:01:00+00:00,21472.75,21477.0,21465.5,21468.0,637.0
2025-05-28 19:02:00+00:00,21476.75,21479.25,21467.0,21473.0,538.0
2025-05-28 19:03:00+00:00,21480.0,21481.25,21473.0,21477.0,485.0
2025-05-28 19:04:00+00:00,21485.5,21486.5,21479.25,21481.0,648.0
2025-05-28 19:05:00+00:00,21484.5,21486.0,21481.75,21486.0,412.0
2025-05-28 19:06:00+00:00,21493.75,21496.0,21484.75,21484.75,1164.0
2025-05-28 19:07:00+00:00,21501.75,21505.0,21492.0,21494.0,1153.0
2025-05-28 19:08:00+00:00,21503.0,21514.25,21499.25,21502.5,1595.0
2025-05-28 19:09:00+00:00,21504.75,21509.25,21502.5,21503.5,618.0
2025-05-28 19:10:00+00:00,21510.5,21513.75,21503.75,21504.5,763.0
2025-05-28 19:11:00+00:00,21504.25,21512.0,21502.75,21510.75,439.0
2025-05-28 19:12:00+00:00,21497.75,21508.5,21494.75,21504.0,823.0
2025-05-28 19:13:00+00:00,21491.5,21505.75,21488.25,21497.75,1646.0
2025-05-28 19:14:00+00:00,21485.25,21496.75,21461.5,21491.75,2769.0
2025-05-28 19:15:00+00:00,21470.5,21492.0,21467.0,21485.5,1751.0
2025-05-28 19:16:00+00:00,21474.5,21476.25,21457.25,21471.0,1419.0
2025-05-28 19:17:00+00:00,21460.5,21474.5,21454.5,21474.25,948.0
2025-05-28 19:18:00+00:00,21470.25,21472.0,21456.75,21460.0,832.0
2025-05-28 19:19:00+00:00,21467.75,21472.5,21459.25,21470.75,647.0
2025-05-28 19:20:00+00:00,21472.0,21475.0,21458.0,21467.25,753.0
2025-05-28 19:21:00+00:00,21466.0,21474.25,21463.0,21472.5,472.0
2025-05-28 19:22:00+00:00,21466.5,21469.75,21457.0,21466.75,604.0
2025-05-28 19:23:00+00:00,21464.0,21467.0,21458.0,21466.75,359.0
2025-05-28 19:24:00+00:00,21462.5,21469.0,21460.0,21464.25,355.0
2025-05-28 19:25:00+00:00,21459.75,21468.5,21458.25,21463.0,381.0
2025-05-28 19:26:00+00:00,21454.25,21461.75,21450.25,21460.5,782.0
2025-05-28 19:27:00+00:00,21459.5,21463.25,21454.0,21455.0,506.0
2025-05-28 19:28:00+00:00,21460.75,21465.75,21458.0,21459.0,492.0
2025-05-28 19:29:00+00:00,21458.25,21464.0,21454.25,21461.75,421.0
2025-05-28 19:30:00+00:00,21458.5,21462.5,21451.5,21458.25,719.0
2025-05-28 19:31:00+00:00,21453.25,21459.5,21450.0,21458.0,614.0
2025-05-28 19:32:00+00:00,21458.75,21459.75,21447.0,21453.5,818.0
2025-05-28 19:33:00+00:00,21453.75,21460.5,21452.75,21458.75,476.0
2025-05-28 19:34:00+00:00,21455.5,21455.75,21445.75,21455.0,643.0
2025-05-28 19:35:00+00:00,21444.75,21455.75,21442.5,21455.5,600.0
2025-05-28 19:36:00+00:00,21432.5,21444.0,21430.0,21444.0,1225.0
2025-05-28 19:37:00+00:00,21436.25,21436.5,21428.0,21432.75,791.0
2025-05-28 19:38:00+00:00,21435.0,21440.5,21431.0,21435.75,714.0
2025-05-28 19:39:00+00:00,21424.25,21435.5,21421.0,21435.25,893.0
2025-05-28 19:40:00+00:00,21420.25,21427.75,21407.5,21425.25,1355.0
2025-05-28 19:41:00+00:00,21419.0,21424.25,21412.5,21421.25,757.0
2025-05-28 19:42:00+00:00,21431.5,21433.25,21415.75,21418.5,979.0
2025-05-28 19:43:00+00:00,21427.25,21434.75,21422.5,21431.5,783.0
2025-05-28 19:44:00+00:00,21420.5,21430.25,21414.75,21427.75,653.0
2025-05-28 19:45:00+00:00,21409.0,21421.25,21408.25,21420.75,893.0
2025-05-28 19:46:00+00:00,21417.0,21419.25,21408.0,21408.0,727.0
2025-05-28 19:47:00+00:00,21425.75,21431.25,21417.25,21417.5,964.0
2025-05-28 19:48:00+00:00,21432.25,21438.0,21425.25,21425.75,771.0
2025-05-28 19:49:00+00:00,21419.25,21434.0,21416.75,21432.75,699.0
2025-05-28 19:50:00+00:00,21395.75,21419.25,21380.0,21419.25,3380.0
2025-05-28 19:51:00+00:00,21393.0,21399.75,21389.25,21394.0,1024.0
2025-05-28 19:52:00+00:00,21379.25,21398.25,21377.25,21392.5,1331.0
2025-05-28 19:53:00+00:00,21371.5,21383.0,21367.5,21379.5,1537.0
2025-05-28 19:54:00+00:00,21371.75,21376.0,21349.0,21371.0,3386.0
2025-05-28 19:55:00+00:00,21373.5,21374.25,21352.0,21372.5,2227.0
2025-05-28 19:56:00+00:00,21379.75,21386.5,21372.75,21373.5,1448.0
2025-05-28 19:57:00+00:00,21384.0,21386.5,21377.75,21379.5,990.0
2025-05-28 19:58:00+00:00,21374.25,21385.25,21373.0,21383.5,1508.0
2025-05-28 19:59:00+00:00,21372.5,21389.75,21369.5,21374.5,7690.0
2025-05-28 20:00:00+00:00,21334.0,21373.25,21333.25,21372.0,3514.0
2025-05-28 20:01:00+00:00,21347.0,21350.5,21331.75,21335.0,1148.0
2025-05-28 20:02:00+00:00,21354.0,21360.25,21345.25,21346.75,856.0
2025-05-28 20:03:00+00:00,21354.75,21360.5,21349.0,21355.0,552.0
2025-05-28 20:04:00+00:00,21364.25,21366.0,21350.0,21353.75,302.0
2025-05-28 20:05:00+00:00,21373.75,21378.25,21363.75,21364.25,637.0
2025-05-28 20:06:00+00:00,21386.25,21388.5,21374.75,21374.75,471.0
2025-05-28 20:07:00+00:00,21388.75,21393.0,21386.0,21387.0,325.0
2025-05-28 20:08:00+00:00,21391.25,21394.0,21384.5,21389.25,265.0
2025-05-28 20:09:00+00:00,21391.25,21394.5,21390.75,21392.5,269.0
2025-05-28 20:10:00+00:00,21377.25,21392.0,21376.0,21392.0,400.0
2025-05-28 20:11:00+00:00,21388.25,21388.75,21377.5,21378.5,249.0
2025-05-28 20:12:00+00:00,21378.5,21387.5,21371.25,21387.25,203.0
2025-05-28 20:13:00+00:00,21381.75,21385.75,21377.0,21378.0,254.0
2025-05-28 20:14:00+00:00,21382.25,21384.25,21374.75,21382.25,233.0
2025-05-28 20:15:00+00:00,21393.0,21394.5,21379.5,21381.75,270.0
2025-05-28 20:16:00+00:00,21396.0,21396.0,21388.75,21393.25,153.0
2025-05-28 20:17:00+00:00,21393.5,21396.0,21393.25,21395.75,75.0
2025-05-28 20:18:00+00:00,21396.5,21402.75,21391.75,21392.5,235.0
2025-05-28 20:19:00+00:00,21393.0,21402.25,21393.0,21396.0,220.0
2025-05-28 20:20:00+00:00,21373.75,21407.5,21321.25,21393.25,3546.0
2025-05-28 20:21:00+00:00,21450.75,21453.0,21369.0,21373.0,1590.0
2025-05-28 20:22:00+00:00,21462.0,21466.25,21445.0,21448.5,1182.0
2025-05-28 20:23:00+00:00,21448.0,21469.75,21438.0,21460.0,1119.0
2025-05-28 20:24:00+00:00,21436.25,21450.0,21435.0,21448.0,566.0
2025-05-28 20:25:00+00:00,21450.75,21464.0,21436.25,21438.75,604.0
2025-05-28 20:26:00+00:00,21442.25,21468.5,21438.5,21452.0,884.0
2025-05-28 20:27:00+00:00,21455.0,21459.25,21439.25,21440.75,547.0
2025-05-28 20:28:00+00:00,21459.0,21466.5,21449.5,21455.0,325.0
2025-05-28 20:29:00+00:00,21448.75,21462.0,21443.0,21457.5,403.0
2025-05-28 20:30:00+00:00,21447.5,21450.5,21441.0,21448.5,215.0
2025-05-28 20:31:00+00:00,21452.75,21457.0,21446.75,21448.5,171.0
2025-05-28 20:32:00+00:00,21456.0,21458.75,21449.75,21451.25,156.0
2025-05-28 20:33:00+00:00,21453.0,21459.5,21452.5,21459.0,174.0
2025-05-28 20:34:00+00:00,21458.0,21461.0,21452.5,21454.25,269.0
2025-05-28 20:35:00+00:00,21470.75,21472.0,21456.5,21459.25,392.0
2025-05-28 20:36:00+00:00,21473.75,21475.75,21467.75,21470.75,339.0
2025-05-28 20:37:00+00:00,21475.5,21477.75,21471.25,21474.0,277.0
2025-05-28 20:38:00+00:00,21487.25,21487.75,21474.0,21476.0,533.0
2025-05-28 20:39:00+00:00,21475.0,21493.0,21470.0,21487.75,742.0
2025-05-28 20:40:00+00:00,21486.25,21487.0,21473.75,21474.0,405.0
2025-05-28 20:41:00+00:00,21488.0,21488.75,21483.5,21486.75,295.0
2025-05-28 20:42:00+00:00,21485.5,21496.25,21483.75,21487.75,371.0
2025-05-28 20:43:00+00:00,21494.75,21495.0,21486.25,21486.25,192.0
2025-05-28 20:44:00+00:00,21501.25,21501.5,21492.75,21495.0,457.0
2025-05-28 20:45:00+00:00,21501.75,21504.25,21495.75,21501.25,290.0
2025-05-28 20:46:00+00:00,21500.5,21503.0,21495.75,21501.5,238.0
2025-05-28 20:47:00+00:00,21492.75,21501.5,21492.75,21499.25,243.0
2025-05-28 20:48:00+00:00,21497.25,21498.75,21488.0,21492.75,318.0
2025-05-28 20:49:00+00:00,21502.5,21503.75,21495.75,21496.25,245.0
2025-05-28 20:50:00+00:00,21506.25,21507.75,21497.5,21501.75,496.0
2025-05-28 20:51:00+00:00,21507.75,21510.0,21505.0,21507.0,374.0
2025-05-28 20:52:00+00:00,21501.25,21509.25,21500.75,21507.75,302.0
2025-05-28 20:53:00+00:00,21505.75,21506.0,21495.75,21501.0,230.0
2025-05-28 20:54:00+00:00,21504.0,21510.25,21504.0,21505.5,308.0
2025-05-28 20:55:00+00:00,21506.0,21508.75,21501.0,21504.25,302.0
2025-05-28 20:56:00+00:00,21509.25,21511.75,21503.0,21505.75,445.0
2025-05-28 20:57:00+00:00,21518.75,21518.75,21508.5,21510.25,398.0
2025-05-28 20:58:00+00:00,21520.75,21522.0,21516.25,21518.25,261.0
2025-05-28 20:59:00+00:00,21379.75,21528.75,21379.75,21521.25,385.0
2025-05-28 22:00:00+00:00,21495.0,21517.5,21489.0,21513.0,0.0
2025-05-28 22:01:00+00:00,21489.5,21501.5,21489.25,21495.25,296.0
2025-05-28 22:02:00+00:00,21502.0,21503.75,21490.75,21490.75,193.0
2025-05-28 22:03:00+00:00,21512.75,21513.0,21502.75,21504.25,172.0
2025-05-28 22:04:00+00:00,21507.25,21515.75,21503.5,21511.5,151.0
2025-05-28 22:05:00+00:00,21499.5,21506.5,21495.0,21505.25,153.0
2025-05-28 22:06:00+00:00,21505.0,21511.0,21498.25,21498.25,153.0
2025-05-28 22:07:00+00:00,21510.5,21511.25,21505.75,21505.75,52.0
2025-05-28 22:08:00+00:00,21519.25,21521.0,21508.5,21510.5,234.0
2025-05-28 22:09:00+00:00,21514.75,21521.5,21514.5,21519.25,138.0
2025-05-28 22:10:00+00:00,21517.5,21518.25,21516.25,21518.25,61.0
2025-05-28 22:11:00+00:00,21512.75,21516.5,21512.75,21516.5,234.0
2025-05-28 22:12:00+00:00,21515.75,21517.5,21511.0,21512.5,63.0
2025-05-28 22:13:00+00:00,21515.75,21518.25,21513.75,21515.25,60.0
2025-05-28 22:14:00+00:00,21517.5,21518.5,21515.75,21515.75,23.0
2025-05-28 22:15:00+00:00,21519.0,21520.0,21516.75,21517.25,51.0
2025-05-28 22:16:00+00:00,21518.0,21519.25,21515.75,21519.0,89.0
2025-05-28 22:17:00+00:00,21516.25,21524.0,21515.0,21519.0,122.0
2025-05-28 22:18:00+00:00,21517.5,21518.25,21513.25,21516.0,72.0
2025-05-28 22:19:00+00:00,21518.25,21518.5,21514.5,21517.5,36.0
2025-05-28 22:20:00+00:00,21518.0,21520.75,21517.5,21519.0,75.0
2025-05-28 22:21:00+00:00,21517.0,21518.5,21515.5,21518.25,39.0
2025-05-28 22:22:00+00:00,21511.25,21517.25,21509.0,21517.0,98.0
2025-05-28 22:23:00+00:00,21517.0,21519.0,21512.5,21513.75,74.0
2025-05-28 22:24:00+00:00,21514.25,21518.25,21514.25,21516.25,108.0
2025-05-28 22:25:00+00:00,21512.25,21516.0,21510.75,21515.25,76.0
2025-05-28 22:26:00+00:00,21507.5,21513.0,21504.5,21511.5,111.0
2025-05-28 22:27:00+00:00,21511.25,21512.25,21506.75,21508.0,58.0
2025-05-28 22:28:00+00:00,21516.75,21516.75,21511.0,21511.75,76.0
2025-05-28 22:29:00+00:00,21514.75,21517.5,21514.25,21516.75,39.0
2025-05-28 22:30:00+00:00,21509.75,21515.75,21505.5,21514.5,130.0
2025-05-28 22:31:00+00:00,21511.25,21513.5,21507.0,21509.5,142.0
2025-05-28 22:32:00+00:00,21515.5,21516.5,21512.5,21513.75,59.0
2025-05-28 22:33:00+00:00,21512.75,21516.75,21508.25,21516.5,57.0
2025-05-28 22:34:00+00:00,21515.0,21517.25,21513.0,21513.0,43.0
2025-05-28 22:35:00+00:00,21515.5,21516.5,21512.25,21515.5,67.0
2025-05-28 22:36:00+00:00,21533.75,21540.75,21515.0,21515.0,413.0
2025-05-28 22:37:00+00:00,21530.75,21535.25,21529.0,21535.25,75.0
2025-05-28 22:38:00+00:00,21537.25,21542.0,21534.25,21534.25,296.0
2025-05-28 22:39:00+00:00,21538.0,21540.0,21535.75,21537.25,81.0
2025-05-28 22:40:00+00:00,21539.5,21545.25,21537.25,21540.0,293.0
2025-05-28 22:41:00+00:00,21543.75,21547.0,21537.75,21540.0,204.0
2025-05-28 22:42:00+00:00,21542.5,21546.25,21540.25,21544.25,112.0
2025-05-28 22:43:00+00:00,21541.0,21544.75,21540.5,21542.5,140.0
2025-05-28 22:44:00+00:00,21539.0,21543.25,21538.75,21540.75,98.0
2025-05-28 22:45:00+00:00,21542.0,21543.5,21539.0,21539.75,117.0
2025-05-28 22:46:00+00:00,21541.0,21543.5,21541.0,21542.75,48.0
2025-05-28 22:47:00+00:00,21546.0,21547.0,21540.0,21541.0,112.0
2025-05-28 22:48:00+00:00,21550.75,21556.0,21545.25,21545.25,392.0
2025-05-28 22:49:00+00:00,21559.25,21560.0,21551.75,21552.25,209.0
2025-05-28 22:50:00+00:00,21574.75,21578.0,21558.25,21559.0,853.0
2025-05-28 22:51:00+00:00,21579.25,21581.5,21573.75,21575.25,322.0
2025-05-28 22:52:00+00:00,21578.5,21586.0,21576.75,21579.5,356.0
2025-05-28 22:53:00+00:00,21582.75,21588.5,21578.25,21579.25,270.0
2025-05-28 22:54:00+00:00,21584.75,21585.0,21581.75,21583.5,124.0
2025-05-28 22:55:00+00:00,21591.25,21592.25,21583.75,21584.0,250.0
2025-05-28 22:56:00+00:00,21594.75,21596.75,21590.0,21590.75,274.0
2025-05-28 22:57:00+00:00,21594.75,21597.0,21591.75,21595.5,186.0
2025-05-28 22:58:00+00:00,21589.0,21596.25,21587.75,21594.75,198.0
2025-05-28 22:59:00+00:00,21587.75,21592.75,21585.0,21589.25,205.0
2025-05-28 23:00:00+00:00,21620.0,21629.5,21587.75,21589.0,854.0
2025-05-28 23:01:00+00:00,21622.25,21646.25,21617.0,21619.5,1009.0
2025-05-28 23:02:00+00:00,21625.5,21631.0,21619.5,21622.75,345.0
2025-05-28 23:03:00+00:00,21633.0,21645.75,21625.0,21625.25,627.0
2025-05-28 23:04:00+00:00,21642.5,21642.75,21629.25,21632.0,203.0
2025-05-28 23:05:00+00:00,21652.25,21658.75,21638.25,21642.75,712.0
2025-05-28 23:06:00+00:00,21652.5,21659.75,21649.0,21654.0,406.0
2025-05-28 23:07:00+00:00,21693.75,21694.0,21648.0,21653.25,1020.0
2025-05-28 23:08:00+00:00,21678.75,21696.0,21673.75,21695.25,646.0
2025-05-28 23:09:00+00:00,21678.5,21689.0,21664.5,21677.5,688.0
2025-05-28 23:10:00+00:00,21691.5,21704.0,21679.5,21681.0,627.0
2025-05-28 23:11:00+00:00,21723.25,21744.0,21685.75,21692.5,1193.0
2025-05-28 23:12:00+00:00,21707.75,21734.0,21707.0,21723.5,520.0
2025-05-28 23:13:00+00:00,21702.25,21723.75,21701.0,21707.0,369.0
2025-05-28 23:14:00+00:00,21735.75,21740.25,21701.0,21702.25,564.0
2025-05-28 23:15:00+00:00,21740.5,21754.0,21728.0,21735.25,935.0
2025-05-28 23:16:00+00:00,21759.5,21777.0,21738.0,21740.0,1014.0
2025-05-28 23:17:00+00:00,21755.0,21773.25,21749.5,21759.0,579.0
2025-05-28 23:18:00+00:00,21748.0,21755.5,21727.75,21755.0,854.0
2025-05-28 23:19:00+00:00,21749.0,21750.0,21735.75,21748.25,358.0
2025-05-28 23:20:00+00:00,21760.0,21761.25,21737.5,21747.75,381.0
2025-05-28 23:21:00+00:00,21728.25,21762.0,21724.5,21761.0,491.0
2025-05-28 23:22:00+00:00,21726.0,21739.5,21724.5,21729.5,408.0
2025-05-28 23:23:00+00:00,21733.75,21740.25,21721.0,21726.0,372.0
2025-05-28 23:24:00+00:00,21736.0,21741.75,21732.25,21735.75,359.0
2025-05-28 23:25:00+00:00,21719.0,21738.5,21714.75,21736.0,612.0
2025-05-28 23:26:00+00:00,21726.75,21728.75,21712.75,21718.5,398.0
2025-05-28 23:27:00+00:00,21719.25,21730.25,21717.75,21727.75,342.0
2025-05-28 23:28:00+00:00,21722.0,21724.75,21714.0,21717.75,260.0
2025-05-28 23:29:00+00:00,21712.5,21723.75,21706.25,21721.75,448.0
2025-05-28 23:30:00+00:00,21706.75,21722.0,21706.75,21713.0,513.0
2025-05-28 23:31:00+00:00,21717.75,21720.0,21706.0,21707.5,295.0
2025-05-28 23:32:00+00:00,21717.0,21724.25,21713.75,21719.25,187.0
2025-05-28 23:33:00+00:00,21737.0,21739.5,21713.0,21719.5,421.0
2025-05-28 23:34:00+00:00,21730.0,21736.25,21717.5,21736.0,240.0
2025-05-28 23:35:00+00:00,21734.75,21737.25,21726.5,21729.75,187.0
2025-05-28 23:36:00+00:00,21745.5,21754.0,21734.75,21734.75,498.0
2025-05-28 23:37:00+00:00,21751.25,21759.75,21743.75,21746.0,370.0
2025-05-28 23:38:00+00:00,21751.75,21759.5,21749.0,21750.5,376.0
2025-05-28 23:39:00+00:00,21751.75,21758.5,21746.25,21751.0,265.0
2025-05-28 23:40:00+00:00,21750.25,21756.25,21746.25,21751.5,285.0
2025-05-28 23:41:00+00:00,21741.0,21761.0,21740.0,21749.25,304.0
2025-05-28 23:42:00+00:00,21760.5,21761.75,21734.25,21741.25,477.0
2025-05-28 23:43:00+00:00,21768.75,21773.5,21759.25,21759.25,655.0
2025-05-28 23:44:00+00:00,21752.75,21769.25,21752.25,21768.25,344.0
2025-05-28 23:45:00+00:00,21755.0,21757.75,21744.25,21752.25,266.0
2025-05-28 23:46:00+00:00,21747.25,21755.75,21744.0,21754.75,140.0
2025-05-28 23:47:00+00:00,21745.75,21747.75,21739.5,21747.5,240.0
2025-05-28 23:48:00+00:00,21733.5,21744.5,21726.5,21743.75,443.0
2025-05-28 23:49:00+00:00,21739.0,21747.5,21733.75,21733.75,321.0
2025-05-28 23:50:00+00:00,21740.5,21743.5,21728.0,21739.5,332.0
2025-05-28 23:51:00+00:00,21742.5,21746.0,21735.25,21739.75,194.0
2025-05-28 23:52:00+00:00,21733.75,21743.5,21732.5,21743.0,137.0
2025-05-28 23:53:00+00:00,21741.25,21743.5,21732.5,21733.75,162.0
2025-05-28 23:54:00+00:00,21747.5,21749.75,21740.0,21742.75,176.0
2025-05-28 23:55:00+00:00,21752.5,21756.75,21746.0,21747.5,269.0
2025-05-28 23:56:00+00:00,21762.0,21762.0,21752.5,21753.75,267.0
2025-05-28 23:57:00+00:00,21768.0,21770.0,21762.0,21762.0,466.0
2025-05-28 23:58:00+00:00,21771.25,21771.25,21762.5,21767.5,187.0
2025-05-28 23:59:00+00:00,21766.25,21772.25,21760.0,21769.25,358.0
2025-05-29 00:00:00+00:00,21758.0,21769.25,21748.75,21766.5,465.0
2025-05-29 00:01:00+00:00,21750.5,21769.5,21746.75,21756.5,329.0
2025-05-29 00:02:00+00:00,21758.5,21765.75,21749.25,21749.75,250.0
2025-05-29 00:03:00+00:00,21749.75,21760.5,21746.75,21760.5,248.0
2025-05-29 00:04:00+00:00,21746.0,21749.5,21732.0,21749.5,406.0
2025-05-29 00:05:00+00:00,21734.75,21749.75,21733.0,21742.25,255.0
2025-05-29 00:06:00+00:00,21724.25,21734.5,21718.75,21734.0,472.0
2025-05-29 00:07:00+00:00,21722.75,21728.5,21717.25,21725.25,272.0
2025-05-29 00:08:00+00:00,21734.25,21735.0,21719.5,21722.0,206.0
2025-05-29 00:09:00+00:00,21733.25,21738.25,21730.0,21736.5,442.0
2025-05-29 00:10:00+00:00,21727.25,21740.0,21724.25,21732.5,221.0
2025-05-29 00:11:00+00:00,21722.25,21730.75,21718.0,21727.0,321.0
2025-05-29 00:12:00+00:00,21717.75,21722.0,21709.75,21722.0,395.0
2025-05-29 00:13:00+00:00,21718.75,21723.0,21716.0,21718.25,216.0
2025-05-29 00:14:00+00:00,21724.5,21730.25,21718.0,21720.0,218.0
2025-05-29 00:15:00+00:00,21732.5,21734.5,21713.75,21723.75,750.0
2025-05-29 00:16:00+00:00,21739.0,21746.0,21727.75,21732.0,446.0
2025-05-29 00:17:00+00:00,21753.25,21755.25,21739.5,21739.5,349.0
2025-05-29 00:18:00+00:00,21753.75,21761.0,21746.25,21753.25,469.0
2025-05-29 00:19:00+00:00,21745.5,21758.5,21740.5,21753.75,292.0
2025-05-29 00:20:00+00:00,21746.75,21747.75,21734.5,21744.25,247.0
2025-05-29 00:21:00+00:00,21748.75,21751.25,21746.5,21747.25,127.0
2025-05-29 00:22:00+00:00,21750.0,21750.0,21743.75,21747.25,130.0
2025-05-29 00:23:00+00:00,21755.5,21756.0,21748.0,21751.25,249.0
2025-05-29 00:24:00+00:00,21750.75,21761.25,21750.75,21755.5,355.0
2025-05-29 00:25:00+00:00,21739.75,21752.25,21739.5,21750.0,318.0
2025-05-29 00:26:00+00:00,21743.5,21746.0,21739.5,21739.5,124.0
2025-05-29 00:27:00+00:00,21739.75,21746.0,21739.75,21744.5,144.0
2025-05-29 00:28:00+00:00,21746.0,21749.0,21734.0,21740.0,268.0
2025-05-29 00:29:00+00:00,21744.0,21747.25,21741.75,21746.0,92.0
2025-05-29 00:30:00+00:00,21743.75,21744.25,21740.5,21744.0,74.0
2025-05-29 00:31:00+00:00,21743.75,21744.5,21741.0,21742.25,46.0
2025-05-29 00:32:00+00:00,21750.75,21751.0,21742.0,21744.5,116.0
2025-05-29 00:33:00+00:00,21752.25,21756.0,21751.5,21751.5,150.0
2025-05-29 00:34:00+00:00,21753.75,21756.75,21752.25,21752.75,72.0
2025-05-29 00:35:00+00:00,21756.75,21758.25,21750.5,21752.5,356.0
2025-05-29 00:36:00+00:00,21753.0,21756.5,21750.0,21756.25,90.0
2025-05-29 00:37:00+00:00,21758.0,21758.0,21753.25,21753.25,59.0
2025-05-29 00:38:00+00:00,21753.0,21762.0,21748.75,21758.0,192.0
2025-05-29 00:39:00+00:00,21754.75,21757.25,21751.75,21752.0,79.0
2025-05-29 00:40:00+00:00,21766.75,21769.25,21755.75,21755.75,245.0
2025-05-29 00:41:00+00:00,21766.5,21769.75,21762.75,21767.0,190.0
2025-05-29 00:42:00+00:00,21768.5,21769.0,21761.5,21765.75,181.0
2025-05-29 00:43:00+00:00,21770.0,21774.25,21766.5,21768.5,243.0
2025-05-29 00:44:00+00:00,21768.25,21770.75,21766.0,21769.25,117.0
2025-05-29 00:45:00+00:00,21769.5,21772.5,21766.25,21768.5,127.0
2025-05-29 00:46:00+00:00,21768.5,21771.75,21763.75,21768.5,253.0
2025-05-29 00:47:00+00:00,21792.75,21793.25,21767.5,21768.5,624.0
2025-05-29 00:48:00+00:00,21798.25,21803.0,21791.25,21792.75,506.0
2025-05-29 00:49:00+00:00,21805.0,21816.0,21797.0,21799.0,655.0
2025-05-29 00:50:00+00:00,21804.0,21806.25,21796.0,21805.0,474.0
2025-05-29 00:52:00+00:00,21808.5,21808.5,21802.75,21802.75,514.0
2025-05-29 00:53:00+00:00,21810.0,21814.5,21807.0,21808.75,169.0
2025-05-29 00:54:00+00:00,21817.5,21818.0,21809.75,21810.75,237.0
2025-05-29 00:55:00+00:00,21815.5,21833.5,21815.5,21817.25,1016.0
2025-05-29 00:56:00+00:00,21819.0,21824.25,21815.5,21815.75,180.0
2025-05-29 00:57:00+00:00,21814.75,21820.75,21812.0,21819.5,228.0
2025-05-29 00:58:00+00:00,21823.0,21824.0,21814.25,21814.5,254.0
2025-05-29 00:59:00+00:00,21820.5,21825.25,21820.5,21822.5,101.0
2025-05-29 01:00:00+00:00,21810.5,21822.25,21804.75,21820.75,478.0
2025-05-29 01:01:00+00:00,21801.25,21811.0,21801.25,21811.0,170.0
2025-05-29 01:02:00+00:00,21798.25,21804.75,21796.25,21801.75,313.0
2025-05-29 01:03:00+00:00,21797.5,21801.75,21796.0,21799.25,250.0
2025-05-29 01:04:00+00:00,21796.5,21799.0,21791.75,21796.5,139.0
2025-05-29 01:05:00+00:00,21801.75,21801.75,21792.0,21797.5,140.0
2025-05-29 01:06:00+00:00,21808.25,21809.5,21800.5,21800.75,296.0
2025-05-29 01:07:00+00:00,21792.25,21809.0,21788.25,21808.75,324.0
2025-05-29 01:08:00+00:00,21788.75,21796.75,21788.75,21792.25,161.0
2025-05-29 01:09:00+00:00,21783.5,21790.5,21780.0,21788.75,292.0
2025-05-29 01:10:00+00:00,21782.25,21785.5,21780.25,21784.0,209.0
2025-05-29 01:11:00+00:00,21781.75,21785.5,21778.5,21781.25,202.0
2025-05-29 01:12:00+00:00,21779.25,21784.25,21779.25,21783.75,80.0
2025-05-29 01:13:00+00:00,21775.75,21783.75,21775.0,21779.5,226.0
2025-05-29 01:14:00+00:00,21774.5,21779.0,21771.0,21777.0,311.0
2025-05-29 01:15:00+00:00,21772.25,21777.75,21770.75,21775.75,124.0
2025-05-29 01:16:00+00:00,21757.5,21773.0,21756.0,21773.0,304.0
2025-05-29 01:17:00+00:00,21769.25,21771.0,21756.0,21757.25,313.0
2025-05-29 01:18:00+00:00,21767.75,21773.25,21763.75,21770.75,245.0
2025-05-29 01:19:00+00:00,21768.75,21771.25,21767.25,21767.25,159.0
2025-05-29 01:20:00+00:00,21770.75,21772.0,21768.25,21770.0,117.0
2025-05-29 01:21:00+00:00,21765.75,21772.5,21763.25,21771.25,97.0
2025-05-29 01:22:00+00:00,21769.5,21771.25,21762.0,21764.75,136.0
2025-05-29 01:23:00+00:00,21774.5,21775.5,21768.75,21770.0,213.0
2025-05-29 01:24:00+00:00,21767.5,21776.25,21765.5,21775.0,193.0
2025-05-29 01:25:00+00:00,21756.5,21769.25,21755.75,21768.0,233.0
2025-05-29 01:26:00+00:00,21761.5,21766.5,21753.0,21756.5,286.0
2025-05-29 01:27:00+00:00,21769.25,21773.75,21762.25,21762.25,198.0
2025-05-29 01:28:00+00:00,21766.5,21772.0,21764.0,21771.0,88.0
2025-05-29 01:29:00+00:00,21775.25,21776.5,21769.0,21769.5,173.0
2025-05-29 01:30:00+00:00,21773.0,21778.25,21771.75,21776.75,143.0
2025-05-29 01:31:00+00:00,21766.75,21773.75,21765.75,21772.25,134.0
2025-05-29 01:32:00+00:00,21771.5,21771.5,21766.0,21766.75,76.0
2025-05-29 01:33:00+00:00,21773.5,21773.5,21768.0,21771.5,77.0
2025-05-29 01:34:00+00:00,21775.25,21777.25,21772.75,21773.5,82.0
2025-05-29 01:35:00+00:00,21771.75,21778.25,21770.0,21776.25,101.0
2025-05-29 01:36:00+00:00,21769.75,21774.0,21769.75,21770.5,55.0
2025-05-29 01:37:00+00:00,21773.25,21775.0,21770.5,21771.5,38.0
2025-05-29 01:38:00+00:00,21765.0,21776.0,21761.0,21774.75,181.0
2025-05-29 01:39:00+00:00,21765.75,21770.25,21764.25,21764.25,86.0
2025-05-29 01:40:00+00:00,21769.25,21771.0,21765.0,21766.0,107.0
2025-05-29 01:41:00+00:00,21776.25,21776.25,21767.5,21769.75,88.0
2025-05-29 01:42:00+00:00,21775.25,21781.75,21774.0,21776.0,224.0
2025-05-29 01:43:00+00:00,21773.25,21779.5,21772.25,21776.0,179.0
2025-05-29 01:44:00+00:00,21781.25,21782.75,21771.0,21772.75,126.0
2025-05-29 01:45:00+00:00,21777.0,21782.5,21776.0,21780.75,106.0
2025-05-29 01:46:00+00:00,21774.25,21777.5,21773.0,21777.25,79.0
2025-05-29 01:47:00+00:00,21768.0,21773.75,21765.5,21773.5,139.0
2025-05-29 01:48:00+00:00,21768.5,21773.5,21768.0,21768.0,62.0
2025-05-29 01:49:00+00:00,21771.5,21773.75,21766.75,21767.75,90.0
2025-05-29 01:50:00+00:00,21778.25,21779.5,21771.25,21772.0,74.0
2025-05-29 01:51:00+00:00,21787.25,21791.0,21777.75,21777.75,315.0
2025-05-29 01:52:00+00:00,21787.25,21788.75,21780.0,21787.0,153.0
2025-05-29 01:53:00+00:00,21792.0,21793.0,21787.75,21789.0,170.0
2025-05-29 01:54:00+00:00,21792.75,21795.0,21790.5,21793.0,137.0
2025-05-29 01:55:00+00:00,21794.5,21796.75,21791.75,21792.25,147.0
2025-05-29 01:56:00+00:00,21794.0,21795.75,21791.5,21794.75,66.0
2025-05-29 01:57:00+00:00,21796.0,21796.75,21792.25,21794.75,102.0
2025-05-29 01:58:00+00:00,21795.0,21796.5,21793.75,21796.5,89.0
2025-05-29 01:59:00+00:00,21794.25,21795.5,21793.5,21795.0,58.0
2025-05-29 02:00:00+00:00,21792.0,21795.0,21790.5,21795.0,87.0
2025-05-29 02:01:00+00:00,21793.75,21794.25,21789.5,21792.25,119.0
2025-05-29 02:02:00+00:00,21790.25,21793.25,21787.0,21792.25,105.0
2025-05-29 02:03:00+00:00,21791.25,21792.25,21785.0,21789.75,82.0
2025-05-29 02:04:00+00:00,21791.25,21792.75,21789.0,21791.0,90.0
2025-05-29 02:05:00+00:00,21789.75,21794.25,21788.0,21792.25,113.0
2025-05-29 02:06:00+00:00,21785.75,21789.75,21782.0,21789.75,227.0
2025-05-29 02:07:00+00:00,21786.75,21790.75,21785.75,21786.5,55.0
2025-05-29 02:08:00+00:00,21789.5,21789.75,21786.0,21786.25,52.0
2025-05-29 02:09:00+00:00,21788.0,21790.75,21786.75,21789.25,50.0
2025-05-29 02:10:00+00:00,21792.0,21792.0,21786.75,21786.75,102.0
2025-05-29 02:11:00+00:00,21789.0,21793.5,21786.0,21792.5,77.0
2025-05-29 02:12:00+00:00,21788.75,21789.75,21786.75,21789.0,28.0
2025-05-29 02:13:00+00:00,21790.0,21790.25,21784.25,21788.5,73.0
2025-05-29 02:14:00+00:00,21789.25,21791.75,21788.25,21791.75,44.0
2025-05-29 02:15:00+00:00,21787.25,21790.75,21786.25,21789.0,52.0
2025-05-29 02:16:00+00:00,21787.0,21787.25,21784.25,21787.0,59.0
2025-05-29 02:17:00+00:00,21787.5,21788.0,21785.0,21785.0,35.0
2025-05-29 02:18:00+00:00,21790.5,21791.25,21785.0,21785.75,58.0
2025-05-29 02:19:00+00:00,21795.25,21795.75,21790.75,21791.75,138.0
2025-05-29 02:20:00+00:00,21800.5,21801.0,21793.25,21795.25,178.0
2025-05-29 02:21:00+00:00,21803.25,21815.0,21800.0,21800.0,400.0
2025-05-29 02:22:00+00:00,21800.75,21803.25,21799.0,21802.5,131.0
2025-05-29 02:23:00+00:00,21799.5,21800.5,21794.0,21800.5,92.0
2025-05-29 02:24:00+00:00,21791.25,21802.25,21791.25,21798.5,103.0
2025-05-29 02:25:00+00:00,21796.75,21800.75,21789.75,21791.0,175.0
2025-05-29 02:26:00+00:00,21804.5,21806.0,21797.25,21797.25,132.0
2025-05-29 02:27:00+00:00,21805.75,21810.0,21805.25,21806.75,115.0
2025-05-29 02:28:00+00:00,21806.0,21809.5,21804.0,21805.0,106.0
2025-05-29 02:29:00+00:00,21798.75,21803.75,21797.25,21803.75,106.0
2025-05-29 02:30:00+00:00,21801.25,21802.0,21795.5,21797.75,86.0
2025-05-29 02:31:00+00:00,21793.5,21808.0,21793.0,21802.0,185.0
2025-05-29 02:32:00+00:00,21798.75,21801.0,21792.0,21792.75,111.0
2025-05-29 02:33:00+00:00,21802.0,21804.5,21797.25,21800.0,116.0
2025-05-29 02:34:00+00:00,21803.25,21804.0,21801.25,21801.25,31.0
2025-05-29 02:35:00+00:00,21810.5,21810.5,21801.25,21802.25,101.0
2025-05-29 02:36:00+00:00,21803.75,21811.5,21803.0,21811.0,119.0
2025-05-29 02:37:00+00:00,21802.75,21803.25,21797.75,21803.25,104.0
2025-05-29 02:38:00+00:00,21798.25,21804.5,21798.25,21803.5,198.0
2025-05-29 02:39:00+00:00,21798.75,21801.5,21797.0,21798.75,97.0
2025-05-29 02:40:00+00:00,21806.5,21808.75,21799.5,21800.0,244.0
2025-05-29 02:41:00+00:00,21805.75,21810.0,21805.0,21806.5,76.0
2025-05-29 02:42:00+00:00,21810.5,21810.5,21806.25,21807.5,51.0
2025-05-29 02:43:00+00:00,21808.0,21810.5,21807.25,21810.25,55.0
2025-05-29 02:44:00+00:00,21820.75,21822.0,21807.5,21807.5,351.0
2025-05-29 02:45:00+00:00,21817.5,21822.25,21815.75,21821.0,138.0
2025-05-29 02:46:00+00:00,21820.25,21823.5,21814.75,21816.25,185.0
2025-05-29 02:47:00+00:00,21819.25,21822.5,21816.75,21820.75,130.0
2025-05-29 02:48:00+00:00,21812.75,21821.25,21812.75,21820.5,98.0
2025-05-29 02:49:00+00:00,21802.75,21812.75,21802.5,21812.25,300.0
2025-05-29 02:50:00+00:00,21803.5,21805.75,21803.0,21803.25,105.0
2025-05-29 02:51:00+00:00,21810.5,21810.5,21802.5,21802.75,102.0
2025-05-29 02:52:00+00:00,21807.5,21819.0,21807.5,21810.0,340.0
2025-05-29 02:53:00+00:00,21802.5,21805.25,21798.75,21805.0,216.0
2025-05-29 02:54:00+00:00,21803.5,21808.75,21801.0,21801.0,120.0
2025-05-29 02:55:00+00:00,21799.0,21803.25,21798.0,21803.25,142.0
2025-05-29 02:56:00+00:00,21799.5,21800.75,21794.75,21799.0,172.0
2025-05-29 02:57:00+00:00,21796.5,21801.0,21796.5,21799.0,73.0
2025-05-29 02:58:00+00:00,21793.5,21797.5,21792.5,21797.5,113.0
2025-05-29 02:59:00+00:00,21791.0,21795.25,21790.0,21792.25,134.0
2025-05-29 03:00:00+00:00,21794.25,21794.75,21789.75,21791.0,104.0
2025-05-29 03:01:00+00:00,21793.75,21796.75,21791.75,21793.5,78.0
2025-05-29 03:02:00+00:00,21793.5,21797.0,21791.25,21792.5,66.0
2025-05-29 03:03:00+00:00,21787.5,21793.75,21786.5,21793.75,102.0
2025-05-29 03:04:00+00:00,21790.75,21793.25,21788.25,21788.25,83.0
2025-05-29 03:05:00+00:00,21792.0,21793.0,21790.0,21790.0,29.0
2025-05-29 03:06:00+00:00,21785.5,21791.75,21784.75,21791.75,90.0
2025-05-29 03:07:00+00:00,21786.75,21792.5,21786.25,21786.75,74.0
2025-05-29 03:08:00+00:00,21785.5,21787.5,21784.25,21787.5,79.0
2025-05-29 03:09:00+00:00,21788.5,21790.75,21785.25,21785.5,86.0
2025-05-29 03:10:00+00:00,21792.25,21792.25,21787.5,21789.25,44.0
2025-05-29 03:11:00+00:00,21797.75,21800.0,21790.5,21791.75,143.0
2025-05-29 03:12:00+00:00,21797.25,21799.75,21796.25,21797.75,65.0
2025-05-29 03:13:00+00:00,21809.75,21811.5,21798.25,21798.25,236.0
2025-05-29 03:14:00+00:00,21810.75,21810.75,21806.25,21809.5,88.0
2025-05-29 03:15:00+00:00,21808.75,21817.0,21805.75,21811.0,279.0
2025-05-29 03:16:00+00:00,21807.5,21810.0,21805.75,21809.5,47.0
2025-05-29 03:17:00+00:00,21803.0,21809.25,21803.0,21807.0,73.0
2025-05-29 03:18:00+00:00,21810.5,21810.5,21801.5,21802.25,96.0
2025-05-29 03:19:00+00:00,21808.0,21811.0,21805.5,21810.25,64.0
2025-05-29 03:20:00+00:00,21805.75,21808.75,21805.75,21807.5,66.0
2025-05-29 03:21:00+00:00,21804.75,21808.0,21804.25,21805.25,70.0
2025-05-29 03:22:00+00:00,21803.25,21807.0,21803.0,21804.5,73.0
2025-05-29 03:23:00+00:00,21798.25,21803.5,21795.0,21802.5,149.0
2025-05-29 03:24:00+00:00,21795.5,21799.0,21794.25,21797.25,91.0
2025-05-29 03:25:00+00:00,21794.0,21796.75,21788.5,21794.75,128.0
2025-05-29 03:26:00+00:00,21792.25,21794.5,21791.25,21793.75,65.0
2025-05-29 03:27:00+00:00,21792.75,21793.5,21789.75,21792.5,77.0
2025-05-29 03:28:00+00:00,21796.75,21797.75,21792.25,21793.0,93.0
2025-05-29 03:29:00+00:00,21797.0,21799.75,21796.0,21797.25,88.0
2025-05-29 03:30:00+00:00,21799.75,21799.75,21797.25,21798.0,43.0
2025-05-29 03:31:00+00:00,21793.75,21800.5,21792.5,21799.25,103.0
2025-05-29 03:32:00+00:00,21793.0,21795.0,21790.0,21793.25,72.0
2025-05-29 03:33:00+00:00,21789.75,21793.5,21785.5,21792.5,127.0
2025-05-29 03:34:00+00:00,21794.75,21796.5,21791.25,21791.75,57.0
2025-05-29 03:35:00+00:00,21793.5,21795.75,21793.25,21794.0,63.0
2025-05-29 03:36:00+00:00,21800.5,21801.75,21796.5,21796.5,119.0
2025-05-29 03:37:00+00:00,21802.25,21804.5,21799.0,21803.75,121.0
2025-05-29 03:38:00+00:00,21800.0,21803.5,21798.0,21802.5,68.0
2025-05-29 03:39:00+00:00,21792.25,21801.0,21791.75,21801.0,119.0
2025-05-29 03:40:00+00:00,21792.0,21796.25,21791.0,21791.25,93.0
2025-05-29 03:41:00+00:00,21791.5,21793.25,21790.0,21792.25,35.0
2025-05-29 03:42:00+00:00,21792.75,21792.75,21790.0,21792.75,67.0
2025-05-29 03:43:00+00:00,21791.5,21791.5,21790.75,21790.75,18.0
2025-05-29 03:44:00+00:00,21786.0,21791.5,21778.0,21790.75,312.0
2025-05-29 03:45:00+00:00,21785.0,21788.0,21781.25,21786.0,127.0
2025-05-29 03:46:00+00:00,21789.25,21790.0,21785.0,21785.75,82.0
2025-05-29 03:47:00+00:00,21787.25,21790.5,21784.75,21790.0,98.0
2025-05-29 03:48:00+00:00,21786.25,21787.75,21786.25,21787.0,37.0
2025-05-29 03:49:00+00:00,21786.25,21787.25,21784.0,21785.25,62.0
2025-05-29 03:50:00+00:00,21785.0,21787.5,21784.25,21785.0,35.0
2025-05-29 03:51:00+00:00,21784.5,21785.75,21783.0,21785.0,38.0
2025-05-29 03:52:00+00:00,21784.25,21787.5,21784.25,21785.0,32.0
2025-05-29 03:53:00+00:00,21786.5,21786.75,21783.25,21784.5,48.0
2025-05-29 03:54:00+00:00,21785.25,21786.25,21783.75,21786.0,31.0
2025-05-29 03:55:00+00:00,21785.0,21785.0,21783.75,21784.75,26.0
2025-05-29 03:56:00+00:00,21784.75,21785.0,21783.5,21784.5,38.0
2025-05-29 03:57:00+00:00,21785.25,21785.75,21781.75,21784.25,43.0
2025-05-29 03:58:00+00:00,21783.25,21786.25,21783.25,21785.25,37.0
2025-05-29 04:09:00+00:00,21796.5,21797.25,21795.25,21795.25,31.0
2025-05-29 04:10:00+00:00,21798.25,21798.75,21795.75,21796.75,60.0
2025-05-29 04:11:00+00:00,21796.75,21797.5,21794.5,21797.5,53.0
2025-05-29 04:12:00+00:00,21798.0,21799.25,21797.0,21797.75,41.0
2025-05-29 04:13:00+00:00,21797.5,21799.75,21796.75,21797.75,52.0
2025-05-29 04:14:00+00:00,21798.5,21800.5,21797.0,21797.25,72.0
2025-05-29 04:15:00+00:00,21797.0,21800.75,21795.75,21799.25,86.0
2025-05-29 04:16:00+00:00,21792.5,21798.25,21791.75,21797.0,76.0
2025-05-29 04:17:00+00:00,21787.75,21791.75,21785.75,21791.0,139.0
2025-05-29 04:18:00+00:00,21787.5,21789.25,21786.5,21789.25,47.0
2025-05-29 04:19:00+00:00,21789.0,21790.5,21786.75,21786.75,33.0
2025-05-29 04:20:00+00:00,21791.0,21791.5,21788.5,21790.5,51.0
2025-05-29 04:21:00+00:00,21787.75,21793.0,21786.5,21791.75,81.0
2025-05-29 04:22:00+00:00,21788.75,21790.75,21786.25,21787.25,54.0
2025-05-29 04:23:00+00:00,21789.75,21791.5,21787.25,21788.25,37.0
2025-05-29 04:24:00+00:00,21788.25,21790.75,21785.75,21788.0,43.0
2025-05-29 04:25:00+00:00,21786.0,21790.25,21785.5,21789.25,31.0
2025-05-29 04:26:00+00:00,21780.25,21786.5,21778.25,21785.75,106.0
2025-05-29 04:27:00+00:00,21783.25,21783.25,21780.5,21780.75,37.0
2025-05-29 04:28:00+00:00,21787.25,21787.75,21781.75,21781.75,77.0
2025-05-29 04:29:00+00:00,21787.5,21790.25,21786.0,21786.75,81.0
2025-05-29 04:30:00+00:00,21792.0,21793.0,21786.5,21787.0,51.0
2025-05-29 04:31:00+00:00,21792.75,21793.75,21790.5,21791.5,38.0
2025-05-29 04:32:00+00:00,21791.5,21793.0,21789.5,21793.0,41.0
2025-05-29 04:33:00+00:00,21782.5,21789.5,21780.25,21789.25,60.0
2025-05-29 04:34:00+00:00,21779.0,21783.75,21778.75,21782.75,57.0
2025-05-29 04:35:00+00:00,21777.5,21781.5,21777.5,21778.75,44.0
2025-05-29 04:36:00+00:00,21780.25,21780.25,21777.25,21778.5,36.0
2025-05-29 04:37:00+00:00,21777.0,21780.0,21777.0,21779.5,36.0
2025-05-29 04:38:00+00:00,21785.0,21786.75,21775.25,21777.25,153.0
2025-05-29 04:39:00+00:00,21786.75,21790.0,21786.0,21786.0,84.0
2025-05-29 04:40:00+00:00,21789.5,21790.5,21785.75,21785.75,45.0
2025-05-29 04:41:00+00:00,21792.0,21792.0,21789.0,21789.0,28.0
2025-05-29 04:42:00+00:00,21790.25,21791.75,21789.5,21791.75,26.0
2025-05-29 04:43:00+00:00,21793.75,21793.75,21789.25,21789.75,64.0
2025-05-29 04:44:00+00:00,21796.5,21800.0,21794.0,21794.5,218.0
2025-05-29 04:45:00+00:00,21798.75,21799.25,21795.0,21796.75,78.0
2025-05-29 04:46:00+00:00,21799.25,21801.25,21798.0,21798.75,64.0
2025-05-29 04:47:00+00:00,21799.25,21800.5,21797.0,21798.75,120.0
2025-05-29 04:48:00+00:00,21800.0,21801.5,21798.75,21799.25,44.0
2025-05-29 04:49:00+00:00,21798.5,21801.25,21798.0,21799.5,33.0
2025-05-29 04:50:00+00:00,21799.25,21799.25,21798.0,21798.25,38.0
2025-05-29 04:51:00+00:00,21800.0,21802.5,21799.5,21799.5,109.0
2025-05-29 04:52:00+00:00,21802.5,21802.5,21800.75,21801.0,38.0
2025-05-29 04:53:00+00:00,21802.75,21804.25,21801.75,21802.0,50.0
2025-05-29 04:54:00+00:00,21803.25,21804.0,21802.5,21802.75,21.0
2025-05-29 04:55:00+00:00,21803.25,21807.25,21803.25,21803.25,125.0
2025-05-29 04:56:00+00:00,21803.5,21804.0,21801.25,21802.5,61.0
2025-05-29 04:57:00+00:00,21803.5,21804.5,21803.0,21803.0,30.0
2025-05-29 04:58:00+00:00,21795.25,21805.75,21791.75,21804.0,246.0
2025-05-29 04:59:00+00:00,21796.0,21800.0,21795.5,21795.5,214.0
2025-05-29 05:00:00+00:00,21794.25,21797.75,21794.25,21796.5,70.0
2025-05-29 05:01:00+00:00,21795.75,21795.75,21792.75,21794.25,70.0
2025-05-29 05:02:00+00:00,21799.0,21800.0,21796.5,21796.5,142.0
2025-05-29 05:03:00+00:00,21799.75,21800.0,21796.75,21798.25,37.0
2025-05-29 05:04:00+00:00,21799.25,21800.0,21797.0,21798.75,182.0
2025-05-29 05:05:00+00:00,21795.0,21800.0,21794.0,21799.75,87.0
2025-05-29 05:06:00+00:00,21792.25,21795.0,21791.0,21794.25,62.0
2025-05-29 05:07:00+00:00,21794.5,21795.75,21791.5,21791.5,27.0
2025-05-29 05:08:00+00:00,21800.0,21800.0,21794.25,21794.75,91.0
2025-05-29 05:09:00+00:00,21798.5,21800.0,21797.25,21799.5,46.0
2025-05-29 05:10:00+00:00,21799.25,21800.0,21798.5,21799.0,53.0
2025-05-29 05:11:00+00:00,21796.75,21799.25,21795.5,21799.25,40.0
2025-05-29 05:12:00+00:00,21794.5,21798.0,21793.5,21797.0,57.0
2025-05-29 05:13:00+00:00,21797.5,21797.75,21794.25,21794.25,20.0
2025-05-29 05:14:00+00:00,21796.75,21797.25,21795.0,21796.75,34.0
2025-05-29 05:15:00+00:00,21799.5,21800.0,21796.5,21797.0,116.0
2025-05-29 05:16:00+00:00,21799.0,21800.0,21797.5,21799.25,20.0
2025-05-29 05:17:00+00:00,21809.75,21811.75,21798.25,21798.25,210.0
2025-05-29 05:18:00+00:00,21811.5,21813.0,21809.25,21810.0,103.0
2025-05-29 05:19:00+00:00,21814.0,21817.0,21811.25,21812.25,152.0
2025-05-29 05:20:00+00:00,21814.5,21815.0,21812.25,21814.0,61.0
2025-05-29 05:21:00+00:00,21811.25,21815.0,21811.0,21813.5,59.0
2025-05-29 05:22:00+00:00,21809.0,21813.75,21805.75,21810.75,145.0
2025-05-29 05:23:00+00:00,21809.5,21810.0,21808.0,21810.0,124.0
2025-05-29 05:24:00+00:00,21808.75,21809.75,21807.75,21809.5,43.0
2025-05-29 05:25:00+00:00,21809.5,21809.5,21806.5,21809.0,68.0
2025-05-29 05:26:00+00:00,21807.5,21810.0,21805.0,21809.25,66.0
2025-05-29 05:27:00+00:00,21808.0,21808.5,21806.75,21806.75,33.0
2025-05-29 05:28:00+00:00,21805.0,21810.0,21805.0,21808.5,88.0
2025-05-29 05:29:00+00:00,21806.0,21806.5,21804.25,21805.25,69.0
2025-05-29 05:30:00+00:00,21802.75,21807.75,21800.75,21805.75,130.0
2025-05-29 05:31:00+00:00,21810.0,21810.0,21803.5,21803.75,109.0
2025-05-29 05:32:00+00:00,21806.75,21810.0,21804.5,21809.25,115.0
2025-05-29 05:33:00+00:00,21805.75,21807.0,21804.0,21807.0,59.0
2025-05-29 05:34:00+00:00,21805.5,21807.5,21804.75,21804.75,62.0
2025-05-29 05:35:00+00:00,21804.75,21806.75,21804.75,21805.5,29.0
2025-05-29 05:36:00+00:00,21806.5,21806.5,21803.5,21805.25,56.0
2025-05-29 05:37:00+00:00,21810.0,21810.0,21805.5,21807.0,99.0
2025-05-29 05:38:00+00:00,21806.75,21810.0,21805.25,21810.0,85.0
2025-05-29 05:39:00+00:00,21808.75,21809.75,21806.0,21807.0,39.0
2025-05-29 05:40:00+00:00,21806.0,21810.0,21805.25,21809.75,103.0
2025-05-29 05:41:00+00:00,21808.5,21808.5,21803.25,21806.0,41.0
2025-05-29 05:42:00+00:00,21815.5,21818.75,21807.75,21807.75,336.0
2025-05-29 05:43:00+00:00,21816.5,21817.75,21812.5,21815.0,89.0
2025-05-29 05:44:00+00:00,21810.5,21816.75,21807.5,21816.75,161.0
2025-05-29 05:45:00+00:00,21809.25,21810.25,21808.0,21810.0,54.0
2025-05-29 05:46:00+00:00,21811.5,21811.5,21809.0,21809.0,29.0
2025-05-29 05:47:00+00:00,21812.25,21815.0,21810.0,21810.25,78.0
2025-05-29 05:48:00+00:00,21814.0,21815.0,21812.5,21813.0,130.0
2025-05-29 05:49:00+00:00,21821.0,21823.0,21813.5,21813.5,313.0
2025-05-29 05:50:00+00:00,21819.0,21824.0,21818.0,21820.75,131.0
2025-05-29 05:51:00+00:00,21821.0,21821.0,21817.75,21819.0,40.0
2025-05-29 05:52:00+00:00,21820.0,21822.25,21818.5,21820.75,53.0
2025-05-29 05:53:00+00:00,21821.5,21822.75,21820.25,21821.25,69.0
2025-05-29 05:54:00+00:00,21817.0,21820.75,21817.0,21820.5,45.0
2025-05-29 05:55:00+00:00,21811.75,21817.5,21811.75,21817.5,97.0
2025-05-29 05:56:00+00:00,21808.25,21812.0,21807.25,21811.0,114.0
2025-05-29 05:57:00+00:00,21804.75,21807.75,21804.25,21807.75,122.0
2025-05-29 05:58:00+00:00,21801.75,21805.5,21801.75,21805.25,78.0
2025-05-29 05:59:00+00:00,21805.25,21807.75,21802.0,21802.0,136.0
2025-05-29 06:00:00+00:00,21801.25,21806.0,21800.0,21804.75,106.0
2025-05-29 06:01:00+00:00,21797.75,21803.5,21797.0,21801.0,117.0
2025-05-29 06:02:00+00:00,21799.5,21801.25,21797.5,21798.0,114.0
2025-05-29 06:03:00+00:00,21801.0,21801.0,21797.5,21798.75,67.0
2025-05-29 06:04:00+00:00,21798.5,21802.25,21798.25,21800.25,100.0
2025-05-29 06:05:00+00:00,21795.0,21798.25,21794.0,21798.0,160.0
2025-05-29 06:06:00+00:00,21799.25,21800.5,21794.5,21796.0,168.0
2025-05-29 06:07:00+00:00,21797.25,21799.5,21796.75,21799.25,16.0
2025-05-29 06:08:00+00:00,21796.0,21798.5,21790.0,21796.25,158.0
2025-05-29 06:09:00+00:00,21790.25,21795.75,21789.5,21795.75,92.0
2025-05-29 06:10:00+00:00,21784.75,21790.75,21784.75,21789.0,158.0
2025-05-29 06:11:00+00:00,21783.0,21785.5,21782.5,21785.5,151.0
2025-05-29 06:12:00+00:00,21782.75,21784.75,21782.0,21784.0,70.0
2025-05-29 06:13:00+00:00,21781.25,21783.5,21778.25,21783.0,170.0
2025-05-29 06:14:00+00:00,21780.75,21783.25,21779.25,21780.75,82.0
2025-05-29 06:15:00+00:00,21778.0,21782.75,21777.0,21782.75,103.0
2025-05-29 06:16:00+00:00,21775.25,21778.25,21775.0,21777.5,122.0
2025-05-29 06:17:00+00:00,21769.75,21776.5,21769.0,21775.75,149.0
2025-05-29 06:18:00+00:00,21770.25,21773.75,21770.25,21770.5,116.0
2025-05-29 06:19:00+00:00,21774.25,21774.75,21769.0,21771.0,62.0
2025-05-29 06:20:00+00:00,21777.5,21779.5,21772.25,21774.0,147.0
2025-05-29 06:21:00+00:00,21786.75,21786.75,21781.25,21783.5,132.0
2025-05-29 06:22:00+00:00,21785.0,21788.75,21784.5,21785.75,167.0
2025-05-29 06:23:00+00:00,21787.25,21788.5,21785.0,21785.0,36.0
2025-05-29 06:24:00+00:00,21786.0,21788.75,21782.75,21786.25,62.0
2025-05-29 06:25:00+00:00,21786.25,21788.0,21786.25,21787.75,98.0
2025-05-29 06:26:00+00:00,21783.0,21786.75,21781.0,21786.75,29.0
2025-05-29 06:28:00+00:00,21783.25,21783.25,21782.25,21782.25,155.0
2025-05-29 06:29:00+00:00,21785.0,21785.5,21783.25,21783.25,51.0
2025-05-29 06:30:00+00:00,21784.5,21786.0,21782.75,21785.5,43.0
2025-05-29 06:31:00+00:00,21783.0,21786.0,21782.75,21785.0,27.0
2025-05-29 06:32:00+00:00,21778.75,21786.25,21778.25,21786.25,165.0
2025-05-29 06:33:00+00:00,21782.5,21783.5,21779.0,21779.0,45.0
2025-05-29 06:34:00+00:00,21789.25,21789.5,21783.5,21783.5,76.0
2025-05-29 06:35:00+00:00,21782.0,21792.25,21782.0,21789.5,118.0
2025-05-29 06:36:00+00:00,21782.25,21782.5,21776.5,21781.0,145.0
2025-05-29 06:37:00+00:00,21786.5,21788.0,21782.25,21782.25,81.0
2025-05-29 06:38:00+00:00,21786.0,21788.25,21785.5,21788.25,22.0
2025-05-29 06:39:00+00:00,21782.25,21786.75,21782.25,21786.0,33.0
2025-05-29 06:40:00+00:00,21781.75,21785.0,21780.0,21782.5,56.0
2025-05-29 06:41:00+00:00,21780.5,21783.25,21778.0,21782.25,53.0
2025-05-29 06:42:00+00:00,21778.75,21781.0,21776.25,21780.5,59.0
2025-05-29 06:43:00+00:00,21771.0,21778.5,21770.0,21778.5,117.0
2025-05-29 06:44:00+00:00,21773.0,21776.25,21771.25,21771.25,68.0
2025-05-29 06:45:00+00:00,21777.25,21780.5,21771.25,21772.5,93.0
2025-05-29 06:46:00+00:00,21776.5,21778.25,21774.5,21776.5,64.0
2025-05-29 06:47:00+00:00,21774.0,21777.75,21774.0,21776.0,47.0
2025-05-29 06:48:00+00:00,21773.5,21778.5,21773.5,21775.0,79.0
2025-05-29 06:49:00+00:00,21772.25,21775.0,21771.0,21773.5,70.0
2025-05-29 06:50:00+00:00,21773.0,21774.5,21770.75,21772.75,59.0
2025-05-29 06:51:00+00:00,21778.5,21779.5,21766.75,21772.25,209.0
2025-05-29 06:52:00+00:00,21782.25,21783.0,21779.0,21779.25,73.0
2025-05-29 06:53:00+00:00,21780.75,21786.5,21780.0,21781.0,93.0
2025-05-29 06:54:00+00:00,21777.5,21784.0,21776.0,21781.0,56.0
2025-05-29 06:55:00+00:00,21776.5,21780.0,21774.75,21775.75,71.0
2025-05-29 06:56:00+00:00,21779.0,21781.0,21775.0,21776.0,46.0
2025-05-29 06:57:00+00:00,21776.0,21780.25,21775.25,21779.75,32.0
2025-05-29 06:58:00+00:00,21770.25,21776.75,21770.25,21776.5,60.0
2025-05-29 06:59:00+00:00,21770.5,21772.5,21766.75,21770.0,179.0
2025-05-29 07:00:00+00:00,21768.5,21775.75,21766.75,21771.0,309.0
2025-05-29 07:01:00+00:00,21764.0,21769.25,21761.75,21769.0,178.0
2025-05-29 07:02:00+00:00,21757.5,21768.0,21757.5,21764.75,220.0
2025-05-29 07:03:00+00:00,21749.0,21758.75,21748.0,21757.25,407.0
2025-05-29 07:04:00+00:00,21760.5,21763.5,21746.5,21748.75,289.0
2025-05-29 07:05:00+00:00,21765.75,21766.5,21754.75,21762.25,157.0
2025-05-29 07:06:00+00:00,21767.0,21768.0,21761.5,21766.25,188.0
2025-05-29 07:07:00+00:00,21766.5,21767.5,21763.5,21767.5,88.0
2025-05-29 07:08:00+00:00,21769.75,21771.25,21765.75,21766.75,98.0
2025-05-29 07:09:00+00:00,21772.75,21773.0,21766.25,21769.25,266.0
2025-05-29 07:10:00+00:00,21771.25,21777.25,21768.75,21773.25,193.0
2025-05-29 07:11:00+00:00,21773.75,21775.5,21769.25,21772.25,115.0
2025-05-29 07:12:00+00:00,21772.5,21775.5,21772.0,21772.25,45.0
2025-05-29 07:13:00+00:00,21769.75,21772.25,21767.5,21772.0,76.0
2025-05-29 07:14:00+00:00,21768.5,21771.5,21766.75,21769.0,81.0
2025-05-29 07:15:00+00:00,21759.25,21769.5,21756.5,21768.0,243.0
2025-05-29 07:16:00+00:00,21759.5,21761.75,21757.5,21759.25,76.0
2025-05-29 07:17:00+00:00,21762.5,21764.5,21757.75,21759.5,210.0
2025-05-29 07:18:00+00:00,21762.5,21766.75,21760.5,21764.0,129.0
2025-05-29 07:19:00+00:00,21763.75,21764.75,21760.0,21760.75,54.0
2025-05-29 07:20:00+00:00,21763.75,21767.5,21762.5,21763.5,109.0
2025-05-29 07:21:00+00:00,21768.25,21770.5,21764.75,21764.75,98.0
2025-05-29 07:22:00+00:00,21769.5,21774.5,21769.0,21769.5,92.0
2025-05-29 07:23:00+00:00,21766.0,21768.5,21759.75,21768.5,92.0
2025-05-29 07:24:00+00:00,21778.0,21779.0,21765.0,21765.25,234.0
2025-05-29 07:25:00+00:00,21775.25,21780.25,21774.5,21778.25,94.0
2025-05-29 07:26:00+00:00,21779.0,21780.5,21776.75,21776.75,42.0
2025-05-29 07:27:00+00:00,21785.75,21786.0,21781.0,21781.0,140.0
2025-05-29 07:28:00+00:00,21787.5,21788.75,21786.0,21786.0,125.0
2025-05-29 07:29:00+00:00,21792.0,21793.75,21787.0,21787.0,137.0
2025-05-29 07:30:00+00:00,21794.75,21797.75,21789.75,21791.75,159.0
2025-05-29 07:31:00+00:00,21783.25,21794.75,21779.25,21794.0,181.0
2025-05-29 07:32:00+00:00,21788.0,21788.5,21782.0,21782.25,109.0
2025-05-29 07:33:00+00:00,21792.0,21793.5,21788.0,21788.25,113.0
2025-05-29 07:34:00+00:00,21796.0,21796.0,21790.75,21791.0,159.0
2025-05-29 07:35:00+00:00,21796.75,21797.5,21791.25,21796.25,109.0
2025-05-29 07:36:00+00:00,21796.75,21799.25,21795.25,21796.5,86.0
2025-05-29 07:37:00+00:00,21800.75,21800.75,21793.25,21796.5,121.0
2025-05-29 07:38:00+00:00,21803.25,21804.25,21799.25,21800.75,175.0
2025-05-29 07:39:00+00:00,21802.5,21804.5,21800.75,21800.75,79.0
2025-05-29 07:40:00+00:00,21802.75,21804.5,21801.5,21802.25,137.0
2025-05-29 07:41:00+00:00,21804.75,21805.5,21802.0,21802.75,114.0
2025-05-29 07:42:00+00:00,21807.0,21807.0,21804.25,21804.75,128.0
2025-05-29 07:43:00+00:00,21815.0,21815.75,21804.25,21807.25,297.0
2025-05-29 07:44:00+00:00,21815.25,21818.0,21813.5,21815.5,179.0
2025-05-29 07:45:00+00:00,21807.0,21814.75,21807.0,21814.5,126.0
2025-05-29 07:46:00+00:00,21811.25,21813.0,21808.0,21808.25,91.0
2025-05-29 07:47:00+00:00,21814.75,21815.75,21809.0,21812.5,143.0
2025-05-29 07:48:00+00:00,21810.5,21814.5,21807.75,21814.5,131.0
2025-05-29 07:49:00+00:00,21813.0,21816.0,21811.5,21811.5,132.0
2025-05-29 07:50:00+00:00,21810.5,21812.0,21809.5,21811.75,78.0
2025-05-29 07:51:00+00:00,21813.0,21816.0,21809.25,21810.0,121.0
2025-05-29 07:52:00+00:00,21814.0,21814.75,21811.75,21813.0,103.0
2025-05-29 07:53:00+00:00,21821.25,21824.75,21813.5,21814.25,256.0
2025-05-29 07:54:00+00:00,21824.25,21824.75,21820.25,21821.75,170.0
2025-05-29 07:55:00+00:00,21825.0,21827.25,21823.75,21823.75,109.0
2025-05-29 07:56:00+00:00,21826.25,21828.0,21824.5,21824.5,99.0
2025-05-29 07:57:00+00:00,21823.5,21826.5,21821.75,21826.5,76.0
2025-05-29 07:58:00+00:00,21830.5,21830.5,21822.5,21823.25,181.0
2025-05-29 07:59:00+00:00,21849.5,21849.5,21830.0,21830.25,798.0
2025-05-29 08:00:00+00:00,21850.0,21853.75,21839.5,21849.5,747.0
2025-05-29 08:01:00+00:00,21855.25,21855.5,21848.25,21850.0,344.0
2025-05-29 08:02:00+00:00,21844.0,21858.75,21834.5,21854.25,504.0
2025-05-29 08:03:00+00:00,21828.0,21845.75,21825.75,21843.75,230.0
2025-05-29 08:04:00+00:00,21832.0,21833.0,21824.5,21827.5,225.0
2025-05-29 08:05:00+00:00,21844.5,21845.25,21831.0,21832.25,333.0
2025-05-29 08:06:00+00:00,21840.5,21848.75,21839.25,21844.0,299.0
2025-05-29 08:07:00+00:00,21833.25,21841.25,21833.25,21839.75,116.0
2025-05-29 08:08:00+00:00,21832.25,21835.0,21825.25,21833.75,177.0
2025-05-29 08:09:00+00:00,21826.5,21834.0,21825.75,21832.25,120.0
2025-05-29 08:10:00+00:00,21828.0,21828.75,21824.0,21826.0,140.0
2025-05-29 08:11:00+00:00,21826.0,21828.0,21823.5,21827.25,145.0
2025-05-29 08:12:00+00:00,21825.0,21826.75,21822.0,21826.0,118.0
2025-05-29 08:13:00+00:00,21821.0,21827.25,21821.0,21822.75,107.0
2025-05-29 08:14:00+00:00,21823.25,21823.5,21820.25,21820.5,97.0
2025-05-29 08:15:00+00:00,21823.0,21827.0,21820.5,21822.25,139.0
2025-05-29 08:16:00+00:00,21818.0,21825.0,21814.25,21822.0,227.0
2025-05-29 08:17:00+00:00,21821.25,21824.25,21817.75,21817.75,119.0
2025-05-29 08:18:00+00:00,21815.5,21821.25,21814.5,21820.25,61.0
2025-05-29 08:19:00+00:00,21815.75,21817.75,21814.25,21814.5,70.0
2025-05-29 08:20:00+00:00,21821.25,21823.0,21816.0,21816.0,126.0
2025-05-29 08:21:00+00:00,21821.75,21822.25,21817.5,21821.0,73.0
2025-05-29 08:22:00+00:00,21822.5,21823.0,21817.0,21820.25,131.0
2025-05-29 08:23:00+00:00,21817.5,21821.5,21817.0,21821.5,116.0
2025-05-29 08:24:00+00:00,21816.75,21820.25,21816.75,21817.5,64.0
2025-05-29 08:25:00+00:00,21804.5,21819.0,21804.0,21816.0,326.0
2025-05-29 08:26:00+00:00,21800.0,21806.0,21799.25,21803.75,164.0
2025-05-29 08:27:00+00:00,21796.0,21803.75,21795.75,21799.75,153.0
2025-05-29 08:28:00+00:00,21789.5,21796.5,21787.25,21796.0,217.0
2025-05-29 08:29:00+00:00,21790.75,21795.25,21787.75,21788.0,222.0
2025-05-29 08:30:00+00:00,21789.5,21792.0,21785.75,21790.25,156.0
2025-05-29 08:31:00+00:00,21788.75,21790.0,21783.75,21789.0,308.0
2025-05-29 08:32:00+00:00,21785.75,21789.5,21784.0,21789.25,109.0
2025-05-29 08:33:00+00:00,21778.5,21786.0,21778.25,21785.5,138.0
2025-05-29 08:34:00+00:00,21777.75,21779.75,21775.25,21779.0,179.0
2025-05-29 08:35:00+00:00,21779.5,21781.5,21775.0,21778.25,217.0
2025-05-29 08:36:00+00:00,21786.75,21788.0,21779.25,21780.0,153.0
2025-05-29 08:37:00+00:00,21788.0,21788.5,21785.75,21786.75,104.0
2025-05-29 08:38:00+00:00,21786.0,21788.25,21784.25,21787.75,83.0
2025-05-29 08:39:00+00:00,21786.0,21789.5,21785.0,21786.5,81.0
2025-05-29 08:40:00+00:00,21787.75,21789.0,21783.0,21786.5,140.0
2025-05-29 08:41:00+00:00,21787.25,21790.75,21785.5,21787.75,148.0
2025-05-29 08:42:00+00:00,21785.5,21793.25,21782.0,21787.5,149.0
2025-05-29 08:43:00+00:00,21787.5,21789.75,21785.25,21786.75,129.0
2025-05-29 08:44:00+00:00,21785.75,21789.5,21785.25,21788.25,60.0
2025-05-29 08:45:00+00:00,21787.5,21787.75,21784.25,21784.5,68.0
2025-05-29 08:46:00+00:00,21781.25,21789.75,21778.0,21788.5,170.0
2025-05-29 08:47:00+00:00,21784.5,21786.5,21782.25,21782.25,46.0
2025-05-29 08:48:00+00:00,21788.0,21788.5,21784.25,21784.25,64.0
2025-05-29 08:49:00+00:00,21783.5,21787.75,21783.0,21787.75,94.0
2025-05-29 08:50:00+00:00,21782.75,21784.5,21781.25,21784.0,139.0
2025-05-29 08:51:00+00:00,21789.75,21790.25,21782.25,21782.25,128.0
2025-05-29 08:52:00+00:00,21790.5,21792.0,21788.0,21790.0,188.0
2025-05-29 08:53:00+00:00,21791.25,21793.5,21789.75,21790.75,112.0
2025-05-29 08:54:00+00:00,21790.0,21793.25,21789.75,21791.5,56.0
2025-05-29 08:55:00+00:00,21784.75,21792.75,21782.75,21790.75,123.0
2025-05-29 08:56:00+00:00,21782.5,21790.25,21782.0,21785.0,111.0
2025-05-29 08:57:00+00:00,21782.5,21784.25,21781.0,21783.0,54.0
2025-05-29 08:58:00+00:00,21779.5,21784.75,21779.5,21783.25,86.0
2025-05-29 08:59:00+00:00,21782.75,21785.25,21781.25,21781.75,81.0
2025-05-29 09:00:00+00:00,21782.25,21784.25,21775.0,21782.75,225.0
2025-05-29 09:01:00+00:00,21784.25,21784.75,21780.0,21782.0,187.0
2025-05-29 09:02:00+00:00,21786.25,21789.25,21784.0,21784.5,101.0
2025-05-29 09:03:00+00:00,21788.5,21788.5,21784.75,21786.5,52.0
2025-05-29 09:04:00+00:00,21791.75,21791.75,21787.75,21788.75,131.0
2025-05-29 09:05:00+00:00,21790.0,21793.5,21789.0,21791.5,119.0
2025-05-29 09:06:00+00:00,21794.5,21794.75,21790.25,21790.25,107.0
2025-05-29 09:07:00+00:00,21795.75,21797.25,21792.5,21794.5,95.0
2025-05-29 09:08:00+00:00,21801.0,21804.0,21795.75,21796.0,224.0
2025-05-29 09:09:00+00:00,21802.25,21803.25,21798.0,21801.0,181.0
2025-05-29 09:10:00+00:00,21799.75,21805.0,21799.0,21801.5,206.0
2025-05-29 09:11:00+00:00,21805.75,21806.5,21800.75,21800.75,186.0
2025-05-29 09:12:00+00:00,21807.0,21807.75,21805.25,21806.25,88.0
2025-05-29 09:13:00+00:00,21809.0,21810.75,21806.25,21807.0,109.0
2025-05-29 09:14:00+00:00,21803.5,21810.25,21803.5,21809.25,84.0
2025-05-29 09:15:00+00:00,21796.75,21805.25,21796.5,21803.75,90.0
2025-05-29 09:16:00+00:00,21795.5,21802.75,21794.5,21797.75,127.0
2025-05-29 09:17:00+00:00,21788.75,21795.25,21782.0,21795.25,254.0
2025-05-29 09:18:00+00:00,21788.0,21788.75,21785.0,21788.0,64.0
2025-05-29 09:19:00+00:00,21793.75,21795.75,21786.0,21786.0,125.0
2025-05-29 09:20:00+00:00,21790.75,21792.5,21786.0,21792.5,98.0
2025-05-29 09:21:00+00:00,21786.0,21793.25,21783.5,21791.5,100.0
2025-05-29 09:22:00+00:00,21791.25,21797.0,21784.75,21786.0,183.0
2025-05-29 09:23:00+00:00,21797.0,21799.0,21791.25,21791.75,69.0
2025-05-29 09:24:00+00:00,21798.0,21800.0,21797.25,21798.25,40.0
2025-05-29 09:25:00+00:00,21795.0,21801.0,21794.25,21797.75,117.0
2025-05-29 09:26:00+00:00,21791.25,21795.0,21788.5,21795.0,67.0
2025-05-29 09:27:00+00:00,21791.0,21796.75,21789.75,21792.0,61.0
2025-05-29 09:28:00+00:00,21791.25,21793.25,21788.5,21791.75,65.0
2025-05-29 09:29:00+00:00,21792.0,21793.0,21789.25,21791.75,41.0
2025-05-29 09:30:00+00:00,21802.0,21805.75,21792.25,21792.25,122.0
2025-05-29 09:40:00+00:00,21808.0,21808.0,21798.5,21805.0,1111.0
2025-05-29 09:41:00+00:00,21812.0,21814.0,21807.5,21808.25,261.0
2025-05-29 09:42:00+00:00,21815.0,21815.5,21812.0,21812.75,101.0
2025-05-29 09:43:00+00:00,21804.75,21816.0,21804.25,21815.5,147.0
2025-05-29 09:44:00+00:00,21802.25,21804.75,21801.0,21804.5,100.0
2025-05-29 09:45:00+00:00,21801.5,21803.75,21798.5,21802.5,87.0
2025-05-29 09:46:00+00:00,21807.5,21809.0,21800.25,21801.5,112.0
2025-05-29 09:47:00+00:00,21812.25,21812.5,21804.0,21805.5,101.0
2025-05-29 09:48:00+00:00,21815.25,21815.25,21811.25,21812.75,90.0
2025-05-29 09:49:00+00:00,21815.0,21818.5,21813.75,21814.5,119.0
2025-05-29 09:50:00+00:00,21812.0,21815.25,21810.25,21815.0,135.0
2025-05-29 09:51:00+00:00,21807.75,21812.75,21806.25,21812.25,106.0
2025-05-29 09:52:00+00:00,21803.25,21808.5,21801.0,21808.25,138.0
2025-05-29 09:53:00+00:00,21803.5,21808.0,21802.75,21803.75,128.0
2025-05-29 09:54:00+00:00,21805.25,21808.5,21799.0,21802.5,135.0
2025-05-29 09:55:00+00:00,21807.0,21807.0,21801.25,21804.5,90.0
2025-05-29 09:56:00+00:00,21799.5,21808.75,21798.75,21808.25,105.0
2025-05-29 09:57:00+00:00,21799.0,21802.5,21799.0,21801.0,78.0
2025-05-29 09:58:00+00:00,21790.0,21799.25,21789.25,21799.0,213.0
2025-05-29 09:59:00+00:00,21785.0,21789.5,21783.75,21789.0,233.0
2025-05-29 10:00:00+00:00,21777.5,21787.75,21777.0,21786.25,284.0
2025-05-29 10:01:00+00:00,21776.5,21780.5,21775.0,21777.25,174.0
2025-05-29 10:02:00+00:00,21779.25,21779.75,21772.0,21777.25,168.0
2025-05-29 10:03:00+00:00,21776.75,21779.75,21774.75,21779.5,108.0
2025-05-29 10:04:00+00:00,21757.75,21776.0,21757.0,21776.0,340.0
2025-05-29 10:05:00+00:00,21767.0,21767.0,21756.75,21758.0,301.0
2025-05-29 10:06:00+00:00,21767.0,21768.25,21760.25,21767.0,208.0
2025-05-29 10:07:00+00:00,21760.0,21768.0,21760.0,21766.5,202.0
2025-05-29 10:08:00+00:00,21753.75,21761.5,21747.5,21760.5,353.0
2025-05-29 10:09:00+00:00,21758.5,21758.5,21749.5,21753.5,143.0
2025-05-29 10:10:00+00:00,21765.5,21765.75,21751.5,21759.5,221.0
2025-05-29 10:11:00+00:00,21760.0,21767.0,21753.75,21765.5,156.0
2025-05-29 10:12:00+00:00,21770.25,21771.25,21761.75,21762.0,222.0
2025-05-29 10:13:00+00:00,21761.5,21771.0,21758.25,21770.25,223.0
2025-05-29 10:14:00+00:00,21751.0,21762.25,21749.75,21762.0,219.0
2025-05-29 10:15:00+00:00,21753.0,21754.25,21749.75,21752.0,213.0
2025-05-29 10:16:00+00:00,21744.25,21752.25,21738.5,21752.25,457.0
2025-05-29 10:17:00+00:00,21738.0,21745.0,21737.0,21743.75,233.0
2025-05-29 10:18:00+00:00,21732.25,21739.0,21732.25,21737.25,205.0
2025-05-29 10:19:00+00:00,21739.0,21739.75,21732.5,21732.75,263.0
2025-05-29 10:20:00+00:00,21742.5,21744.25,21737.0,21739.5,259.0
2025-05-29 10:21:00+00:00,21736.0,21745.0,21736.0,21743.0,173.0
2025-05-29 10:22:00+00:00,21740.5,21743.5,21734.0,21735.5,152.0
2025-05-29 10:23:00+00:00,21739.25,21743.0,21738.0,21742.0,93.0
2025-05-29 10:24:00+00:00,21731.25,21741.75,21728.75,21740.0,254.0
2025-05-29 10:25:00+00:00,21736.0,21736.0,21730.75,21731.25,135.0
2025-05-29 10:26:00+00:00,21735.5,21741.25,21733.0,21737.5,247.0
2025-05-29 10:27:00+00:00,21740.5,21744.75,21735.25,21735.75,214.0
2025-05-29 10:28:00+00:00,21740.0,21741.5,21737.0,21740.25,105.0
2025-05-29 10:29:00+00:00,21733.0,21741.5,21728.5,21739.75,198.0
2025-05-29 10:30:00+00:00,21742.5,21743.0,21731.5,21732.75,204.0
2025-05-29 10:31:00+00:00,21748.0,21750.75,21741.0,21742.25,237.0
2025-05-29 10:32:00+00:00,21747.0,21752.5,21745.0,21749.0,154.0
2025-05-29 10:33:00+00:00,21748.25,21749.75,21744.25,21746.0,74.0
2025-05-29 10:34:00+00:00,21749.0,21750.75,21747.25,21748.0,102.0
2025-05-29 10:35:00+00:00,21747.0,21751.75,21746.25,21750.0,108.0
2025-05-29 10:36:00+00:00,21744.5,21751.5,21744.25,21748.25,111.0
2025-05-29 10:37:00+00:00,21736.75,21745.5,21735.5,21744.75,182.0
2025-05-29 10:38:00+00:00,21738.75,21740.75,21733.5,21736.5,113.0
2025-05-29 10:39:00+00:00,21737.5,21739.0,21734.5,21739.0,52.0
2025-05-29 10:40:00+00:00,21738.25,21740.75,21735.25,21737.0,123.0
2025-05-29 10:41:00+00:00,21739.5,21743.0,21736.75,21738.0,91.0
2025-05-29 10:42:00+00:00,21741.0,21744.75,21739.5,21739.5,68.0
2025-05-29 10:43:00+00:00,21741.75,21743.5,21739.0,21741.0,93.0
2025-05-29 10:44:00+00:00,21735.0,21741.75,21735.0,21741.75,86.0
2025-05-29 10:45:00+00:00,21735.0,21739.5,21734.5,21735.25,57.0
2025-05-29 10:46:00+00:00,21730.25,21736.0,21729.75,21734.5,94.0
2025-05-29 10:47:00+00:00,21722.25,21729.75,21721.0,21729.75,289.0
2025-05-29 10:48:00+00:00,21733.5,21734.0,21723.0,21723.0,144.0
2025-05-29 10:49:00+00:00,21731.25,21735.0,21729.25,21733.5,114.0
2025-05-29 10:50:00+00:00,21730.5,21732.0,21724.5,21731.5,146.0
2025-05-29 10:51:00+00:00,21733.25,21734.75,21730.5,21731.0,119.0
2025-05-29 10:52:00+00:00,21728.75,21738.5,21726.25,21734.5,163.0
2025-05-29 10:53:00+00:00,21723.75,21729.5,21723.75,21728.75,128.0
2025-05-29 10:54:00+00:00,21713.75,21724.0,21713.25,21723.0,317.0
2025-05-29 10:55:00+00:00,21720.75,21720.75,21710.0,21713.25,335.0
2025-05-29 10:56:00+00:00,21728.25,21728.75,21719.75,21719.75,130.0
2025-05-29 10:57:00+00:00,21728.5,21731.0,21727.0,21728.25,107.0
2025-05-29 10:58:00+00:00,21733.5,21733.75,21729.5,21729.5,106.0
2025-05-29 10:59:00+00:00,21735.5,21736.5,21732.75,21733.0,133.0
2025-05-29 11:00:00+00:00,21729.5,21737.5,21728.75,21735.5,334.0
2025-05-29 11:01:00+00:00,21731.25,21735.25,21725.75,21729.5,231.0
2025-05-29 11:02:00+00:00,21733.5,21735.5,21730.75,21730.75,121.0
2025-05-29 11:03:00+00:00,21737.25,21738.5,21729.75,21732.75,204.0
2025-05-29 11:04:00+00:00,21727.5,21739.5,21726.25,21738.0,163.0
2025-05-29 11:05:00+00:00,21725.75,21728.25,21723.25,21727.75,139.0
2025-05-29 11:06:00+00:00,21725.5,21728.25,21720.25,21724.75,140.0
2025-05-29 11:07:00+00:00,21731.25,21734.25,21725.5,21725.5,127.0
2025-05-29 11:08:00+00:00,21731.75,21733.0,21724.5,21730.75,158.0
2025-05-29 11:09:00+00:00,21725.5,21736.75,21724.5,21732.25,120.0
2025-05-29 11:10:00+00:00,21721.25,21726.25,21718.25,21725.0,166.0
2025-05-29 11:11:00+00:00,21724.0,21729.75,21722.5,21722.75,99.0
2025-05-29 11:12:00+00:00,21725.5,21729.25,21722.0,21724.0,77.0
2025-05-29 11:13:00+00:00,21728.25,21731.0,21725.25,21728.25,112.0
2025-05-29 11:14:00+00:00,21729.0,21730.0,21727.0,21729.0,73.0
2025-05-29 11:15:00+00:00,21729.25,21733.0,21728.5,21729.5,112.0
2025-05-29 11:16:00+00:00,21731.0,21733.5,21730.0,21730.0,75.0
2025-05-29 11:17:00+00:00,21730.5,21732.0,21728.0,21731.5,30.0
2025-05-29 11:18:00+00:00,21732.5,21733.25,21730.25,21730.5,88.0
2025-05-29 11:19:00+00:00,21731.0,21733.0,21730.25,21732.75,59.0
2025-05-29 11:20:00+00:00,21729.75,21733.0,21727.25,21731.0,99.0
2025-05-29 11:21:00+00:00,21727.75,21730.75,21727.0,21730.75,103.0
2025-05-29 11:22:00+00:00,21713.5,21728.75,21712.0,21728.75,265.0
2025-05-29 11:23:00+00:00,21713.75,21716.5,21712.5,21714.0,101.0
2025-05-29 11:24:00+00:00,21699.5,21714.25,21699.0,21714.25,389.0
2025-05-29 11:25:00+00:00,21695.75,21701.75,21695.75,21700.75,274.0
2025-05-29 11:26:00+00:00,21694.5,21699.75,21691.25,21695.75,217.0
2025-05-29 11:27:00+00:00,21689.5,21696.0,21687.25,21693.5,245.0
2025-05-29 11:28:00+00:00,21692.75,21698.25,21686.25,21688.25,233.0
2025-05-29 11:29:00+00:00,21684.5,21694.25,21678.0,21694.0,370.0
2025-05-29 11:30:00+00:00,21682.0,21692.0,21681.75,21684.5,254.0
2025-05-29 11:31:00+00:00,21683.25,21683.25,21675.75,21681.0,285.0
2025-05-29 11:32:00+00:00,21676.0,21686.0,21673.0,21682.75,328.0
2025-05-29 11:33:00+00:00,21689.75,21690.75,21675.5,21676.5,252.0
2025-05-29 11:34:00+00:00,21689.0,21698.0,21686.75,21691.75,234.0
2025-05-29 11:35:00+00:00,21698.0,21699.25,21685.0,21688.75,235.0
2025-05-29 11:36:00+00:00,21702.25,21702.25,21696.75,21698.5,179.0
2025-05-29 11:37:00+00:00,21695.25,21703.75,21694.75,21701.75,217.0
2025-05-29 11:38:00+00:00,21694.75,21697.5,21688.75,21695.25,102.0
2025-05-29 11:39:00+00:00,21679.5,21695.75,21678.5,21695.75,246.0
2025-05-29 11:40:00+00:00,21692.75,21692.75,21677.5,21679.25,217.0
2025-05-29 11:41:00+00:00,21685.25,21693.25,21684.75,21693.0,149.0
2025-05-29 11:42:00+00:00,21698.75,21700.0,21684.0,21685.0,205.0
2025-05-29 11:43:00+00:00,21695.0,21702.0,21694.5,21699.0,162.0
2025-05-29 11:44:00+00:00,21699.75,21702.25,21695.0,21695.0,172.0
2025-05-29 11:45:00+00:00,21702.0,21702.0,21691.75,21699.0,134.0
2025-05-29 11:46:00+00:00,21690.5,21701.5,21690.5,21701.5,109.0
2025-05-29 11:47:00+00:00,21690.75,21697.0,21689.75,21691.5,101.0
2025-05-29 11:48:00+00:00,21681.25,21690.75,21678.25,21689.5,255.0
2025-05-29 11:49:00+00:00,21681.5,21683.75,21678.75,21681.25,120.0
2025-05-29 11:50:00+00:00,21676.5,21681.0,21665.0,21680.75,614.0
2025-05-29 11:51:00+00:00,21668.5,21678.25,21667.5,21677.25,325.0
2025-05-29 11:52:00+00:00,21657.5,21670.0,21654.0,21670.0,542.0
2025-05-29 11:53:00+00:00,21653.5,21663.5,21651.5,21657.5,382.0
2025-05-29 11:54:00+00:00,21655.25,21658.75,21648.25,21653.0,349.0
2025-05-29 11:55:00+00:00,21654.75,21662.25,21650.5,21655.75,238.0
2025-05-29 11:56:00+00:00,21656.75,21657.5,21649.0,21654.75,241.0
2025-05-29 11:57:00+00:00,21660.5,21666.0,21656.25,21656.25,269.0
2025-05-29 11:58:00+00:00,21660.5,21663.5,21658.75,21661.25,103.0
2025-05-29 11:59:00+00:00,21654.5,21663.5,21653.25,21661.0,167.0
2025-05-29 12:00:00+00:00,21660.25,21662.0,21644.0,21654.75,819.0
2025-05-29 12:01:00+00:00,21667.25,21668.75,21656.75,21660.5,337.0
2025-05-29 12:02:00+00:00,21660.0,21673.75,21659.75,21667.0,318.0
2025-05-29 12:03:00+00:00,21667.25,21672.5,21660.0,21660.0,204.0
2025-05-29 12:04:00+00:00,21662.25,21668.75,21657.0,21667.25,402.0
2025-05-29 12:05:00+00:00,21644.5,21689.25,21638.0,21663.75,1808.0
2025-05-29 12:06:00+00:00,21639.75,21650.5,21634.0,21644.5,466.0
2025-05-29 12:07:00+00:00,21635.5,21643.5,21633.75,21641.25,218.0
2025-05-29 12:08:00+00:00,21653.25,21660.75,21634.75,21634.75,486.0
2025-05-29 12:09:00+00:00,21640.0,21656.25,21638.0,21654.75,230.0
2025-05-29 12:10:00+00:00,21627.0,21650.0,21625.75,21639.75,493.0
2025-05-29 12:11:00+00:00,21633.5,21636.5,21620.5,21626.75,477.0
2025-05-29 12:12:00+00:00,21640.0,21642.5,21629.0,21633.25,265.0
2025-05-29 12:13:00+00:00,21642.75,21644.25,21637.0,21639.25,183.0
2025-05-29 12:14:00+00:00,21648.25,21650.75,21634.0,21642.5,294.0
2025-05-29 12:15:00+00:00,21649.5,21651.0,21642.5,21648.25,166.0
2025-05-29 12:16:00+00:00,21648.25,21652.25,21646.75,21648.5,228.0
2025-05-29 12:17:00+00:00,21640.25,21648.25,21635.75,21648.25,257.0
2025-05-29 12:18:00+00:00,21644.25,21649.25,21639.25,21641.25,161.0
2025-05-29 12:19:00+00:00,21640.75,21643.5,21637.75,21643.0,190.0
2025-05-29 12:20:00+00:00,21645.5,21647.25,21634.75,21640.25,369.0
2025-05-29 12:21:00+00:00,21630.75,21649.0,21627.75,21645.25,365.0
2025-05-29 12:22:00+00:00,21633.25,21635.0,21627.0,21629.75,343.0
2025-05-29 12:23:00+00:00,21646.0,21647.0,21632.5,21632.5,222.0
2025-05-29 12:24:00+00:00,21647.25,21649.5,21644.5,21647.0,196.0
2025-05-29 12:25:00+00:00,21657.25,21658.5,21646.0,21647.25,251.0
2025-05-29 12:26:00+00:00,21660.25,21666.25,21655.75,21657.25,395.0
2025-05-29 12:27:00+00:00,21658.25,21664.0,21655.0,21660.0,202.0
2025-05-29 12:28:00+00:00,21653.25,21663.25,21650.0,21658.5,362.0
2025-05-29 12:29:00+00:00,21659.5,21660.25,21652.0,21653.5,160.0
2025-05-29 12:30:00+00:00,21677.5,21678.5,21652.5,21655.75,704.0
2025-05-29 12:31:00+00:00,21683.5,21687.0,21675.0,21676.75,836.0
2025-05-29 12:32:00+00:00,21682.0,21685.25,21675.75,21682.25,364.0
2025-05-29 12:33:00+00:00,21684.25,21685.5,21675.25,21683.0,258.0
2025-05-29 12:34:00+00:00,21684.5,21686.25,21673.0,21684.25,330.0
2025-05-29 12:35:00+00:00,21680.25,21687.5,21678.5,21684.75,280.0
2025-05-29 12:36:00+00:00,21681.25,21684.75,21677.0,21680.25,161.0
2025-05-29 12:37:00+00:00,21665.0,21683.25,21663.75,21681.5,424.0
2025-05-29 12:38:00+00:00,21659.5,21667.75,21655.25,21665.25,369.0
2025-05-29 12:39:00+00:00,21643.5,21660.0,21642.25,21660.0,539.0
2025-05-29 12:40:00+00:00,21643.0,21647.25,21636.75,21642.25,533.0
2025-05-29 12:41:00+00:00,21639.0,21644.75,21633.75,21643.0,353.0
2025-05-29 12:42:00+00:00,21633.5,21640.5,21627.5,21639.25,656.0
2025-05-29 12:43:00+00:00,21639.5,21642.0,21632.75,21633.5,349.0
2025-05-29 12:44:00+00:00,21638.75,21647.75,21633.0,21640.0,367.0
2025-05-29 12:45:00+00:00,21640.5,21649.0,21639.25,21639.25,288.0
2025-05-29 12:46:00+00:00,21653.0,21654.5,21641.75,21642.0,231.0
2025-05-29 12:47:00+00:00,21651.0,21658.25,21650.0,21652.75,418.0
2025-05-29 12:48:00+00:00,21656.75,21659.75,21645.0,21650.75,250.0
2025-05-29 12:49:00+00:00,21651.0,21659.0,21648.5,21655.5,233.0
2025-05-29 12:50:00+00:00,21652.25,21654.75,21644.5,21649.75,302.0
2025-05-29 12:51:00+00:00,21644.25,21653.0,21641.25,21652.25,200.0
2025-05-29 12:52:00+00:00,21664.5,21665.5,21644.25,21644.25,448.0
2025-05-29 12:53:00+00:00,21660.75,21667.0,21658.5,21666.0,253.0
2025-05-29 12:54:00+00:00,21661.25,21665.25,21658.75,21661.5,223.0
2025-05-29 12:55:00+00:00,21660.75,21664.5,21657.25,21662.0,301.0
2025-05-29 12:56:00+00:00,21653.25,21661.25,21653.0,21661.25,200.0
2025-05-29 12:57:00+00:00,21646.5,21656.5,21645.0,21652.75,290.0
2025-05-29 12:58:00+00:00,21641.25,21647.5,21641.25,21647.0,212.0
2025-05-29 12:59:00+00:00,21644.75,21648.0,21641.25,21642.0,155.0
2025-05-29 13:00:00+00:00,21645.25,21650.5,21639.75,21645.5,402.0
2025-05-29 13:01:00+00:00,21647.75,21649.25,21644.25,21645.25,225.0
2025-05-29 13:02:00+00:00,21652.75,21654.75,21646.0,21647.25,232.0
2025-05-29 13:03:00+00:00,21661.0,21663.0,21650.0,21651.25,251.0
2025-05-29 13:04:00+00:00,21653.25,21665.75,21651.0,21661.75,303.0
2025-05-29 13:05:00+00:00,21654.75,21659.25,21650.0,21652.5,216.0
2025-05-29 13:06:00+00:00,21664.0,21665.75,21654.25,21655.25,259.0
2025-05-29 13:07:00+00:00,21666.75,21670.25,21662.25,21663.25,233.0
2025-05-29 13:08:00+00:00,21662.0,21669.25,21660.25,21666.75,196.0
2025-05-29 13:09:00+00:00,21658.75,21662.75,21658.0,21662.5,197.0
2025-05-29 13:10:00+00:00,21652.5,21660.25,21652.0,21658.5,375.0
2025-05-29 13:11:00+00:00,21652.25,21653.5,21647.75,21651.75,337.0
2025-05-29 13:12:00+00:00,21653.0,21656.75,21650.0,21651.5,282.0
2025-05-29 13:13:00+00:00,21668.25,21670.5,21653.5,21653.5,544.0
2025-05-29 13:14:00+00:00,21669.75,21671.0,21665.25,21668.25,338.0
2025-05-29 13:15:00+00:00,21674.75,21677.0,21668.75,21670.0,578.0
2025-05-29 13:16:00+00:00,21678.0,21680.0,21673.0,21674.25,465.0
2025-05-29 13:17:00+00:00,21681.25,21682.75,21677.5,21678.0,319.0
2025-05-29 13:18:00+00:00,21681.25,21683.0,21677.5,21680.75,248.0
2025-05-29 13:19:00+00:00,21682.0,21684.75,21678.75,21681.5,227.0
2025-05-29 13:20:00+00:00,21683.75,21685.0,21678.75,21682.25,249.0
2025-05-29 13:21:00+00:00,21680.75,21684.75,21680.25,21683.75,297.0
2025-05-29 13:22:00+00:00,21682.0,21687.0,21678.0,21680.75,307.0
2025-05-29 13:23:00+00:00,21691.0,21692.5,21681.25,21681.75,388.0
2025-05-29 13:24:00+00:00,21682.5,21692.75,21682.5,21690.75,522.0
2025-05-29 13:25:00+00:00,21668.0,21685.75,21665.75,21682.5,1134.0
2025-05-29 13:26:00+00:00,21669.25,21669.75,21661.75,21667.5,475.0
2025-05-29 13:27:00+00:00,21675.75,21676.75,21664.25,21668.25,733.0
2025-05-29 13:28:00+00:00,21679.25,21681.5,21668.0,21676.25,900.0
2025-05-29 13:29:00+00:00,21673.75,21681.75,21671.75,21679.25,808.0
2025-05-29 13:30:00+00:00,21649.5,21679.75,21638.25,21674.25,3975.0
2025-05-29 13:31:00+00:00,21612.0,21650.25,21612.0,21649.0,2725.0
2025-05-29 13:32:00+00:00,21587.25,21613.5,21577.25,21612.25,3414.0
2025-05-29 13:33:00+00:00,21609.75,21612.25,21581.25,21587.0,2538.0
2025-05-29 13:34:00+00:00,21610.0,21618.0,21600.75,21609.0,2013.0
2025-05-29 13:35:00+00:00,21605.5,21612.75,21594.0,21609.25,1455.0
2025-05-29 13:36:00+00:00,21586.75,21603.0,21584.5,21602.5,2362.0
2025-05-29 13:37:00+00:00,21581.0,21598.75,21575.0,21586.5,1857.0
2025-05-29 13:38:00+00:00,21566.5,21582.5,21561.5,21580.5,2088.0
2025-05-29 13:39:00+00:00,21561.75,21575.5,21560.5,21566.75,1708.0
2025-05-29 13:40:00+00:00,21577.25,21578.0,21557.5,21561.75,2053.0
2025-05-29 13:41:00+00:00,21547.0,21580.5,21535.0,21577.0,2624.0
2025-05-29 13:42:00+00:00,21549.0,21551.25,21536.75,21547.0,1806.0
2025-05-29 13:43:00+00:00,21549.5,21564.25,21541.0,21549.75,1765.0
2025-05-29 13:44:00+00:00,21526.25,21550.75,21522.75,21549.25,2009.0
2025-05-29 13:45:00+00:00,21523.5,21534.5,21517.25,21526.75,1764.0
2025-05-29 13:47:00+00:00,21522.25,21526.0,21507.5,21514.5,3389.0
2025-05-29 13:48:00+00:00,21518.75,21523.5,21500.25,21522.5,1770.0
2025-05-29 13:49:00+00:00,21491.0,21519.75,21487.25,21518.0,2693.0
2025-05-29 13:50:00+00:00,21506.75,21515.25,21485.25,21491.0,2546.0
2025-05-29 13:51:00+00:00,21527.0,21531.0,21500.5,21507.0,1705.0
2025-05-29 13:52:00+00:00,21526.0,21542.25,21524.25,21527.0,1955.0
2025-05-29 13:53:00+00:00,21541.75,21542.5,21525.75,21525.75,718.0
2025-05-29 13:54:00+00:00,21545.75,21546.25,21541.25,21544.5,2045.0
2025-05-29 13:55:00+00:00,21555.0,21556.5,21542.75,21543.5,1532.0
2025-05-29 13:56:00+00:00,21518.25,21557.75,21515.25,21555.5,2113.0
2025-05-29 13:57:00+00:00,21518.75,21527.75,21505.25,21517.5,1917.0
2025-05-29 13:58:00+00:00,21515.25,21522.5,21499.5,21518.25,1399.0
2025-05-29 13:59:00+00:00,21518.75,21523.0,21507.0,21515.75,1021.0
2025-05-29 14:00:00+00:00,21508.75,21524.25,21497.75,21517.5,1790.0
2025-05-29 14:01:00+00:00,21514.5,21522.25,21504.0,21507.5,1155.0
2025-05-29 14:02:00+00:00,21520.75,21533.25,21504.75,21514.25,1429.0
2025-05-29 14:03:00+00:00,21501.0,21524.0,21499.5,21521.0,1475.0
2025-05-29 14:04:00+00:00,21487.25,21508.0,21487.25,21500.25,1503.0
2025-05-29 14:05:00+00:00,21461.25,21487.5,21460.0,21487.0,2399.0
2025-05-29 14:06:00+00:00,21444.0,21455.75,21440.0,21447.75,4145.0
2025-05-29 14:07:00+00:00,21416.25,21446.75,21408.75,21445.0,2894.0
2025-05-29 14:08:00+00:00,21426.5,21430.0,21407.0,21415.0,1790.0
2025-05-29 14:09:00+00:00,21415.0,21429.25,21408.75,21427.5,1390.0
2025-05-29 14:10:00+00:00,21425.0,21436.0,21411.75,21415.5,1553.0
2025-05-29 14:11:00+00:00,21403.5,21423.25,21395.25,21423.25,2311.0
2025-05-29 14:12:00+00:00,21404.0,21417.25,21397.0,21403.5,1382.0
2025-05-29 14:13:00+00:00,21416.25,21422.0,21397.5,21403.25,1176.0
2025-05-29 14:14:00+00:00,21436.0,21440.25,21417.0,21417.25,1989.0
2025-05-29 14:15:00+00:00,21440.25,21449.5,21429.5,21436.75,1889.0
2025-05-29 14:16:00+00:00,21437.0,21445.25,21426.5,21439.75,1410.0
2025-05-29 14:17:00+00:00,21411.0,21441.75,21410.0,21436.0,1271.0
2025-05-29 14:18:00+00:00,21405.75,21418.5,21403.0,21410.25,1228.0
2025-05-29 14:19:00+00:00,21405.75,21409.5,21384.5,21407.0,2184.0
2025-05-29 14:20:00+00:00,21405.0,21408.75,21391.75,21406.75,1117.0
2025-05-29 14:21:00+00:00,21404.75,21406.25,21380.5,21405.0,1429.0
2025-05-29 14:22:00+00:00,21412.5,21416.0,21390.5,21406.75,1061.0
2025-05-29 14:23:00+00:00,21416.25,21420.75,21395.5,21411.75,1066.0
2025-05-29 14:24:00+00:00,21408.75,21417.5,21398.75,21417.5,884.0
2025-05-29 14:25:00+00:00,21429.75,21432.75,21405.25,21407.75,1280.0
2025-05-29 14:26:00+00:00,21443.5,21443.5,21424.5,21429.5,1404.0
2025-05-29 14:27:00+00:00,21449.25,21452.75,21437.75,21443.25,1461.0
2025-05-29 14:28:00+00:00,21455.5,21462.5,21447.75,21448.5,1213.0
2025-05-29 14:29:00+00:00,21456.25,21460.5,21446.0,21454.75,921.0
2025-05-29 14:30:00+00:00,21457.75,21461.25,21442.0,21456.0,1282.0
2025-05-29 14:31:00+00:00,21472.5,21474.5,21455.0,21456.5,1262.0
2025-05-29 14:32:00+00:00,21459.0,21474.0,21453.0,21472.5,1259.0
2025-05-29 14:33:00+00:00,21439.25,21467.5,21438.25,21459.0,1043.0
2025-05-29 14:38:00+00:00,21456.25,21462.75,21454.25,21461.75,5238.0
2025-05-29 14:39:00+00:00,21463.0,21465.5,21451.75,21454.75,734.0
2025-05-29 14:40:00+00:00,21447.5,21463.5,21444.0,21462.75,763.0
2025-05-29 14:41:00+00:00,21441.75,21450.5,21439.75,21449.75,707.0
2025-05-29 14:42:00+00:00,21441.25,21447.5,21432.75,21441.75,939.0
2025-05-29 14:43:00+00:00,21454.0,21457.0,21440.0,21440.25,649.0
2025-05-29 14:44:00+00:00,21456.5,21460.75,21450.0,21453.5,713.0
2025-05-29 14:45:00+00:00,21471.25,21471.75,21450.0,21456.5,977.0
2025-05-29 14:46:00+00:00,21465.5,21474.25,21458.75,21472.0,986.0
2025-05-29 14:47:00+00:00,21472.25,21475.0,21463.75,21465.75,662.0
2025-05-29 14:48:00+00:00,21478.75,21481.5,21469.5,21473.0,872.0
2025-05-29 14:49:00+00:00,21477.5,21484.0,21471.75,21478.5,751.0
2025-05-29 14:50:00+00:00,21473.5,21482.5,21467.25,21478.0,632.0
2025-05-29 14:51:00+00:00,21478.5,21482.0,21470.5,21473.0,501.0
2025-05-29 14:52:00+00:00,21495.5,21496.75,21476.25,21478.75,1064.0
2025-05-29 14:53:00+00:00,21502.5,21503.25,21493.5,21495.25,1253.0
2025-05-29 14:54:00+00:00,21497.0,21508.0,21496.0,21502.25,1035.0
2025-05-29 14:55:00+00:00,21497.25,21502.25,21493.0,21497.75,786.0
2025-05-29 14:56:00+00:00,21510.0,21512.0,21494.5,21496.25,908.0
2025-05-29 14:57:00+00:00,21507.75,21517.75,21502.5,21511.0,1240.0
2025-05-29 14:58:00+00:00,21518.5,21522.25,21507.5,21508.25,972.0
2025-05-29 14:59:00+00:00,21516.0,21521.25,21513.25,21518.5,761.0
2025-05-29 15:00:00+00:00,21519.25,21519.25,21508.0,21515.0,810.0
2025-05-29 15:01:00+00:00,21504.0,21519.5,21501.25,21518.5,905.0
2025-05-29 15:02:00+00:00,21507.0,21510.5,21503.75,21504.25,467.0
2025-05-29 15:03:00+00:00,21491.25,21510.25,21485.0,21507.75,1733.0
2025-05-29 15:04:00+00:00,21493.75,21498.0,21477.0,21489.75,1563.0
2025-05-29 15:05:00+00:00,21500.5,21503.0,21491.25,21493.5,818.0
2025-05-29 15:06:00+00:00,21496.75,21505.25,21496.75,21500.0,583.0
2025-05-29 15:07:00+00:00,21484.0,21497.75,21480.0,21497.75,904.0
2025-05-29 15:08:00+00:00,21480.0,21486.0,21473.25,21485.5,1122.0
2025-05-29 15:09:00+00:00,21485.0,21493.0,21478.0,21480.25,1062.0
2025-05-29 15:10:00+00:00,21496.0,21497.0,21477.5,21484.5,885.0
2025-05-29 15:11:00+00:00,21496.75,21503.25,21491.0,21496.75,725.0
2025-05-29 15:12:00+00:00,21494.25,21507.75,21491.0,21497.75,685.0
2025-05-29 15:13:00+00:00,21477.0,21497.5,21475.25,21495.0,785.0
2025-05-29 15:14:00+00:00,21462.0,21477.25,21459.75,21477.0,1268.0
2025-05-29 15:15:00+00:00,21471.0,21476.5,21459.25,21461.5,950.0
2025-05-29 15:16:00+00:00,21473.5,21475.0,21461.0,21470.75,631.0
2025-05-29 15:17:00+00:00,21466.75,21474.25,21463.25,21474.0,436.0
2025-05-29 15:18:00+00:00,21470.5,21473.5,21462.5,21466.0,523.0
2025-05-29 15:19:00+00:00,21459.5,21480.75,21458.75,21471.25,825.0
2025-05-29 15:20:00+00:00,21470.0,21472.75,21457.25,21459.25,727.0
2025-05-29 15:21:00+00:00,21485.75,21487.25,21467.0,21469.0,895.0
2025-05-29 15:22:00+00:00,21475.75,21485.75,21473.0,21485.25,531.0
2025-05-29 15:23:00+00:00,21478.25,21483.5,21476.0,21476.75,498.0
2025-05-29 15:24:00+00:00,21483.25,21487.25,21478.0,21478.0,421.0
2025-05-29 15:25:00+00:00,21490.25,21492.75,21482.0,21483.75,816.0
2025-05-29 15:26:00+00:00,21497.25,21500.5,21485.25,21490.75,884.0
2025-05-29 15:27:00+00:00,21495.5,21500.0,21488.5,21497.5,573.0
2025-05-29 15:28:00+00:00,21503.25,21509.0,21494.75,21496.5,1128.0
2025-05-29 15:29:00+00:00,21501.0,21510.25,21497.25,21502.75,851.0
2025-05-29 15:30:00+00:00,21484.5,21505.0,21479.5,21500.75,947.0
2025-05-29 15:31:00+00:00,21462.25,21485.75,21461.75,21485.0,1083.0
2025-05-29 15:32:00+00:00,21446.75,21466.75,21442.25,21461.25,1431.0
2025-05-29 15:33:00+00:00,21440.0,21450.25,21437.75,21446.75,973.0
2025-05-29 15:34:00+00:00,21442.75,21443.25,21425.25,21439.25,1475.0
2025-05-29 15:35:00+00:00,21455.0,21455.5,21437.5,21443.25,1430.0
2025-05-29 15:36:00+00:00,21455.5,21459.5,21449.0,21455.25,795.0
2025-05-29 15:37:00+00:00,21447.5,21457.0,21442.75,21456.0,800.0
2025-05-29 15:38:00+00:00,21435.25,21452.25,21432.75,21447.75,850.0
2025-05-29 15:39:00+00:00,21438.0,21443.0,21431.5,21434.5,662.0
2025-05-29 15:40:00+00:00,21444.0,21449.25,21431.0,21438.5,756.0
2025-05-29 15:41:00+00:00,21443.25,21454.5,21442.5,21445.0,647.0
2025-05-29 15:42:00+00:00,21445.75,21453.25,21440.75,21443.75,626.0
2025-05-29 15:43:00+00:00,21442.25,21452.5,21442.25,21446.0,528.0
2025-05-29 15:44:00+00:00,21442.75,21446.0,21439.5,21443.25,486.0
2025-05-29 15:45:00+00:00,21430.5,21446.0,21427.0,21443.5,1039.0
2025-05-29 15:46:00+00:00,21447.75,21448.75,21429.75,21430.0,879.0
2025-05-29 15:47:00+00:00,21443.25,21453.0,21440.25,21447.75,450.0
2025-05-29 15:48:00+00:00,21436.0,21444.0,21433.25,21443.5,448.0
2025-05-29 15:49:00+00:00,21423.25,21437.0,21421.75,21436.75,816.0
2025-05-29 15:50:00+00:00,21445.0,21445.0,21420.5,21424.25,833.0
2025-05-29 15:51:00+00:00,21448.5,21454.25,21440.75,21445.0,936.0
2025-05-29 15:52:00+00:00,21454.75,21456.75,21448.25,21449.0,828.0
2025-05-29 15:53:00+00:00,21449.75,21458.0,21444.5,21454.75,595.0
2025-05-29 15:54:00+00:00,21441.75,21459.0,21441.0,21449.75,927.0
2025-05-29 15:55:00+00:00,21438.25,21443.25,21435.25,21442.0,458.0
2025-05-29 15:56:00+00:00,21429.25,21441.75,21426.5,21437.75,661.0
2025-05-29 15:57:00+00:00,21366.75,21430.25,21362.75,21429.0,3590.0
2025-05-29 15:58:00+00:00,21341.25,21368.25,21333.0,21365.75,2926.0
2025-05-29 15:59:00+00:00,21348.75,21349.5,21325.5,21341.25,1939.0
2025-05-29 16:00:00+00:00,21314.75,21351.25,21301.0,21348.0,3854.0
2025-05-29 16:01:00+00:00,21333.0,21344.25,21312.5,21313.75,1633.0
2025-05-29 16:02:00+00:00,21330.25,21337.75,21321.75,21332.25,1123.0
2025-05-29 16:03:00+00:00,21345.0,21350.25,21324.0,21330.0,1201.0
2025-05-29 16:04:00+00:00,21350.75,21363.75,21340.0,21345.75,1487.0
2025-05-29 16:05:00+00:00,21360.0,21364.5,21349.0,21351.5,957.0
2025-05-29 16:06:00+00:00,21364.75,21367.0,21349.5,21359.0,997.0
2025-05-29 16:07:00+00:00,21364.25,21367.0,21356.0,21366.25,616.0
2025-05-29 16:08:00+00:00,21358.0,21371.75,21355.75,21364.0,728.0
2025-05-29 16:09:00+00:00,21366.5,21371.25,21357.25,21358.25,590.0
2025-05-29 16:10:00+00:00,21381.0,21385.25,21363.5,21366.5,964.0
2025-05-29 16:11:00+00:00,21391.25,21394.5,21380.25,21382.25,1064.0
2025-05-29 16:12:00+00:00,21390.75,21393.25,21385.0,21390.0,648.0
2025-05-29 16:13:00+00:00,21381.0,21398.5,21380.0,21390.75,753.0
2025-05-29 16:14:00+00:00,21406.25,21409.25,21379.5,21381.25,1314.0
2025-05-29 16:15:00+00:00,21417.0,21418.5,21405.5,21405.75,1149.0
2025-05-29 16:16:00+00:00,21423.0,21426.0,21411.25,21416.75,850.0
2025-05-29 16:17:00+00:00,21412.5,21429.5,21412.25,21423.0,1025.0
2025-05-29 16:18:00+00:00,21416.0,21423.75,21412.0,21413.25,474.0
2025-05-29 16:19:00+00:00,21422.75,21429.0,21416.25,21416.25,810.0
2025-05-29 16:20:00+00:00,21423.5,21430.25,21419.5,21422.5,855.0
2025-05-29 16:21:00+00:00,21420.75,21431.0,21415.0,21423.25,859.0
2025-05-29 16:22:00+00:00,21417.75,21426.0,21406.5,21420.25,999.0
2025-05-29 16:23:00+00:00,21427.25,21429.0,21414.0,21417.0,846.0
2025-05-29 16:24:00+00:00,21423.75,21433.5,21422.0,21426.75,702.0
2025-05-29 16:25:00+00:00,21423.25,21429.5,21415.0,21423.5,510.0
2025-05-29 16:26:00+00:00,21423.5,21425.5,21416.0,21422.25,470.0
2025-05-29 16:27:00+00:00,21421.0,21425.5,21417.0,21424.5,418.0
2025-05-29 16:28:00+00:00,21433.5,21434.25,21414.5,21418.75,776.0
2025-05-29 16:29:00+00:00,21426.0,21439.0,21426.0,21433.75,891.0
2025-05-29 16:30:00+00:00,21438.0,21441.75,21423.75,21426.25,863.0
2025-05-29 16:31:00+00:00,21437.25,21445.25,21433.25,21438.5,730.0
2025-05-29 16:32:00+00:00,21431.0,21439.75,21430.25,21436.5,364.0
2025-05-29 16:33:00+00:00,21426.0,21435.5,21425.5,21430.5,344.0
2025-05-29 16:34:00+00:00,21436.25,21439.75,21425.0,21425.5,488.0
2025-05-29 16:35:00+00:00,21437.5,21438.5,21429.75,21435.0,358.0
2025-05-29 16:36:00+00:00,21442.75,21456.0,21435.5,21436.5,1497.0
2025-05-29 16:37:00+00:00,21434.0,21449.0,21429.0,21443.25,687.0
2025-05-29 16:38:00+00:00,21435.0,21439.5,21430.25,21433.5,313.0
2025-05-29 16:39:00+00:00,21439.25,21444.25,21433.5,21434.75,477.0
2025-05-29 16:40:00+00:00,21445.25,21448.0,21439.0,21439.5,608.0
2025-05-29 16:41:00+00:00,21445.5,21451.5,21442.0,21445.0,462.0
2025-05-29 16:42:00+00:00,21446.0,21456.0,21443.0,21445.5,778.0
2025-05-29 16:43:00+00:00,21445.5,21448.5,21437.0,21446.25,502.0
2025-05-29 16:44:00+00:00,21448.75,21454.0,21445.25,21445.25,382.0
2025-05-29 16:45:00+00:00,21453.0,21457.0,21449.75,21449.75,476.0
2025-05-29 16:46:00+00:00,21449.25,21454.75,21443.0,21453.0,529.0
2025-05-29 16:47:00+00:00,21447.25,21452.5,21445.25,21448.75,305.0
2025-05-29 16:48:00+00:00,21437.5,21450.0,21437.25,21448.25,388.0
2025-05-29 16:49:00+00:00,21433.25,21440.25,21433.25,21438.0,618.0
2025-05-29 16:50:00+00:00,21435.5,21441.75,21430.75,21433.25,635.0
2025-05-29 16:51:00+00:00,21433.0,21439.5,21429.25,21435.75,470.0
2025-05-29 16:52:00+00:00,21440.25,21441.5,21426.0,21434.0,584.0
2025-05-29 16:53:00+00:00,21441.0,21442.0,21433.75,21440.0,389.0
2025-05-29 16:54:00+00:00,21444.5,21446.5,21437.5,21440.25,407.0
2025-05-29 16:55:00+00:00,21444.75,21448.0,21441.5,21443.0,492.0
2025-05-29 16:56:00+00:00,21441.75,21445.75,21434.0,21444.5,493.0
2025-05-29 16:57:00+00:00,21465.0,21467.75,21440.75,21441.75,1751.0
2025-05-29 16:58:00+00:00,21466.0,21471.5,21462.0,21465.0,1156.0
2025-05-29 16:59:00+00:00,21456.25,21467.75,21456.0,21466.0,862.0
2025-05-29 17:00:00+00:00,21466.5,21466.5,21452.0,21455.25,903.0
2025-05-29 17:01:00+00:00,21466.75,21470.0,21459.75,21466.5,615.0
2025-05-29 17:02:00+00:00,21469.75,21485.0,21465.0,21466.75,1458.0
2025-05-29 17:03:00+00:00,21459.25,21474.0,21457.0,21470.0,778.0
2025-05-29 17:04:00+00:00,21454.25,21462.5,21453.25,21458.0,538.0
2025-05-29 17:05:00+00:00,21457.25,21460.75,21453.25,21454.0,395.0
2025-05-29 17:06:00+00:00,21445.25,21458.75,21442.0,21456.25,545.0
2025-05-29 17:07:00+00:00,21449.25,21452.0,21439.75,21445.5,621.0
2025-05-29 17:08:00+00:00,21458.0,21459.0,21448.75,21450.25,313.0
2025-05-29 17:09:00+00:00,21448.5,21457.75,21442.5,21457.0,373.0
2025-05-29 17:10:00+00:00,21453.0,21455.75,21443.75,21448.0,435.0
2025-05-29 17:11:00+00:00,21452.75,21460.0,21448.0,21453.75,394.0
2025-05-29 17:12:00+00:00,21456.0,21458.5,21452.75,21453.25,266.0
2025-05-29 17:13:00+00:00,21452.0,21457.75,21449.0,21456.0,321.0
2025-05-29 17:14:00+00:00,21448.0,21457.25,21444.0,21452.75,360.0
2025-05-29 17:15:00+00:00,21441.0,21452.25,21436.5,21448.5,628.0
2025-05-29 17:16:00+00:00,21443.5,21447.25,21436.5,21440.5,552.0
2025-05-29 17:17:00+00:00,21431.0,21443.25,21421.75,21443.25,1014.0
2025-05-29 17:18:00+00:00,21432.5,21434.25,21425.75,21431.25,654.0
2025-05-29 17:19:00+00:00,21431.0,21434.25,21418.25,21433.5,711.0
2025-05-29 17:20:00+00:00,21428.0,21437.5,21423.5,21430.5,743.0
2025-05-29 17:21:00+00:00,21449.5,21452.25,21426.75,21427.75,886.0
2025-05-29 17:22:00+00:00,21435.75,21451.75,21430.75,21451.0,720.0
2025-05-29 17:23:00+00:00,21430.25,21437.0,21427.25,21434.75,380.0
2025-05-29 17:24:00+00:00,21429.5,21434.75,21429.0,21430.25,375.0
2025-05-29 17:25:00+00:00,21414.0,21434.0,21411.5,21430.75,691.0
2025-05-29 17:26:00+00:00,21427.0,21427.5,21408.75,21413.5,835.0
2025-05-29 17:27:00+00:00,21423.25,21427.25,21414.5,21427.25,590.0
2025-05-29 17:28:00+00:00,21412.5,21427.5,21410.25,21422.75,444.0
2025-05-29 17:29:00+00:00,21416.0,21421.5,21411.0,21413.5,481.0
2025-05-29 17:30:00+00:00,21427.0,21427.25,21410.0,21415.75,716.0
2025-05-29 17:31:00+00:00,21429.75,21437.5,21421.25,21427.0,641.0
2025-05-29 17:32:00+00:00,21428.0,21432.0,21421.0,21428.0,374.0
2025-05-29 17:33:00+00:00,21425.75,21432.5,21423.5,21427.75,331.0
2025-05-29 17:34:00+00:00,21419.75,21426.25,21413.75,21426.25,600.0
2025-05-29 17:35:00+00:00,21429.5,21431.0,21417.75,21419.5,511.0
2025-05-29 17:36:00+00:00,21407.75,21433.5,21404.0,21429.75,894.0
2025-05-29 17:37:00+00:00,21409.75,21413.0,21400.25,21408.75,778.0
2025-05-29 17:38:00+00:00,21404.25,21412.75,21403.5,21410.25,410.0
2025-05-29 17:39:00+00:00,21413.5,21418.25,21404.75,21404.75,481.0
2025-05-29 17:40:00+00:00,21424.0,21425.75,21408.75,21413.0,617.0
2025-05-29 17:41:00+00:00,21433.5,21435.5,21421.0,21423.5,917.0
2025-05-29 17:42:00+00:00,21421.5,21435.5,21416.0,21433.75,850.0
2025-05-29 17:43:00+00:00,21409.25,21423.75,21408.75,21420.75,448.0
2025-05-29 17:44:00+00:00,21407.25,21419.25,21403.5,21409.75,603.0
2025-05-29 17:45:00+00:00,21410.5,21418.5,21404.25,21408.0,670.0
2025-05-29 17:46:00+00:00,21410.75,21415.0,21401.0,21410.75,655.0
2025-05-29 17:47:00+00:00,21408.75,21414.25,21404.75,21410.25,317.0
2025-05-29 17:48:00+00:00,21391.0,21410.0,21388.25,21408.25,989.0
2025-05-29 17:49:00+00:00,21378.5,21390.5,21375.0,21390.25,1187.0
2025-05-29 17:50:00+00:00,21385.5,21386.5,21376.0,21377.75,720.0
2025-05-29 17:51:00+00:00,21394.25,21403.0,21384.0,21387.0,875.0
2025-05-29 17:52:00+00:00,21398.25,21402.0,21393.5,21394.75,393.0
2025-05-29 17:53:00+00:00,21399.5,21403.0,21391.5,21397.5,401.0
2025-05-29 17:54:00+00:00,21390.25,21401.5,21388.0,21399.5,453.0
2025-05-29 17:55:00+00:00,21385.75,21390.25,21376.0,21389.5,952.0
2025-05-29 17:56:00+00:00,21373.25,21388.0,21372.25,21385.25,985.0
2025-05-29 17:57:00+00:00,21371.25,21377.0,21368.0,21373.5,864.0
2025-05-29 17:58:00+00:00,21374.75,21380.5,21371.25,21371.5,594.0
2025-05-29 17:59:00+00:00,21372.25,21379.0,21370.25,21375.0,347.0
2025-05-29 18:00:00+00:00,21388.5,21389.25,21369.25,21373.0,787.0
2025-05-29 18:01:00+00:00,21381.25,21388.5,21372.75,21388.5,604.0
2025-05-29 18:02:00+00:00,21375.0,21382.75,21372.5,21379.75,401.0
2025-05-29 18:03:00+00:00,21377.0,21381.5,21369.75,21376.25,396.0
2025-05-29 18:04:00+00:00,21386.5,21386.5,21376.5,21377.0,422.0
2025-05-29 18:05:00+00:00,21396.0,21399.0,21381.75,21385.0,829.0
2025-05-29 18:06:00+00:00,21395.0,21402.25,21391.0,21395.75,621.0
2025-05-29 18:07:00+00:00,21400.25,21401.0,21392.0,21394.75,426.0
2025-05-29 18:08:00+00:00,21396.5,21405.0,21394.5,21401.25,559.0
2025-05-29 18:09:00+00:00,21392.5,21399.0,21388.25,21396.5,592.0
2025-05-29 18:10:00+00:00,21389.25,21398.5,21387.75,21392.5,569.0
2025-05-29 18:11:00+00:00,21391.25,21394.25,21385.5,21388.75,285.0
2025-05-29 18:12:00+00:00,21388.25,21392.0,21384.0,21391.0,247.0
2025-05-29 18:13:00+00:00,21401.0,21401.25,21379.25,21388.5,728.0
2025-05-29 18:14:00+00:00,21394.5,21404.25,21394.0,21400.75,517.0
2025-05-29 18:15:00+00:00,21390.25,21400.75,21387.5,21395.0,482.0
2025-05-29 18:16:00+00:00,21380.75,21396.25,21380.5,21390.5,379.0
2025-05-29 18:17:00+00:00,21372.25,21380.25,21368.75,21379.75,1010.0
2025-05-29 18:18:00+00:00,21358.5,21372.25,21348.0,21372.25,1455.0
2025-05-29 18:19:00+00:00,21348.0,21358.25,21346.0,21358.25,616.0
2025-05-29 18:20:00+00:00,21341.0,21348.75,21330.5,21348.75,1457.0
2025-05-29 18:21:00+00:00,21330.25,21341.5,21328.75,21341.0,612.0
2025-05-29 18:22:00+00:00,21337.75,21337.75,21322.5,21330.75,1059.0
2025-05-29 18:23:00+00:00,21345.25,21352.5,21336.25,21337.0,913.0
2025-05-29 18:24:00+00:00,21331.25,21345.25,21328.5,21344.75,795.0
2025-05-29 18:25:00+00:00,21334.5,21339.0,21328.5,21332.25,540.0
2025-05-29 18:26:00+00:00,21346.25,21347.75,21333.0,21335.0,613.0
2025-05-29 18:27:00+00:00,21318.0,21349.0,21317.25,21346.25,1332.0
2025-05-29 18:28:00+00:00,21338.25,21339.0,21317.5,21318.0,794.0
2025-05-29 18:29:00+00:00,21330.5,21339.25,21328.0,21338.25,623.0
2025-05-29 18:30:00+00:00,21346.5,21348.25,21329.75,21330.0,1081.0
2025-05-29 18:31:00+00:00,21348.0,21353.75,21340.0,21347.25,894.0
2025-05-29 18:32:00+00:00,21358.75,21362.0,21348.25,21348.5,598.0
2025-05-29 18:33:00+00:00,21359.75,21363.0,21353.25,21359.75,559.0
2025-05-29 18:34:00+00:00,21364.0,21367.0,21359.5,21360.25,661.0
2025-05-29 18:35:00+00:00,21368.75,21370.5,21362.25,21364.5,459.0
2025-05-29 18:36:00+00:00,21380.0,21382.0,21368.0,21369.5,868.0
2025-05-29 18:37:00+00:00,21378.5,21382.25,21370.5,21379.75,565.0
2025-05-29 18:38:00+00:00,21370.75,21379.0,21369.5,21378.5,413.0
2025-05-29 18:39:00+00:00,21379.75,21382.75,21371.25,21371.5,420.0
2025-05-29 18:40:00+00:00,21380.25,21382.25,21374.25,21380.25,473.0
2025-05-29 18:41:00+00:00,21372.75,21388.0,21372.25,21380.75,672.0
2025-05-29 18:42:00+00:00,21378.5,21380.25,21369.75,21373.75,419.0
2025-05-29 18:43:00+00:00,21384.25,21384.5,21375.5,21377.75,352.0
2025-05-29 18:44:00+00:00,21380.25,21389.5,21378.25,21384.0,549.0
2025-05-29 18:45:00+00:00,21388.5,21391.25,21379.0,21380.25,401.0
2025-05-29 18:46:00+00:00,21388.75,21394.5,21386.75,21389.25,501.0
2025-05-29 18:47:00+00:00,21381.5,21388.5,21375.5,21388.0,521.0
2025-05-29 18:48:00+00:00,21377.75,21382.0,21371.75,21381.5,569.0
2025-05-29 18:49:00+00:00,21372.0,21378.25,21371.25,21378.25,262.0
2025-05-29 18:50:00+00:00,21385.75,21391.25,21373.0,21373.0,814.0
2025-05-29 18:51:00+00:00,21382.5,21388.75,21379.75,21386.25,360.0
2025-05-29 18:52:00+00:00,21393.0,21396.0,21381.0,21382.25,679.0
2025-05-29 18:53:00+00:00,21388.5,21395.25,21386.0,21392.5,423.0
2025-05-29 18:54:00+00:00,21387.0,21389.5,21382.25,21388.5,298.0
2025-05-29 18:55:00+00:00,21394.75,21396.0,21384.75,21386.5,375.0
2025-05-29 18:56:00+00:00,21395.75,21398.75,21393.5,21395.5,399.0
2025-05-29 18:57:00+00:00,21379.75,21396.5,21379.25,21396.5,527.0
2025-05-29 18:58:00+00:00,21361.0,21382.5,21355.5,21380.75,2228.0
2025-05-29 18:59:00+00:00,21362.75,21367.0,21347.0,21361.5,1476.0
2025-05-29 19:00:00+00:00,21372.25,21380.0,21357.0,21363.0,1087.0
2025-05-29 19:01:00+00:00,21375.0,21383.5,21367.5,21373.25,756.0
2025-05-29 19:02:00+00:00,21375.5,21379.0,21370.75,21376.5,363.0
2025-05-29 19:03:00+00:00,21378.25,21380.25,21369.25,21375.0,383.0
2025-05-29 19:04:00+00:00,21381.25,21388.25,21377.25,21378.5,609.0
2025-05-29 19:05:00+00:00,21377.75,21383.0,21370.0,21382.0,585.0
2025-05-29 19:06:00+00:00,21355.75,21380.25,21344.0,21377.5,1827.0
2025-05-29 19:07:00+00:00,21353.75,21362.0,21344.25,21355.5,1398.0
2025-05-29 19:08:00+00:00,21350.5,21358.75,21343.75,21354.25,939.0
2025-05-29 19:09:00+00:00,21357.5,21359.75,21350.0,21350.0,509.0
2025-05-29 19:10:00+00:00,21353.75,21362.75,21352.5,21357.5,527.0
2025-05-29 19:11:00+00:00,21353.0,21353.5,21344.0,21353.0,674.0
2025-05-29 19:12:00+00:00,21346.25,21363.0,21345.0,21353.0,668.0
2025-05-29 19:13:00+00:00,21361.0,21363.5,21341.5,21346.0,957.0
2025-05-29 19:14:00+00:00,21347.0,21363.5,21345.75,21361.25,520.0
2025-05-29 19:15:00+00:00,21351.0,21354.5,21338.5,21345.5,1120.0
2025-05-29 19:16:00+00:00,21358.0,21358.75,21344.75,21350.75,583.0
2025-05-29 19:17:00+00:00,21360.75,21362.0,21352.0,21357.25,447.0
2025-05-29 19:18:00+00:00,21372.75,21373.5,21361.5,21362.0,806.0
2025-05-29 19:19:00+00:00,21374.5,21378.25,21369.5,21373.25,690.0
2025-05-29 19:20:00+00:00,21385.75,21390.0,21372.0,21374.0,1148.0
2025-05-29 19:21:00+00:00,21390.5,21394.5,21385.0,21385.75,682.0
2025-05-29 19:22:00+00:00,21388.25,21391.0,21383.0,21390.25,462.0
2025-05-29 19:23:00+00:00,21403.75,21404.0,21385.5,21387.25,1081.0
2025-05-29 19:24:00+00:00,21397.0,21404.75,21394.5,21402.75,562.0
2025-05-29 19:25:00+00:00,21404.75,21405.0,21393.25,21396.25,532.0
2025-05-29 19:26:00+00:00,21392.75,21408.25,21390.5,21405.0,693.0
2025-05-29 19:27:00+00:00,21375.5,21391.5,21374.25,21391.25,741.0
2025-05-29 19:28:00+00:00,21374.75,21379.75,21371.5,21375.0,753.0
2025-05-29 19:29:00+00:00,21371.0,21376.5,21365.75,21374.75,476.0
2025-05-29 19:30:00+00:00,21383.75,21387.25,21369.75,21370.0,930.0
2025-05-29 19:31:00+00:00,21382.5,21388.25,21381.25,21383.75,424.0
2025-05-29 19:32:00+00:00,21382.25,21383.5,21374.75,21381.0,491.0
2025-05-29 19:33:00+00:00,21380.25,21386.25,21376.75,21382.75,462.0
2025-05-29 19:34:00+00:00,21382.0,21383.25,21377.75,21379.75,295.0
2025-05-29 19:35:00+00:00,21377.75,21384.5,21376.75,21381.75,225.0
2025-05-29 19:36:00+00:00,21381.5,21386.0,21371.75,21377.75,471.0
2025-05-29 19:37:00+00:00,21380.5,21387.25,21377.25,21382.75,315.0
2025-05-29 19:38:00+00:00,21378.75,21382.0,21372.5,21378.75,341.0
2025-05-29 19:39:00+00:00,21376.5,21380.75,21374.25,21378.25,312.0
2025-05-29 19:40:00+00:00,21393.75,21397.75,21376.25,21376.25,804.0
2025-05-29 19:41:00+00:00,21394.0,21396.25,21385.5,21394.25,492.0
2025-05-29 19:42:00+00:00,21389.0,21396.25,21387.5,21393.5,390.0
2025-05-29 19:43:00+00:00,21384.5,21392.25,21382.5,21388.25,427.0
2025-05-29 19:44:00+00:00,21386.5,21388.0,21380.5,21384.25,324.0
2025-05-29 19:45:00+00:00,21398.75,21399.5,21383.75,21386.25,524.0
2025-05-29 19:46:00+00:00,21410.25,21412.75,21394.0,21398.75,932.0
2025-05-29 19:47:00+00:00,21412.5,21413.0,21399.0,21411.0,1044.0
2025-05-29 19:48:00+00:00,21398.0,21424.75,21396.5,21412.75,1497.0
2025-05-29 19:49:00+00:00,21414.25,21414.5,21394.75,21397.75,1055.0
2025-05-29 19:50:00+00:00,21427.5,21447.25,21414.0,21414.0,2703.0
2025-05-29 19:51:00+00:00,21414.75,21430.5,21402.25,21427.5,1652.0
2025-05-29 19:52:00+00:00,21406.75,21422.0,21400.5,21414.5,983.0
2025-05-29 19:53:00+00:00,21381.25,21413.5,21380.5,21408.0,1603.0
2025-05-29 19:54:00+00:00,21391.5,21393.25,21372.75,21381.5,2313.0
2025-05-29 19:55:00+00:00,21398.0,21409.75,21385.75,21391.75,2364.0
2025-05-29 19:56:00+00:00,21406.75,21414.25,21395.75,21398.25,1099.0
2025-05-29 19:57:00+00:00,21410.25,21416.5,21403.25,21405.5,1143.0
2025-05-29 19:58:00+00:00,21417.25,21419.75,21410.0,21410.0,1068.0
2025-05-29 19:59:00+00:00,21411.75,21418.0,21393.0,21417.0,4964.0
2025-05-29 20:00:00+00:00,21402.75,21427.5,21397.75,21411.5,2799.0
2025-05-29 20:01:00+00:00,21410.25,21414.5,21401.75,21403.25,666.0
2025-05-29 20:02:00+00:00,21404.25,21411.0,21402.75,21410.0,456.0
2025-05-29 20:03:00+00:00,21398.5,21405.25,21393.5,21404.25,812.0
2025-05-29 20:04:00+00:00,21393.25,21401.5,21392.75,21397.5,293.0
2025-05-29 20:05:00+00:00,21376.25,21397.0,21376.25,21392.75,958.0
2025-05-29 20:06:00+00:00,21375.5,21383.0,21367.5,21375.5,633.0
2025-05-29 20:07:00+00:00,21375.0,21377.25,21369.5,21375.5,326.0
2025-05-29 20:08:00+00:00,21377.75,21378.5,21372.75,21375.75,245.0
2025-05-29 20:09:00+00:00,21387.5,21387.75,21376.75,21377.5,499.0
2025-05-29 20:10:00+00:00,21390.75,21394.25,21384.5,21387.25,489.0
2025-05-29 20:11:00+00:00,21387.0,21398.75,21386.25,21391.75,405.0
2025-05-29 20:12:00+00:00,21387.5,21389.5,21382.25,21387.0,263.0
2025-05-29 20:13:00+00:00,21384.5,21391.75,21384.25,21387.0,178.0
2025-05-29 20:14:00+00:00,21380.25,21389.0,21380.0,21385.0,392.0
2025-05-29 20:15:00+00:00,21392.75,21394.0,21379.25,21379.25,329.0
2025-05-29 20:16:00+00:00,21387.75,21394.75,21387.25,21392.5,191.0
2025-05-29 20:17:00+00:00,21391.0,21393.0,21386.5,21387.75,92.0
2025-05-29 20:18:00+00:00,21397.0,21398.0,21391.5,21391.5,104.0
2025-05-29 20:19:00+00:00,21405.25,21405.25,21396.75,21398.0,133.0
2025-05-29 20:20:00+00:00,21401.5,21407.25,21400.25,21405.0,140.0
2025-05-29 20:21:00+00:00,21398.5,21402.75,21397.75,21401.25,122.0
2025-05-29 20:22:00+00:00,21395.75,21402.25,21393.0,21399.75,150.0
2025-05-29 20:23:00+00:00,21395.75,21400.0,21395.75,21396.0,86.0
2025-05-29 20:24:00+00:00,21397.75,21399.25,21394.75,21396.0,94.0
2025-05-29 20:25:00+00:00,21404.25,21404.25,21398.0,21398.0,142.0
2025-05-29 20:26:00+00:00,21407.75,21408.25,21403.5,21404.25,142.0
2025-05-29 20:27:00+00:00,21403.25,21408.75,21402.25,21408.25,143.0
2025-05-29 20:28:00+00:00,21406.75,21406.75,21401.75,21403.25,118.0
2025-05-29 20:29:00+00:00,21407.25,21408.75,21405.5,21406.5,97.0
2025-05-29 20:30:00+00:00,21408.5,21409.0,21406.0,21407.75,137.0
2025-05-29 20:31:00+00:00,21413.75,21414.5,21409.0,21409.0,161.0
2025-05-29 20:32:00+00:00,21410.25,21417.5,21410.25,21413.75,140.0
2025-05-29 20:33:00+00:00,21411.25,21412.5,21409.5,21410.0,68.0
2025-05-29 20:34:00+00:00,21408.0,21411.5,21405.5,21411.25,80.0
2025-05-29 20:35:00+00:00,21403.25,21410.0,21402.25,21407.75,103.0
2025-05-29 20:36:00+00:00,21403.5,21407.0,21403.25,21403.25,72.0
2025-05-29 20:37:00+00:00,21407.75,21407.75,21403.0,21404.25,77.0
2025-05-29 20:38:00+00:00,21407.5,21408.5,21405.75,21407.5,210.0
2025-05-29 20:39:00+00:00,21409.0,21412.25,21406.75,21407.75,92.0
2025-05-29 20:40:00+00:00,21406.5,21410.0,21405.25,21410.0,54.0
2025-05-29 20:41:00+00:00,21405.5,21407.5,21405.0,21406.75,54.0
2025-05-29 20:42:00+00:00,21398.0,21406.0,21397.5,21405.75,120.0
2025-05-29 20:43:00+00:00,21396.25,21399.75,21394.75,21398.0,80.0
2025-05-29 20:44:00+00:00,21396.5,21398.5,21395.25,21395.75,75.0
2025-05-29 20:45:00+00:00,21395.25,21398.25,21392.75,21397.5,149.0
2025-05-29 20:46:00+00:00,21393.25,21396.0,21392.5,21395.5,103.0
2025-05-29 20:47:00+00:00,21389.25,21395.5,21387.75,21393.0,224.0
2025-05-29 20:48:00+00:00,21389.5,21392.25,21389.5,21389.5,86.0
2025-05-29 20:49:00+00:00,21387.25,21390.75,21387.25,21389.25,35.0
2025-05-29 20:50:00+00:00,21390.0,21391.75,21386.75,21386.75,157.0
2025-05-29 20:51:00+00:00,21384.5,21390.25,21384.5,21390.25,117.0
2025-05-29 20:52:00+00:00,21383.5,21386.25,21380.5,21384.5,219.0
2025-05-29 20:53:00+00:00,21379.0,21384.25,21377.5,21383.25,169.0
2025-05-29 20:54:00+00:00,21381.5,21381.5,21378.75,21378.75,93.0
2025-05-29 20:55:00+00:00,21382.25,21383.5,21378.5,21379.5,110.0
2025-05-29 20:56:00+00:00,21382.0,21384.75,21381.0,21382.0,110.0
2025-05-29 20:57:00+00:00,21381.5,21383.25,21380.0,21382.25,123.0
2025-05-29 20:58:00+00:00,21381.25,21385.75,21380.75,21381.75,74.0
2025-05-29 20:59:00+00:00,21385.0,21385.0,21385.0,21385.0,0.0
